NAME	LEN	DEPTH	TIME	TP	FP	FN	PRC	RCL	FS	DBN	PRED
RF01380	19	22	0.915	7	0	0	1.0	1.0	1.0	(((((((....))).))))	(((((((....))).))))
RF00390	23	6	1.394	7	0	0	1.0	1.0	1.0	.[[[....((((]]]....))))	.[[[....((((]]]....))))
RF01381	24	19	1.88	5	0	0	1.0	1.0	1.0	...(((((.....)))))......	...(((((.....)))))......
RF02253	32	30	2.384	12	0	1	1.0	0.923	0.96	(((((((.((((((...).)).))))))))))	(((((((.(((((......)).))))))))))
RF02519	34	5	2.872	4	7	3	0.364	0.571	0.444	.....[[[...((((.]]].....))))......	...((..(((.((((.((....))))))))))).
RF01344	36	5	3.37	8	3	0	0.727	1.0	0.842	((((((((....................))))))))	((((((((..........(((....)))))))))))
RF02359	36	5	3.878	6	2	1	0.75	0.857	0.8	.................(((((.((....)))))))	.............[[..(((((.(]]....))))))
RF01357	37	3	4.371	2	10	8	0.167	0.2	0.182	(((.(((.((((............)))).))).))).	((..[[..[[[[.))]]]].......((((]].))))
RF01330	37	6	4.881	7	5	0	0.583	1.0	0.737	.....(((((((......)))))))............	.....(((((((([[..))))))))..((]].))...
RF00037	38	62	5.405	13	2	2	0.867	0.867	0.867	((.(.(((((.(.((((((...).))))))))))))))	((.(.((((([[.(((((]]....))))).))))))))
RF00500	46	5	5.907	5	10	7	0.333	0.417	0.37	((((.(((((......(((....))).......))))).))))...	(((..[[[[[......)))...(((((.{{...]]]]].)))))}}
RF00164	47	39	6.443	5	11	7	0.312	0.417	0.357	...(((((....(((.((((......))..))..)))...)))))..	..(((((([[[(((...)))..((.((..]]]...)))).)))))).
RF00032	47	46	6.971	6	0	0	1.0	1.0	1.0	.....((((((....))))))..........................	.....((((((....))))))..........................
RF00175	47	70	7.509	11	0	0	1.0	1.0	1.0	....(((.(.((((((.(............)))))))...))).)..	....(((.(.((((((.(............)))))))...))).)..
RF00207	48	10	8.014	18	1	0	0.947	1.0	0.973	(((((.(((((((((((((........))))))).))).))).)))))	(((((((((((((((((((........))))))).))).)))))))))
RF00480	52	145	8.602	10	9	0	0.526	1.0	0.69	...............((((((((((......))))))))))...........	......(((((((.((((((((((((....))))))))))))...)))))))
RF01727	54	54	9.148	10	2	4	0.833	0.714	0.769	....(((((((..(([[[.[[))..))))).))...............]]]]].	....(((((((....[[[[[.....))))).))...............]]]]].
RF01047	61	33	9.683	24	0	1	1.0	0.96	0.98	(((((((((((((......((((((((((((...).)))))).))))))))))))))))))	(((((((((((((......(((((((((((......)))))).))))))))))))))))))
RF00250	61	45	10.241	16	7	8	0.696	0.667	0.681	((((.(((((((((((.(((((...((((......))))))))))))))))))))))))..	([[[[[((((((((]]]]](((...((((...[[.)))))))....))))))))..]])..
RF00382	65	5	10.737	6	11	5	0.353	0.545	0.429	...............................((((((.(((((.....))).)).))))))....	....[[[[.....((.............)).((((((.(({{{.]]]]..))}}}))))))....
RF00505	66	5	11.235	16	1	0	0.941	1.0	0.97	...........[[[[[[[.......(((((((((.]]]]]]]........))))))))).......	...........[[[[[[[.......((((((((((]]]]]]].......)))))))))).......
RF01073	67	8	11.745	10	8	7	0.556	0.588	0.571	.......(((.((((.((((..[[[[[[)))).))))..))).............]]]]]]......	......[[.{.[[[[.[....((((((((((}]]]]])))....]].........))))))).....
RF01826	69	7	12.234	10	4	2	0.714	0.833	0.769	.........[[[[..............((((((]]]].((.....))....)))).))...........	.....[...[[[[........(((.....((((]]]].((.....))]...)))).........)))..
RF00522	70	36	12.748	5	0	2	1.0	0.714	0.833	.....(((((....[[..........)))))..............................]].......	.....(((((................))))).......................................
RF00066	75	49	13.281	11	6	0	0.647	1.0	0.786	....................................(((((.(((..(((......)))..))).))..)))...	............(((.....(((.....))))))..(((((.(((..(((......)))..))).))..)))...
RF02796	76	5	13.782	16	7	5	0.696	0.762	0.727	(((((((((.......(((((((..((....(((....)))..)).....)))))))......)))))))))....	(((((((((.......((((((([[[[[..................{{..))))))).]]]]])))))))))}}..
RF00240	77	16	14.285	16	6	4	0.727	0.8	0.762	..((((((((((((((.((......................((((....))))..)).)))))))))))))).....	[[((((((((((((((.(((..(...................]].......)[[))).)))))))))))))).]]..
RF01415	77	20	14.817	22	5	0	0.815	1.0	0.898	....(((((((((((((....))))).((((..........))))..)))))..)))....(((((.....))))).	....(((((((((((((....))))).(((((([[.[.)).))))..)))))..))).]]](((((.....))))).
RF02340	78	11	15.32	16	11	5	0.593	0.762	0.667	...(((((((((((((.((((.(....(((.....))...).....)))...........)).)))))).))))))).	..((((((((((((((...((.(([[[(((....)))...).....)))(((.]...]]))).)))))).))))))))
RF00622	78	12	15.832	20	8	3	0.714	0.87	0.784	............(((((...[[[[[[[(((..[....))).))))).].(((((((....)))))))....]]]]]]]	........[[.[[[[[[[..((((((([..(.....(((]]]]]]]]]](((((((....))))))))))))))))))
RF00507	81	50	16.363	14	10	10	0.583	0.583	0.583	.......((((((((.....(([[[[[)).))))))))..((.((((.(((....))))).)).))......]]]]]....	...((((((((((((((...[[[[[[[.))))))))))))...)).(((.......))).............]]]]]]]..
RF00254	82	12	16.883	19	6	0	0.76	1.0	0.864	....(((...((((((((...((((((((.......................))))))))....))))))))...)))....	....(((((((((((((((..((((((((.....................[[))))))))...)))))))))))))))]]..
RF00525	84	111	17.465	19	3	0	0.864	1.0	0.927	.(((((((.......((((((((............)).))))).)......))......((((......)))))))))......	((((((((.......((((((((............)).))))).)......)).[[...((((]]....)))))))))).....
RF01763	85	41	17.99	16	2	1	0.889	0.941	0.914	.....(((((.............)))))....[[[[.......((...(((((.(]]]].......).......)))).)))...	...(((((((.............)))))..))[[[[.......((...(((((..]]]]...............)))).)))...
RF00008	85	85	18.53	16	1	1	0.941	0.941	0.941	(((((((..(((((.........)))))(....).((((................................))))...)))))))	(((((((..(((((.........))))).......(((((..............................)))))...)))))))
RF02095	87	21	19.056	32	2	0	0.941	1.0	0.97	((((.....(((((.((.((((((((((.(((((((((((.......))))))))))).)))))))))).)).))))).....))))	((((....((((((.(((((((((((((.(((((((((((.......))))))))))).))))))))))))).))))))....))))
RF02679	89	45	19.586	21	5	1	0.808	0.955	0.875	((((..[[[[[.)))).........((((......]]]]].....(((((((((....................)))))))))..))))	[[[[.(((((((]]]].(((......[[[).)).)))))).)...(((((((((....................)))))))))..]]].
RF00233	92	28	20.117	23	6	0	0.793	1.0	0.885	.....(((((......))))).((((((.......))))))......((.((.......))))[[.[....(((((].]]...)))))....	.....(((((.[[[[.)))))(((((((.......))))))).....((.((...]]]]))))[[.[...((((((].]]...))))))...
RF00031	93	61	20.657	18	0	0	1.0	1.0	1.0	(.((((...........((((((((((.......(((......)))...........)))))).).).))..................)))))	(.((((...........((((((((((.......(((......)))...........)))))).).).))..................)))))
RF00027	95	64	21.212	30	1	2	0.968	0.938	0.952	((((((.((((((((((((((((.((((.....((((.............))))...((....))...)))))))))))))))))))).))))))	((((((.((((((((((((((((.(((((....((((.............)))).............))))))))))))))))))))).))))))
RF04222	96	44	21.738	11	1	6	0.917	0.647	0.759	..(((((..{((((((...................[[[[[...}..)).)))).)).))).........................]]]]]......	......(...((((((...................[[[[[......)).))))..).............................]]]]]......
RF00375	101	130	22.411	15	13	3	0.536	0.833	0.652	(((((((..((((((((...............................))))))))........(((.....)))...................)))))))	(((((((..(((((((([[[[.((.........{{)..)[[.......))))))))......(((....]]]]]]}}......)))........)))))))
RF00957	102	12	22.942	20	9	13	0.69	0.606	0.645	....((((.((((((((.((....((((((((((((((((.(((...........))).)))))..))))))))).))..))..))))).))))))).....	.(((((((.((((((((.........((((((((((((((................)))))).....)))))))).........))))).))))))))))..
RF01704	102	628	23.791	18	1	0	0.947	1.0	0.973	...[[[[[.(((((............................................)))))...........(((((.(((...]]]]]..)).))))))	..[[[[[[.(((((............................................)))))...........(((((.(((...]]]]]].)).))))))
RF00374	103	22	24.337	30	7	2	0.811	0.938	0.87	..(.(..((((((....))))))..).)......((((..(((.(((((((((....)))))....)))))))))))..((.((((((....)))))).))..	.[[.(((((((((....)))))).....)))...((((..(((.(((((((((..{{)))))....)))))))))))..((.((((((]]}})))))).))..
RF02680	105	31	24.889	28	10	2	0.737	0.933	0.824	[[[[......((((((...]]]]((((.(((((........)))))))))....((((.(((((((.......))))))).).)))..))))))...........	{..[......(((((((..][[}((((.(((((........)))))))))....((((.((((((([[[[[[[))))))).).))).)))))))..]]]]]]]]]
RF00106	108	10	25.413	31	6	5	0.838	0.861	0.849	.......((((((((.(((.......)))))).)))))..((((((((((((.....)).))))))))))..(((((((.((((((.......))))))))).)))).	......(((((((((.(((.......)))))).)))))).(((((((.((((....).).)).)))))))..((((((((((((((.......)))))))))))))).
RF02348	110	35	25.952	7	15	0	0.318	1.0	0.483	.....................................................................................(((((((....))).))))......	((((((....[[[)....)))))....{...(.((((..]]]...}..................)).)))...............(((((((....))).))))......
RF01689	112	146	26.593	19	8	5	0.704	0.792	0.745	((((((........((.(((.....(((((............)))))[[(((.........))).(((........................]])))....)))))))))))	((((((...[[[[.((.((((((.((((((............))))))...))).].....]]].(((..........................)))....)))))))))))
RF01786	113	54	27.152	24	2	5	0.923	0.828	0.873	(((((((((((.(((.......((((..(((.(........[[[[.[[[.......................).)))))))....)))...]]]]]..]]..)))))))))))	.....((((((.(((.......((((..(((.(......[[[[[[.[[[.......................).)))))))....)))...]]]]]..]]]])))))).....
RF00167	113	133	27.811	22	7	0	0.759	1.0	0.863	.................(((.(.((((...(((((((........))))))).........(((((((.........))))))...)..)))).))))...............	.................(((.(.((((...(((((((..[[[[[.))))))).((....))(((((((]]..]]]..))))))...)..)))).))))...............
RF00005	118	954	28.936	21	0	0	1.0	1.0	1.0	(((((((....((((.............))))..(.((((........)))).)...............................(((.((...........)))).).)))))))..	(((((((....((((.............))))..(.((((........)))).)...............................(((.((...........)))).).)))))))..
RF01852	119	109	29.588	29	3	1	0.906	0.967	0.935	(((((((((....(..((.((.(......))))))((((((.......)))).)..)...((((.(.............)))))....((((.......))))...)))))))))....	((((((((.....(..((.((.(......))))))((((((.......)))).)..)...((((.(((.........)))))))...(((((.......))))...)))))))))....
RF03054	122	383	30.326	15	4	1	0.789	0.938	0.857	....((((((....[..((.((..(((((.................................................................))))...)))..]))...))))))....	...((((((((.....(((.((..((((((...............................................................)))))...)))...))).))))))))...
RF02553	125	6	30.863	28	9	6	0.757	0.824	0.789	.((((((.....(((((((...(.......(((....((((((.[...))))))((((((....))))))..((((......]..)))))..))).....)))))))........))))))....	.((((((.....(((((((({{{.............((((((..[[[[.)))))((((((....))))))..((((......}}}))))).........))))))))....]]]]))))))....
RF00386	125	160	31.563	25	6	4	0.806	0.862	0.833	.(((((((.(((((((((........)))))))))(((.....))).((..((((...((((......................................))))...)))))).)))))))....	.(((((((((((((((((........)))))))))..((...))((.....(((((..((((................(....)................))))..)))))))))))))))....
RF00169	127	261	32.345	29	5	4	0.853	0.879	0.866	...(.(((.(..(((..((((...(((.(((..(((((((....(((((....(((.....)))....))))).)))))))...).).))).).)....)).).))).....)))))..........	((((.(((.(..(((..((((..((((.(((...(((((......((((....(((.....)))....))))...)))))....).).))).)..))..)).).))).....)))))))).......
RF03013	128	182	33.018	20	0	5	1.0	0.8	0.889	(((((.((........(((((((..((.(((((.((((............................................................)))).))))).))..)).))))))))))))	(((((.((........(((((((.....(((((....(............................................................)....))))).....)).))))))))))))
RF01054	132	15	33.563	23	5	0	0.821	1.0	0.902	..................(((((..............).))))..(((((((......[[[[[[.))))))).........(((((........................))))).]]]]]]..........	((((..............(((((..............).))))..(((((((......[[[[[[[))))))))))).....(((((........................)))))]]]]]]]..........
RF01051	136	155	34.251	21	3	1	0.875	0.955	0.913	...........((...((((.(.(.........))))))...))..((((...(.(((((.....((((........................................)).))...)))..))).))))......	..........(((...((((.(.(.........))))))...)...((((...(.(((((....(((((........................................)).)))..)))..))).)))).))...
RF00114	140	78	34.916	6	19	7	0.24	0.462	0.316	......((((((.............)))))).........................(.((.........((((..............)))))))..............................................	..((((((((((.[[.....[[[[[))))))))))...................................................]]]]]]]...(((((.....(((..........)))...)))))..........
RF01084	149	8	35.475	43	7	0	0.86	1.0	0.925	(((((((..((((((...[[[[[[)))))).......((((((.................))))))..((((..((((((.......)))))).......))))))))))).((((((((......)))))))).........]]]]]]	(((((((..((((((...[[[[[[))))))...[[[.((((((.................))))))..(((((((((((((.....)))))))).....)))))))))))).(((((((((....)))))))))..]]]....]]]]]]
RF00166	152	37	36.086	34	6	0	0.85	1.0	0.919	(((((............))))).((((((.......))))))...........(((((........))))).(((((......))))).........................((((((...(((((((.......))))))).))))))..	((((((........)..)))))(((((((.......))))))).......[..(((((........))))).(((((.(...))))))........................(((((((...((((((((]....)))))))).))))))).
RF00634	152	40	36.702	26	14	5	0.65	0.839	0.732	((((....(..((((((.......((........))..)))))).)(((..(((.((............))..))).)))..........))))..(((..((.((.(((..................)))))))..)))............	((((.......(((((((...........{{{{{...)))))))..((((.((((........[[[[[.[..)))))))).}}}}}....))))..(((..((.((.(((..................)))))))..)))....]]]]]]..
RF00619	156	62	37.35	14	27	0	0.341	1.0	0.509	......................................................((((.....))))...........................((((...........((((((........)))..)))...........))))..........	((((((({{{[[[((((.[[[[.......))))((((...)))).......(..((((.....))))).....)))..)).).).}...}}...((((.(.........((((((....]]]])))..)))...).......)))).....]]]..
RF02681	163	112	38.019	18	4	3	0.818	0.857	0.837	...((((.....(((..(((....................................)))....(..(((.........))).)(((((((.............................................))))))).)))........)))).....	...(((((.......(.((((..................................)))).)..(..((((.......)))).)(((((((.............................................))))))).........)..)))).....
RF01734	169	289	38.793	14	1	0	0.933	1.0	0.966	.........[[[[..(((.(((.]]]].......................................................((((............................................................))))....)))))).........	........[[[[[..(((.(((.]]]]]......................................................((((............................................................))))....)))))).........
RF01998	175	237	39.567	17	4	5	0.81	0.773	0.791	((..(.(((((((...........))..))))).)......))..................(((....)))(((.......(.((..................(.((..............................................))).......)))......)))	....(.(((((((...........))..))))).)......(((..................)))......(((.......(.((..................(.((.(..........................................).))).......)))......)))
RF00442	178	100	40.275	22	11	8	0.667	0.733	0.698	.......((((((..((...(((((((..((.........................))..))))..).).).))....))).))).((((((((.............................................))..).)))).).(.[...(((.......))).)..]..	.......[[[[[[[....(((((((((..(((.......................)))..))))........(((..]]]].]]].(((((((((...........................................)))..).)))).)...)))..((.......)))))))...
RF01831	179	101	40.955	31	4	6	0.886	0.838	0.861	.(.((.((....(((((((((((((....................((..((((((((....[[[[[...))))))))))....(.(((........................................................))))))).)))))))).)).]]]]]..))).).).	.(.((.((....(((((((((((..........................((((((((....[[[[....)))))))).(....(.(((........................................................))))[[)))))))))).))]]]]]]..))).).).
RF00029	186	92	41.626	18	4	1	0.818	0.947	0.878	..((((((((.(((((.........)))))...))))))))..........................((.((.((.................................................................................................))..)).)).....	.(((((((((((((((.........))))..))))))))))).........................((.(((((.................................................................................................))).)).)).....
RF00020	192	180	42.425	29	6	1	0.829	0.967	0.892	..((((..(((.(.((.(((((..............................................((((((((...........))))).))).......))).)..)).)))))..............)))).........................(.......((((((..........)))))))	.(((((.((((.(.((.(((((........................................(.(...((((((((...........))))).))).))....))).)..)).)))))).............)))))...............................((((((((........))))))))
RF00075	193	31	43.064	22	8	0	0.733	1.0	0.846	(((((((((((((..((((((..(((.............................................................................................................................................)))..))))))..)))))))))))))	(((((((((((((..((((((.(((((((((((...............................................................................................................................))))))))))).))))))..)))))))))))))
RF00003	203	100	43.997	43	8	3	0.843	0.935	0.887	...........(((((.(((((..(((...((............))))).))))))(..(((..(.(((.(((((................)).)).).)))..).........)))).((((((.((........))...)).).)))..)))).................(((((..(.((((......)))).)))))).	....(((....((((..(((((..(((...((.......[[[..))))).))))).(..(((....(((.(((((................)).)).).)))............)))).(((((((((........))..))).).)))..)))).))).............(((((.(..((((]]..].)))).)))))).
RF00002	207	61	44.756	16	19	9	0.457	0.64	0.533	........................................((((((((........)).)).......(((.........((.......))..................)))..............))))...(((...))).(((((((((....................)))))..))))........................	....(.........[...[[[.....((.....(((((((]]].(((([[......)).))......(((.........)))]..]...............]......)))))))..............))).(((...))).(((((((((....................)))))..))))........................
RF00458	210	7	45.439	53	16	7	0.768	0.883	0.822	(((((((((......(((((((((............[[[[[[[.......)))))))))....)))))))))....[[[[..((((....)))).....((((.(((((]]]](.(((.....))).)...))))).)))).].]]]]]]...(((((...((((.[[[[[))))..)))))...........]]]]]............	(((((((((..{{{{((((((((((........[[[[[[[[[.......))))))))))[[[.)))))))))....(((((.((((....)))).....<<<<.}}}})))))(.(((]]]..))).).........>>>>...]]]]]]...(((((((.(((.{{{{{{{))))))))))......]]].}}}}}}}...........
RF00059	211	115	46.161	26	3	2	0.897	0.929	0.912	.....(((((((((.((((((.......................................................))).))......(((((..................................................))))))...))))......((((...((((......))))...))))....)))))............	.....(((((((((.((((((.......................................................))).)))....(((((....................................................)))))...))))......((((...(((((....)))))...))))....)))))............
RF00504	215	44	46.782	17	10	5	0.63	0.773	0.694	.....(((((.(((......((((.......................................................))))..(((((..(((....((...............................................................))....))))).))).......................)))))))).....	.....(((((.((((((((.((((((...................................................))))))..[[[...........(((((.........................................................)))))....))))).]]].......................)))))))).....
RF00026	215	188	47.641	5	25	0	0.167	1.0	0.286	(((.((..........................))..).))...............................................................................................................................................................................	(((.((...............[[[........))..).))............((((.((..((((((............]]]..............................................................((([.....[[))).....]]]...((((.........))))...)............)))))).))))).
RF00050	221	146	48.591	26	9	6	0.743	0.812	0.776	..((((((((......(((.......))).[[((((((............................................[[))))...(((....................................................................)))...(((((.......)))))]])).(((.....]]))).......))))))))...	..((((((((...((((((.......))))..[[((((..............................................))))....(.((((((.....................................................))))))....)....(((((.......)))))))]].(((.......))).......))))))))...
RF02678	228	155	49.467	21	7	5	0.75	0.808	0.778	....((((.((...........))))))...(((((...((((.(...((((((((((.....................................................................................................................................))))))))))..).))).)............))))).	....((((.((...........))))))...(((((....[[.(((..(((((((((.......................................................................................................................................))))))))).)).(((]]..)))..)....))))).
RF00001	230	712	51.174	28	10	6	0.737	0.824	0.778	..((((((.((.(.......((.....(.(.(.(.(.................((...............(((....(.((.................))...))).)...))......................)))))...).)..(...((...((......(.((.......((....).).......))....)....)).....)).)..).))..).))))).	..((((((.((.(.......((....((.(.(.(.(....................(..........(..(((....(.((.................))...))).)...))......................))))))..).)..(...((..((.........(((((...(((....).).))))).)...........))....)).)..).))..).))))).
RF01739	230	940	52.361	13	1	1	0.929	0.929	0.929	..(((((.(((((.............................................................................)))))..[......(((...........................................................................................................)))....)))))]...	..(((((.((((((...........................................................................)))))).........(((...........................................................................................................)))....)))))....
RF00234	236	18	53.055	34	13	4	0.723	0.895	0.8	...................((((((((.(..............................................................)...)))))))).........(((((....((((.......)))).......)))))((((((.............)))))).....(((((((.......(((((((....))))))).........)))))))..........	.............((((..((((((((((..............................................................))..))))))))..(((....[[[[[[...)))..........))))...].]]]]]((((((.............)))))).....(((((((((.....((((((([[..))))))).]]...).))))))))..........
RF00162	239	457	54.277	36	2	1	0.947	0.973	0.96	(.(((((((....(.(((.(.....................(((...[[[[.))).........))).))((((.((.(.(((...............................................................)....))).....))))))....(]..]]].((((((................................)))).))....).))))))).)..	(.(((((((....(.(((.(....................((((...[[[[.))))........))).))((((.((.(.(((.(............................................................))....))).....)))))).....]..]]].((((((................................)))).))......))))))).)..
RF02683	240	83	54.983	24	2	2	0.923	0.923	0.923	.........(.(((..(.((((.(.(((((....................................................................).)))))...))).)..(((((........))))).((((((...............................................................................))))))..).)).))......	.........(.(((....(((..(.((((((..................................................................)).)))))....)).)..(((((........))))).(((((((.............................................................................)))))))....)).))......
RF00044	244	3	55.908	18	69	25	0.207	0.419	0.277	..(((..........)))..........(((((....(((((.....)))))...........)))))......................................((((((.((((.....(((.....................)))((((((((............))))))))............((((((...)))))).............))))))))))(((.........)))..	..[[[(...((((((]]]((((((((<((((...[[......[[[.((((......))))[[[[[))))[[[[A.....[[{{{{{{{{)))))))))))))).{(((((((......]]....>...((((((((((]]]]..}.{{{{a.]]]]]<.))))))))))}}}}.(..]]])}}}}}}}}(((((([[[)))))).((]]].......))..))))))))...>]].........
RF00083	249	21	56.688	43	24	7	0.642	0.86	0.735	((...((((((((((.....(((((...((.....................))..)))))......))))))).)).)..)).........(((((((...((((........((((.......................)))).........))))...((.....)).)))))))..........(((.....)))...............(((((((((((.........))))))))))).....	(((((.(((((((((.....((((((..((.....................)).)))))){{{{..)))))))..[.[[.))..))..)))(((((((..((((((.......((((..((......))...........))))........)))))).[[[[..}}}}.)))))))......]]]](((.....)))]]]...........((((((((((((.........))))))))))))....
RF00102	249	54	57.479	36	21	9	0.632	0.8	0.706	((((((.((((((((..((((((.................((((....(((((((.((((......((..((((...........................)..))).).)...)).)))..))))))........(((.(...........)))).............................))))................................))))))..).))).))))))))).)...	((((((.((((((((.(((((((((.........(..(..(((((...(((((((.((....(...(..((((((((......................)))).))).).[[.))..)))..))))))..((....(.(.(....{.....))))).......).....................))))............]]}.))............))))))))).).))).))))))))).)...
RF00025	261	21	58.16	32	13	6	0.711	0.842	0.771	.....(((((...(........(((..((((........))))...)))...................................[.[[[...(((.((]]].]...........)).)))..)........))))).................(((((..........(((....((.((((((................................................))))).))).))).)))))..........	....((((((.....((.....(((..((((........))))...)))...))..........[[[[[......................((((((((..............))))))))..........))))))................(((((..........(((....(((((((((................................................))))))))).))).)))))..]]]]]...
RF00015	261	177	59.224	27	10	1	0.73	0.964	0.831	.....................(((((.(((.....(((.....)))..))))))))...........................................(((..((.(((.(((((..................................))..))))).)))..)))............((((.....................................................................))))....	..............(((((.((((((.(((.....(((.....)))..)))))))).)..)))))((.((...))))......................(((..((.(((.((((....................................)..))))).)))..)))............((((.....................................................................))))....
RF00013	262	150	60.331	48	7	4	0.873	0.923	0.897	.((((((((((.((((.(((..................((((.((((((....................(((.((((((.(....(((((.((......((...((((((..............................))))))....))........)))).)))..)))))))..))).........................)))..))).)..)))..................)))))))...))))))))))..	(((((((((((.(((((.((...((((...........((((.((((((....................(((((((((.......(((((.((......((....(((((..............................))))).....))........)))).)))....))))).)))).........................)))..))).)..)))...........))))...)))))))...))))))))))).
RF02012	267	244	61.515	39	3	2	0.929	0.951	0.94	.((((.((........)).)).)).........((.(((.((((((.((((.((.................................)))))))))..)))......))))).................((((((...........................................)).)))).((.(.(.......((............)).......)))..).....((.((((.............)).)))).......	.((((.((........)).)).))........(((.(((.((((((.((((.((.................................)))))))))..)))......))))))...........(......((((...........................................)).))...((.(.(.......((............)).......)))..)...(.((.((((.............)).)))))...)..
RF00007	269	62	62.353	41	9	1	0.82	0.976	0.891	...(((((...........))))).........(((.(((((.......))))))))......(((((..........................................)))))...........................................................(((((.....(((((..((....((...(((((....(((((........)))))......)))))...)).......))).))))....)))))	...((((.........[[[[))))((((.(...(((.(((((.......))))))))......(((((..........................................)))))..........)))))............................................(((((.....(((((..((....((...(((((....(((((..]]]]..)))))......)))))...)).......))).))))....)))))
RF01807	272	12	63.129	33	25	23	0.569	0.589	0.579	.((((((((.........(((((((............))).)))).((((((..((((((.......((((...((((.....((((((..............))).)........))...................))))((.............................))...[.[[[[[...))))..(((......))))))).))......]]]]]]((((.............))))...)))))).........)))))))).	.......................................(.((...((((((((((((((....((.((((...(((.......(((((..............))).))..........................[[[))).((.....((............)){{.]]].....)).[[[[[...)))).))((......)).)))).)))))}}.]]]]](((((.......[[[[[[)))))...)))))))......)..]]]]]].
RF01750	272	185	64.015	23	1	3	0.958	0.885	0.92	..((((((((((..(([[[[[......................................................................................((((............................................................................))))...))..))))))))))........................................(((((..]]]]]..))))).....	...(((((((((....[[[[[.....................................................................................(((((............................................................................)))))......))))))))).........................................(((((..]]]]]..))))).....
RF00168	274	47	64.802	50	6	3	0.893	0.943	0.917	.....((((((.....((((((.(((............((((((((..............................)))))).))........))).).)))))...((((((((((((.............)))))))).))))(((((((.((((.......))))))))))).(((((((....................................................................))))))).....)))))).....	....(((((((.....((((((.(((............((((((((..((................))........)))))).))........))).).)))))...((((((((((((.............)))))))).))))...((((.((((.......)))))))).((.((((((((..................................................................)))))))).))..)))))))....
RF00380	278	159	65.887	43	8	4	0.843	0.915	0.878	....(((((.(.(([..((.(...(((...(((((.(.((..............................................(((((.(((((.....((.((....)).)).........)).)).)........((((...(((.........])))......))))....)))))..(((.....................................))).........))))))).)..)))...)))....))......))))))....	....(((((.(.((((.(......(((...(((((.(.((.............................................((((((.(((((.....((.((....)).)).........)).)).)......(.((((((.(((..........)))...)).)))))...)))))).((((...................................)))).........))))))).)..)))....))..).))......))))))....
RF00004	278	208	67.303	41	21	4	0.661	0.911	0.766	.......(((.....((((........)))).)))......................((((((........))))))...(((((((....)))))))...................................................((((.((((...........(((((..............).))))........)))).))))...((((((....((((((.................))))))............)))))).......	...............((((........)))).(((.{{{..{[[[[[[......)))[[[[[[((((((((]]]]]]...(((((((....)))))))...............))))))))............................((((.((((...........((((}...}.....}....}.))))........)))).))))...((((((....((((((]]]]]]...........))))))............)))))).......
RF00209	286	25	68.511	48	47	27	0.505	0.64	0.565	.........................(((((((.((((((((.((((((..((((((((..((((((....))))))..(((((...((.((((.(((.............))).))))....)).....)))))((((..)))).)))).))))...((((((((((....))))))))))....(((((.......))))).)))))).)).(((....)))............))).)))...)))))))..................((((...)))).....	....(((({{{{{..[[[.......[[[[[[[[[[[[[[((([[[[[[....{{{[[[..((((((....))))))..)))[[....)))).......(((...((}...}}(((((...}}}}}.{{{]]))))))).)))...]]]....(((((((((((((((.<<.))))))))))...(((((..}}....})))))]]]]]]....>>...)))))....(((((((.]]].]]]]..]]]]]]].......)))))))....((((...))))..]]]
RF00061	308	79	69.97	40	30	37	0.571	0.519	0.544	(.(.(...............((.......((((((.......))))))..........))...........).))..........(((((((((....((..(((((((((((((((((..((((((....))))))((((.((.(((..((.(((((...................))))).))......)))))..)))).(((.....)))).))).)).)))))))((((...(.((.(.......)))..).))))....)))).).)(((......)))((........)).))))))))).	.............................(((.........[[[[))).((((((.....)))))).{{...{{{{{{.......((((((...........]]]](((((((((((((..(((((([[[[)))))).((..((.(((.....(((((.}}}[[[....}}}.....)))))[[[.[[...)))))...))]]]]]........).))).)).))))))).......................].]]..}}.......]]].]............................)))))).
RF01854	315	92	71.396	70	13	28	0.843	0.714	0.773	(((((((((((.((((((((...)))))))).....((((((..........)))))).)))).......(((.((((..((((((...(((((.(((((....((...((((((..((.(((..........(((((((((...((((((...((.(((((..((((.(((...(((((....(((....)))....))))).)))))))..))))).))......)))))).....)).))))))).......)))..))..))))))...))...)))))..)))))...)))))).)))).))))))))))	((((((..............(((((...........[[[[[...)))))....]]]]]............(((.(((....((((((..(((((.(((((.......(.((((((..((...............((((((((...((((((...((((((((...(((.((...[[((((..]](((....)))....))))...)))))...))))).).))....))))))..)...).)))))).............))..))))))..).....)))))..)))))..))))))...))).))).))))))
RF00012	316	87	72.545	44	18	19	0.71	0.698	0.704	(((((..((((((....((.(((.......))).))...))))))..)))))...........(((..((........)))))...................(((...((.......................(((((((((.((.(....(((.........((((....((((............(((((........)))))............))))...))))............)))..((...(((...(.(.((.............))).))))...))..))))))))).)))........)))))	..(((..((((......[[.[[..[[[..[[...))..)))))....................(((..............)))...................(((...((.......................(((((((((.((.(.((.(((.........((((....((((............(((((........)))))............))))...))))......]]]]].))))).(...(((...(.(.((.............))).))))...)...))))))))).)))...]]]].)))))
RF01725	333	417	73.933	23	2	6	0.92	0.793	0.852	.....(((((....(..((.(((..................................................)))).).)(((...((.(..(((.......[[[[[......................)))...))).))).....................................................))))).((((.......................................................................................................))))..........]]]]].....	....((((((.......((.(((..................................................)))).)..(((..(((.(..(((..................................)))...))))))).....................................................))))))((((.......................................................................................................))))....................
RF00379	335	106	74.95	24	10	2	0.706	0.923	0.8	..........((((.......(((...............................................)).)((((((.....((.................................................))(((.......((((.............................................................................................))))..((((...............................))))...))).........))))))..)))).................	.........(((((.......((((.............................................))).)((((((..........................................................((((......(((((...........................................................................................)))))..(((((........[[[[[....)............))))..)))).........))))))..)))).).....]]]]].....
RF01857	363	53	76.628	109	12	23	0.901	0.826	0.862	.(((.((((((....((((((((((((......))))).))............(((((((...........))))))))))))....((((((((((..((((((.(((....((((((((((((..(((((((.(((((((((...((((((((.((((((.(((((.(((((((((((((((((((((((....))))))))))).)))))))...(((((((...(((((....(((....)))....)))))))))))).)))))))))).))))))...)))))))).))))))))))))))))....))).)))))))))...)))..)))))).)))))))))))))))))))...	.(((.(((((......((((((((((..[[[[.[)))).))............((((.......]]]]].....))))))))......(((((((((....((((.((((...((((((((((((...((((((.(((((((......(((((((.((((((.(((((.(((((..((((((((((((((((....))))))))))).))))).....((((((.....((((....(((....)))....))))..)))))).)))))))).)))))))))...))))))....))))))))))))).....))).)))))))))...)))).))))...)))))))))..))))))))...
RF00080	369	29	77.426	25	3	0	0.893	1.0	0.943	.......................................................................(((.................................................................))).((((((((((.......(((((..............))))))))))))))).(((((((......................................................................................................................................)))).))).........................	......................................................................(((((...(..........................................................))))))((((((((((.......(((((..............))))))))))))))).(((((((......................................................................................................................................)))).))).........................
RF00100	402	45	79.442	33	61	54	0.351	0.379	0.365	(((.((((.((.(.((...((....((((((((.((..((..(((..(((((((...............)))..)))))))..))....))))))).))).))...))..)))))))...))).......((((((((((.((............)))))).(((....(((......)))....)))....).))).......))....................................................(((.....((.((((((......((((.....(((((..............)))...)).))))....)))))).))...)).)......................(((.((((((((((.......)))))..)))))..)))	{{{{{{{{.{{.{[[[[[.(((((.((((((((.((...........]]]]](((.............[[[[[.[[<<<<..)))....))))))).)))<<<<.....<}}}}}}}....(((((((((......{{{..(((..((.......((]]]].]]]....(((.[[[..)))................>......[................................}}}...>>>>..............))..))..((((((......](((.....((............]]][[[[[...)).))).....))))))......)).)...........>>>>...}}}}]]]]].[[...))).))))).))))))..]].......
RF02001	403	406	81.497	41	8	7	0.837	0.854	0.845	((((((.........)))).)..).....................................(((((...........((....(((((.(.(..((((..................................(..((..((.(......(...(.(..(..((..((.((...((((..(.(...............................(.(.................................))))....))))....................................................)).)))).)......).................))...))))).))))))...).))).)).........).).........)))...))	((((((.........)))).)..)..[[.[[................................(...........).{{....(((((.(.(..((((..........................]]].]...(..((..((.(......(...(.(.((..((..((.((...((((..(.(...............................(.(}}...............................))))....))))....................................................)).)))).).)....).................))...))))).))))))...).))).)).............................
RF00017	412	91	83.728	86	16	34	0.843	0.717	0.775	(((((((((((............)))))))).....(((...................)))))).....((((((((((..(((((((..(((((((((.....(((.(((((....(((((....(((((((...................................((((((.((.((.(((((.(((((.((((((((((((((((((((.(((....))).))))))))))))))).((...))(((((((....(((((....(((....)))....))))).))).))))))))).)).)))..))))).))....)).))))))........)))))))....)))))....))))).).))...)))))))))....)))))))...)))))))))).......	..((((((((..............))))))))....(((.....((.........)).)))........((((((((.....(((.......(((((((....{{{{.(((((....(((((.....[[[[[.....................................(((((.((.((.(((((..((((.((((((((..((((((((((.((([[..))).))))))))))[[)))...........(((...].].(((}}}}(((....)))....)))....)).)]].))))).)).))...))))).))....)).)))))....................)))))....)))))........)))))))....]]]]])))......)))))))).......
RF00174	440	433	86.632	41	14	4	0.745	0.911	0.82	..............(((((((...(((......................................)))...........(..((....(.((.(.(.......................................)))).)[[(((......))).(((.....((.((................((((((.................................(((.((((((................................................................)).))))...)))...)))..).))..............................................................................))))...]])))....)))))))))).............	............(((((((((...((((((................................))))))..............(((...(.((.(.(....((...........................))....)))).)[[[[..).))..]].(((.....((.((.............(((((((((.................................(((.(((((((..............................................................))).))))...)))...)))..).))..))).........................................................................))))...]]))).......)))))))))...........
RF04190	474	84	87.645	30	4	8	0.882	0.789	0.833	((((....((((((((..................................((((.................................................................................................)))).....................................((((((((................................................................................................))))))))............................................))))))))....))))..(((((.......(((((((((................................................................))))))))).........)))))	(((((.(((((((((((...............................................................................................................................................................................(((((......................................................................................................)))))...........................................)))))))))).))))))..(((((.......((((((((..................................................................)))))))).........)))))
RF00210	569	92	93.436	63	64	59	0.496	0.516	0.506	.....((...))..................((((((........((((.(((((.....).))))..........)))).......)).)))).(((((...(((..(((.......(((((.((((......((((..........((((....((((((.((....))..(((((((.(((((((((.......(((((....))))).)))))))(((.....)))..((((.....)))))))))))))((((............))))))))))....))))........)).)).......))))........................)))))..........................)))...))).))))).............(((((..........((((((((((...(((((..............).)))).)))).))..)))).(.(((.((((................)).))))))................)))))...(((((.((((....))))))))).........................	.......{...................[[.[[[[.........[[<<<<<((((((......................]]..............(((((...(((..........(((((...........)))))(....((((((...(.....(((({{{{.{{>>>>>(((((((.(((((((((......((((((....)))))))))))))(((.....)))..((((.....)))))))))))))..))...)........]]]]]]..)[[[[.)}}}}}}}....((.((.......)))).............................))).......................))))..))).))))).............((.............[[[[[[[((((.((((((((.........)).).)))))...]...]]]]]]((.(((.((((...((..[[[.))...)).)))))))]]]]]]]......).)))))...[[[[)))))).........]]]].........................
RF02546	573	6	97.919	24	79	34	0.233	0.414	0.298	.................................................................................................................................................................................................................................................((((......)))).(((.((((((((.((..((((.........)))).(((((.............))))).((((((......)))))).....((.(((.....................)))))............((((((...........))))))..(((.((((..(((((...........(((....)))........)))))..).))).))).......)).)))))))).)))....................................................................................	............(((...)))(((((................................................((((((...................................................[[[[[[[[........))))))(((((((......................................]]]]]]]]........(((((((....[[[[[[[...)))))))((((.{{{))))..(([.[[[[[[[[.)))))))))[.....((((((......[[[[[[[.........[[[((((((......)))))).....{(.((((....]]](((..............}...........]]]]]]].......]........))).......}}}(((((..........(((((.....)))))....)))))....)))))............]]]]]]]].]..............]]]]]]]...))))))....................)))))...............................
RF00228	578	23	104.373	45	131	57	0.256	0.441	0.324	...................((((.....))))......................................................((((((((..((((((....))))))......(((((((.....))))))).....)))))))).........((((((.((((((((.....................................................((((((..............)))))).((((.....((((...))))....))))...............(((((...................................))))).............((((((.))))))........................................)))).))))...))))))((((.(((((((((.(((..(((((((((.((((((((.......)))))))).......(((((.....))))).)))))))))....))))))))))))..)))).............................................	.{{.((((((..<<<......[[[[[.))))))(((((((.........................((((((((((.....{{{{{{{{{{{{{.........{{{.............((((((([[[[[)))))))[[[[[[....................>>>(<<<<<<<)..<<<<....<<<..............(((.((...))..))){{{{{...(((((((...]]]]]].....)))))))...]]]]]>>>.....}}}}})).))))))))]]]]]((((((..}}}......>>>>{{))))))....[[[[[[[.............[[[[[[[[.}}((...AAAAAA)).))))))).........]]]]}}.................>>>>.>>>[[[[[[...}}}}}}}}}}}((((.(((..(((((((((.(((((((...]]]]]]))))))).aaaaaa..........}}]]]])))))))))....))))))).((((((((((...))))))))))((((]]]]]]]...[[[...)))).....]]]
RF00011	604	114	107.638	86	33	19	0.723	0.819	0.768	..........(((.([[[[[[[.((((((.....................................................))))))....(((.(((((.(((((((((.((........)))))).....((((.(((((((............))))))(((..((((..............))))..)).)((...((((......((.((...(((............)))..)))).....))))........(((((............((((((.((...................................................))).)))))..........)))..))))))))))))))...(((.............)))...(.(.(((((.......................)))))))(.(((((.........................)))..)))........]]]]]]]....(((((..(.(((......................................)))))))))..........)))))))).).))).......................	.........((((.(((((((((((((((((............................................)).....))))))...([[[)[[[[[.(((((((((.((.{{.....)))))).(((([[[[..((((((............)))))).((..((((..............))))..)).......((((......((.((...[[[.................)))).....))))...........(((}}..]]]....((((((.((...................................................))).))))).))).))).)......{{{{]]]])))))....((((...)..)))..}}}}..(.(.(((((..((((...........))).).)))))))(.(((((.........................)))..))).......))))))))....(((((..(.(((......................................))))))))).....)))))]]]]]]]].............................
RF01846	624	66	109.746	73	10	6	0.88	0.924	0.901	....(.(((((..(((......((((((.....))))))))))).)..)).).......(((...((((((((......)))))))).))).........((((..................(((.(((((((((....(((.....................................................................................................................................................(.((((((..................((((((..((.(.(.................................................................................))))..))).))).............)))))).)..............................))).((((((........(((((((......((((..........)))).....))))))).....................................................).)))))))))))))).))).........)))).	.......(..(..(((......((((([.[[[[[))))))))).....)(.(.......(((...((((((((......)))))))).)))........{{{{{..................(((.(((((((((....(((.....................................................................................................................................................((((((((..................((((((..((.(.(.................................................................................))))..))).))).............))))))))........................]]]]]]))).((((((........((((((.......((((..........))))......)))))).....................................................).)))))))))))))).))).......))}}}}}
RF00488	625	5	113.962	70	125	8	0.359	0.897	0.513	.........((((((.(((((((((..........)))).)))))(((((((((...(((((..............(((.....................................................................................................)))....))))))))))))))....((((((...(((((((((((((....(((((..........((((((..........))))))..........)))))...))))))).........(((((......)))))....(((((.((.........))))))).)))))).........................................................................................................................................................................................................((((....))))........................))))))......)))..)))...............	(((....((([[[[[[((((((((([[[[[{{{{.)))).)))))(((((((((...(((([[[[......(.(((.(((..((((...(((.(((((........)))))..)))....]]]]...)))).))))))..........................)]]]]].....[[[.......[[[)))))))))))))....{{{{{{..((((((((((((((....((((((((.((((..((((((..........))))))..))))))).)))))...)))))))......{{{((((]]]<<<<<))))...((((((.((...{{{{{{)))))))))))))))[[[[[[[[[[[[[[[[..[[[[........((............[[[[....))>>>>>...[[[[[.....................(((.((((((.....))))))..)))))).]]]]].(((((((((..................]]]].}}}}}}.....((((....))))))))).))))....]]]].((((((....))))))}}}]]]]]]]]]]]]].]]]..}}}}}}.]]].]]]]]]...}}}}.....)))...
RF02545	634	4	120.951	59	88	116	0.401	0.337	0.366	...............((((.................((((((((((((...(((((.....)))))...)))).))))))))........................((((((.((((((((((((((((((...((((..(((((((((..((((((.......(((((..(((((((...........((((((.........(((((((..........(((..(((.((((((...((((.((....))))))))))))..)))..))).........))))))).........))))))...............(((((((..((.......))))))))))))))))..)))))...))))))..)))))))))...))))...)))))))))))))....)))))...))))))....................((((((((((((...(((((((.....(((((((((..............)))))))))....((((((((......)))))))))))).)))...))))))))))))......((((....))))(((..(((((((...)))))))...)))))))....(((((((((....)))))))))..........	...............(((((((((((((.....[[[[.((........(....)[[[[[[[................))......(((.....)))..........))).{{.))))))))))((((((((<[[[[[[[[....(((((.(((.}}))).....(((((..((((...................(((.......[[[[[[[...................((((((........((((...)))).))))))...........)))[..[[(...............)...((((........)))).(((((((............{)))))))...))))..))))).....]]....))))).....}.......[)))))).....]...(((]....]]]]]]]...)))...........]]...........{{{..............>......))...................]]]]]]}}}((((((((......))))))))...(((...]]]]]]]...(...........)...[[[[[..[[..(((((((...))))))))))]]]]]]]]]]](((((((((.[[[)))))))))]]].......
RF00373	721	70	123.484	87	7	0	0.926	1.0	0.961	...(((.((((((([[[[[[....(((((......................................................)))))....(((.(((((((((.[[[[[[...((((((((((.......))))).(((((......)))))..((.....((((..............(((..((((((((.....................((..................................................................................................................................((..(((........)))..))...........))................................................................))))).).))..))).........)))).....)))))))..))))...((((.............(((((.............]]]]]]....................................................)).))).......))))............]]]]]].....................................................................))))))))...)).))))).)))......	...((((((((((([[[[[[....(((((......................................................)))))....(((.(((((((((.[[[[[[...(((((((((((.....)))))).(((((......)))))..((.....((((........((....(((..(((((((((....................((..................................................................................................................................(((((((........)))))))...........))...............................................................)))))).).))..)))......)).)))).....)))))))..))))...((((.............(((((.............]]]]]]....................................................)).))).......))))............]]]]]].....................................................................))))))))...)).)))))))))......
RF02033	737	139	125.874	72	6	7	0.923	0.911	0.917	((((((((.((..((.......((..............))........))...))((((.....................))))....................................................................................................................))))))..))..(.(((((((((..............................................................................))))).....((((((.......(((((.....................................((....((((.(((([.......................................[[[[[.[[.)))))))).......))..((...(((((((...((.((.(((((................................................)))).)..))..)))))))))))............................)))))))))).).))............))).................]]]]..]]]].........................................................((((.........................................))))	(((((((.(((..(((......((..............)).......)))..)))((((.....................)))).....................................................................................................................)))))..))..(.((..(((((..............................................................................))))).....((((((.......(((((....................................(((..(.((((.((((.........................................[[[[.[[.)))))))).....).))).((...(((((((...((.((.(((((................................................)))).)..))..)))))))))))............................)))))))))).)...............))).................]]]]..]]...........................................................((((.........................................))))
RF00024	777	37	129.459	100	27	7	0.787	0.935	0.855	........................((((((((..((((((..(((((.............................................................(((((....................................(((((((((........[[[[[[[[[))))))))).....))))).........................................................................................................]]].]]]..]]]...........))).)).....)))))))))))....)))......................(((((((...........................................................(((((((((................(((((((....(((((.................(((((.((((...(((......................)))....))))))))).((((.......))))..........)))))......))))))).............))))..)))))............................................))))))).................((((((.((((((...............(((((...((((..........))))....))))).....)))))).).)))))........	........................((((((((..((((((..(((((..............................................(((((((((......(((((....................................(((((((((..[[...[[[[[[[...))))))))).....)))))......)))))..))))............................................................................................]]]..]]].].........))).)).....)))))))))))....)))......................((((((((..........................................................(((((((((...............((((((((....(((((..............[[[((((((..]]]..(((......................))).......)))))).(((((.....))))).{{.......)))))......))))))))............))))..)))))........................................)...))))))).......]].......(((((((.((((((..............(((((((..((((..}}..[[[.))))...))))))..)..)))))).).)))))).]]]...
RF00009	845	116	133.119	59	11	3	0.843	0.952	0.894	((((......(((..(((((((...............(((((............................((((((..........................).))..)))..........................))))).........[[[[[......................((((.......................................................................................................((.(((.....))))).......................(.(((((........))))).)..................................(((((((...................(((................................................................................................................................................)))...........))))))).....)))).............................................................................................................................................................))).))))(((((.((..........................................))).).))).........]]]]]............))).....))))	((((((....(((..(((((.................(((((............................(((((.............................))..)))..........................)))))......[[[[[[[[......................((((.......................................................................................................((.((((...)))))).......................(.((((((......)))))).)..................................(((((((..................(((((..............................................................................................................................................)))))[[........))))))).....))))...............................................................................................................................................................).))))(((((.((..........................................))).).)))......]].]]]]]]]].........))).))..))))
RF00028	891	12	135.376	38	24	23	0.613	0.623	0.618	....(((((((((...............................)))))))))...(((......................................................)))..............................................................................................................(((((.((...((.((((....(((((...................................................................................................................................................................)))))...)).))))((...((((....(((((...............................)))))...))))...))...[.[[[[[.......................................................)).))))).(((((((((..........................................................................................................................................................................................................................................................................)))))))))........]]]]]]......(((((....)))))..	.......((((((...............................)))))).(((((((.......................................................)))))))...........................................................................................................(((((((..(((.((((....(((...........................................................................((((.................................................))))...................................)))...)).)))))((...((((((...........................................))))))..))......[[[[[.......................................................)))))))(((((((...(..........................................................................................................................................................................................................................................................................)...)))))))......]]]]].....(((((((....)))))))
RF00023	954	477	145.194	110	15	9	0.88	0.924	0.902	(((((((..............((((((((((((.........((.(((((((.((((.((((([[[[[.....(((((((.......]]]]].............))))))).................................................................................................................................................................................................................(((((((((..................................................................))))))))).......................................................................((((((..............((((...((((.......[[[[[[[......)))).....)))).............................................................))))))............]]]]]]].....................................(((((((((...........[[[[[[...........................)))))))))..............]]]]]]....((((((((((.....(((....[[[[..[[[...).)).....))))))))))............................................................]]]..]]]].........)))))......))))))))))))).......))))))))))))..(((((.......))))).)))))))....	(((((((......[[..[..[[[((((((((..............(((((((.((.(.((((([[[[[.....(((((((.......]]]]].............)))))))..................................................................................................................................................................................................................((((((((......................................[[[.........................))))))))........................................................................(((((((.............((((...((((.......[[[[[[[......)))).....))))............................................................)))))))............]]]]]]].....................................((((((((((..........[[[[[[[.........................)))))))))).............]]]]]]]....((((((((((.....(((....[[[[[[[[[...).)).....))))))))))............................................................]]]]]]]]]...]]...])))))).......)))))))))...........))))))))....(((((.]]]]..))))).))))))).]].
RF00010	996	458	156.996	102	14	12	0.879	0.895	0.887	((((.((.(.(.(.(.(..[[[[[[[.((((.((..(.((...................................................................................................)).).).).))))....(((.((((((((.(........[[[[..(.((.((................(((((.................................)))))(((((.................................)))).)((.......((.(((...............((.(((....((...(..(((.............................................................................................................................))).)....)..)...)))..))...........(((...((.(..................................))))))..((((.(.(.(.((.......)).).).).)))..)...................)))..)).))))))).))))...((((.....................................(((..(.((.........................................................(((((.]]]]....))))).........)))...)).)..................)...).))..............................((((.(.(.((....))).)..).).).)..............]]]]]]]...................................................................................))))))))...)..)))))).))))....	((((.((.(.(.(.(....((((((((((((.((..(.((...................................................................................................)).).).).))))....[[[.[[[[[(((.(........[[[[..(.((.((................(((((............(...)................))))).((((.................................))))..............[[...............[[..(((....((...(..(((.............................................................................................................................))).)....)..)...)))..((((.........(((...((.(..]..]............................)))))).(.(((.(.(.(.((.......)).).).).)))].].)......................)).))))))).)))).((((((.....................................(((..(.(((........................................................(((((.]]]]....)))))........))))...)).)..................)...).)).......................)..)...((((.(.(.((....))).)..).).).)............).)))))))...................................................................................]]]]]]]]......)))))).))))....
RF00030	1213	66	161.344	71	8	3	0.899	0.959	0.928	.(((((....(((.((......[[[.[[[......(((((((.................(((((((.........................................................))))))).........................)))))).).....(((.((((........................((..((.................................))....))........................................................................................................................................................................................................................((((((...............................................))))))...............................................................................................................................................................................................................................................................................(((.......((.(.(((.............((((.........((((....................................................................................................................((((.........))))..................))))..........))))...))).)))..............)))...................................................]]]]]]...((((((...........................................................)))))).........))))))).........))..).).).....))).))	.(((((....(((.((......[[[.[[[((....(((((((.................(((((.............................................................))))).........................)))))).))..)((((.(((((.......................((..((.................................))....))........................................................................................................................................................................................................................((((((...............................................))))))...............................................................................................................................................................................................................................................................................(((......(((.(.(((.............((((.........((((....................................................................................................................(((...........)))..................))))..........))))...))).))).)............)))................................(((................]]]]]]...((((((...........................................................)))))).)))....))))))))...).....))..).).).....))).))
RF02542	1752	46	217.48	215	95	151	0.694	0.587	0.636	...(((((.........))))).(.((((.(((((.(((((((((.....(((..(((..((...(((...((.........))....))).))......(((.......((((((((....((...(((((((......(((.....(((((((....)))))))......)))...........................................................)))))))..))))))))))(((..(.(((..((((((((.......))))))))))).....))))...((((.((((....))))...))))))).((((((..........)))))).((((....))))...)))).)).).....(.(((...(((((......))))).)))).)).))))))................................((((((.........)))))).........((..((((.........((((......((.....))........)))))))))).))))))))))..........(((.......((((...(((...................................................................................................................................................((((((((.(..(((((((((..((((((((...(((......)).)......)))))).).)..))....(..((.....)))))))))).))))).).)))...)))...))))....((.((((....((...((((...........))))...)))))).))..........((((((.((((((((((...................))))))))))...((......)).....)))....))).))).(((......((((....)))).....)))...........(((((.(((((((..((..(((((((((((((((((.......((((........)))).........(((((((.....((((((.......((((..................)))).....))))))...((.((((..(((((.((((...(((((((((....)))..((((.......))))...)))))).....((((..........................................((.........)).....((((((((.....)))))))).....))))....)))).)).)...).))))))).....)))))))...).).))))))))))...((((((..................................)))))).......(...((((((((.......))))))))...).....))))).....((((((((........)))))))).......))...)))))))))).))....((.((.(.((((((((..((((((((.((((((((..((.((........................................................................................................)).))))))))))))))))))..))))))))..).))..))......((((((((((....))))))))))........	...[[[<<(((((((..((]]].(.((((.(((((.(((((.........[[[.[[[[[[........................................(((........((((((..........(((((((......(((......((((((....)))))).......)))...........................................................))))))).....)))))).............((((((((.[[[[..))))))))....................((((((.....))))))[[....[[)))(((.........{{.]].((((....))))[[[[[)).).......((((((...(((((......))))).))))))...)))))................................((((((.........)))))).........((..((((((.((....[[[[)).))..................]]]])))))).))))))))))......]]]]].........((((..}}.....................................................................................................................................................((((((......(((((((....((((((((......................)))))).).).....................)))))))....)).).))).........))))....((.((((.((((((....)))))................))))).))..........(((....((((((((((...................)))))))))).........................)))..........((..((((....))))................(((...]].{{{....((((.....)))){{{{{{{{........)))((...))>>..........]]]](((((((.....(((((((......((((..................))))..)..)))))).......]]]]]]]]].....................[.......((]......))...............(((((..........................................................[[...(((((.....)))))........)))))....[[[[[[.....[[..[[........)))))))]]...]]}}}}}}}}[[[.((((((((................................)))))))...)........(((((((]]]....)))))))..........(((.......((((((((.(.....))))))))).)))......]]]]]]}}}.{{))..............(((((....((((((((.(((((..(..((.((........................................................................................................)).)))..)))))))))))))....)))))....]]...}}..........((((((....)))))))))))))))...
RF01959	1958	86	357.246	335	128	122	0.724	0.733	0.728	...(((((.......))))).((((((((((.((((((((((.....(((.(((..(((...(((.......((((...................)))).......)))..)))......(((.......((((((((..((...(((((((.((((....((((..(.(.(....)))))))......))))....((((((((..((.........))))))))))......((...................................)).)))))))..))))))))))(((..(..(((..((((((((.......))))))))))).....))))..((((((((....))))....))))))).((((((..........)))))).((((.....))))...)))))).).....(.(((...(((((....))))).)))).))))))).))...((((((((.............))))))))...((((((((.........)))))))....)...((((((........((((.....((.....)).......)))))))))).))))))))))..........(((.....(.((((.(.(((.(((((((.(.((((((((((....(((((((.....))).))))...)))))))))..)))).))..)))...((.(((((((..((((.(((((..((((((((...(((......)))......))))))))..))....(..((....)))))))))).)))))).)))...))))..))))....((((((...((...((((.........))))...))))))))..........((((((..((((((((((((((........))))))))))))))...((....)).....)))))))))).(((......((((.........................................))))................................................................................................................................................)))........(((((.(((((((..((..((((((((.(((((((((....((((........)))).........(((((((...((((..((......(((((((.......))).))))........)).))))...((.((((..(((((((((.............................................................................................................................(((((((((....)))..((((......))))..)))))).....((((...(((.((((...((..(.((((((.......))))..))..).))....)))))))..((((((((......)))))))).....))))....)))).)))....))))))))....)))))))....)).))))))))))...(((((((.....(((....((...((((.....)))..)..))....))).......)))))))......(....((((((((........))))))))...).....))))).....((((((((.......))))))))......))...)))))))))).))..(.((.((.(..((((((((..(((((((((((((((((((((((((.........................)))))))))).)))))))))))))))......))))))))..).))..))........)...((((((((((..............))))))))).)...........	..{{{{{{{((([[[[[[[..((((((((((.(((((((((......[[[[[[[........(((.......((((...................)))).......)))..[[......[[[[[[.[[[.......((.......(((((((.(((((((..(((..(.(.(....))))))....)))))))...(((((((((..((.........))))))))))).............................................)))))))....))[[[[[((((((((.(((..((((((((.......)))))))))))..)))))))).((((((((....))....))))))....((((((((......)))))))).((((.....))))................(((((...(((((....))))).)))))))))))).))...((((((((.............)))))))).((((((((((.........)))))))).))....((((((........((((((...(.....]]]]])..)))))))))))).))))))))))....]]]]]]]]][[[[..[[[[[......(((((((((..((((((((((...((((((((.....))).)))))..))))))))))..))).))..))))..[[.[[[[.....[[[[.[[[[(((((((((((((((((......))))...))))))))))...]................]]]]]]]....]]].]]].........]]]]]..(((((((((....}}}}}}}]]]].(((....)))))))))))).[[[[[...(((((((.((((((((((((((.(.....)))))))))))))))...............)))))))...........)))((((.........................................))))...(............................................................................................................................................((((......((((((((....((.....((((((..(.(((((((]]]]].(((....)))..]]...........(((((((...((((..((......(((.(((((...)))))..)))........)).)))).........]]]]]]].....((...........................................................................................................................((((((....[.......((((......))))..))))))..))(((((...(((.(((((((((..(.((((((.......))))..))..).)))).)))))))).....(((((......)))))........)))))((]]]]]]]].......))........))))))).......))))))))...(((((((((.....((.....((...((((.....)))..)..))...[[)).......)))))))))..........(((((((........)))))))..........))))))....(((((((((.....)))))))))...........))[[[[[[..........)))))).))(((......(((((((((((((..((((((((((.........................))))))))))...)))))))))))))]]....]]]]))))))))..................((((((((((.]..........].))))))))).).))).......
RF00177	1980	99	511.542	333	130	129	0.719	0.721	0.72	........(((((.........))))).((((.((((((..(.(((..((((.(....(((.(((..(((..(((.((.............(((((((.........)))).).))...............................................................................................................................))..)).)))).......(((......((((((((....((...(((((((.((..((....(((((((....))))))).....)))).....((((..(((..(((........)))..).)).).).))......(((..................................................................))).)))))))..))))))))))(((..(.(((..((((((((.......))))))))))).....))))..((((.((((....))))...))))))).((((((..........)))))).((((....))))...)))))).).....(.(((...(((((.....))))).)))).)).))))))..((((........((((.........)))).....))))...(((((((....(......(((.......................))).......)....))))))...)..(((((......(((((.....((....)).......)))))))))).))))))))))..........(((.....(.(.(((.(.(((.(((((((..((((((.(((((....((((.(((.....))).)).))..)))))))))..)))))).)))....(((((((((..(((((((((..((((((((...(((......)))......))))))))..))....(....((....)))))))))).)))))).)))...))))...)))).....(((.(((...((...((((..........))))...))))).)))............((((..((...((.((((.((((((.....................................))))))))))))...........((....)).....))))))))))...(((........((((....))))....))).........(((((.(((((((..((...(((((((((((((((((....((((........)))).........(((((((.....(((.(((((..............(((((((.....)))))))...((((......................................))))....))))).))).(.(.((((..(((((((((...(((((((((....)))..((((......))))...)))))).....((((.(((((((...((...(((........................)))..)).....)))))))..((((((((........)))).)))).....))))....)))).)))...))))))))....)))))))...)).))))))))))...(((.((((......(((.....((...(((....)))....))....)))......)))))))......(...((((((((........))))))))...).....))))).....((((((((.........))))))))......))....)))))))))).))..(.((.((...((((((((..((((((.(((.(((....(((((.(...((((...((..........)).)))).))))))...))).)))))))))..))))))))......))..))..).(((.(((((((....)))))))...)).).............	........(((((.([[[.((..(((((((((.((((((..(.(((..(((..[[.....[[[[[[.........................(((((((.........)))).).)).................................................................................................................................................(((......((((((((....((...((((((((((.........((((((....))))))......[[)).....((((..(((.((((........))).)).)).).).))......(((..................................................................)))))))))))..))))))))))((((((.(((..((((((((.......)))))))))))...))))))..((((.(((.........)))))))))).((((({{{{{.......))))).((((....))))................(((((...(((((.....))))).)))))..)))))))..((((........................{{{...)))).(((((((((...........((((................).....)))............)))))))))...((((([[[[..(((((((.....]]]]..]][[[)))))))))))).))))))))))........))))).....{.(.(((.[[[[[(((((((((..(((((.(((((....((((.(((.....))).)).))..))))))))))..))))).))))...((((((((...(((((((....((((((((((...........[[[...)))))))))).............{{{......)))))))..))))).)))..........)))).....[[[.[[[[.......[[))............]]....]]]].]]]............((((..((.(.((.((((.((((((.....................................))))))))))))................]]]....))))))).]]]..]]........(.(((}}}...))))))))))(((..[[[.(((((((((((((..((..((((((..((((((((((((..]]](........)...)))).]]].((((((((((((.((((((((..............(((((((.....)))))))...((((......................................))))....))))))))........]]]]]]...((...(((((((([[[[[[[.....(([[[[......))...))))))..]]]](...(((((((..(((...(((........................)))..)).)...))))))).......(((........)))<.<<<<......)...)))))))))....]]]]]]].}....)))))))......))))))))}}}..(((.((((......(((.....((...(((....)))....))....)))......)))))))}}}}}......(((((((........)))))))..........)))))).)).(((((((...........)))))))............))))))[[[[........)))))))((((......((((((.(((.(((......(((.(....(((...((..........)).)))..)))).....))).)))))))))......))))..........]]]]]](((.(((((((....)))))))...)).).]]].>>>>>)))
RF01960	3277	90	743.94	236	168	211	0.584	0.528	0.555	...(((((.......))...))).(((..(((((((.(((((((((.....((.(.(((..((...(((..................................((...........................)).....)))))......(((.......((((..((...((.....((((...................................................................................((((.....(((((.((.....))))))).....))))..........(((((..((.....................................................................))....).))))....((((((..........((((.................................................................................(((........))).................))))........))))))..................((((....((((............................))))...))))....))))....).)))..))))(((..(..(((.......((((.((.((................)).)))))).))).....))))...((((((((..............................))))....).)))))..).((((((..........)))))).((((....))))...)))))).).....(.(((......(((((........)).))).....)))).)).))))))........................((.(((.(((.(.((((..................)).))..)).))))..)..))..........(((..........(((.............)))..)...)).........((((((........(.(((.....((....))........))..))))))).).).)).)))))))............(((........(.........((((....(((.........................................................................................................................................................................................................................................................................................................................................................................................................................................................................................................................................................((((..((..(((....(((((((((..(((.((.(.((...((....(............))).......))))).))).....))....(....((.....)))...)))))))..)))))....)))).....))).....))))....((((((....((...((((..........))))....)).)).)).))...........((((.((.(((....(((((((.(..(((.........................................................................)))))))).))).........))).....................((....)).....)))....)))........)))).(((..........((.((....)).))......).))..........(((((..(((((((....((...(((.((((((.((((.((((.....((((........))))..........(((((((...........(((((.........((.((.((.................)))).))........)))))....((.((((..((((((((.(...((.(((.((((.......)))..((((.........))))...)))).)).....((((.(.((.((((....((((..................................................................................................................................................................................................................))))...)))))).)...(.(((((.((................................................................)))))))).....))))....).))).))).....).)))))))......)).)))))...)).)))))))).))...(((((((.....(((..............................................................................((...(((..(......))).).........))......)))..............................................))))))).........(...((((((((.....................))).)))).)...).....))))).....(.((((.(.((........))).)).))).........))....)))))))))).))..(.((.((..(.((((((((..(...(((.(((((((((..(..(((((.((.((((((.....((.(((((....((((...........................))))..)..))))....)...).))))))))))))))...))).))))).)))))..))))))))..).))..))..)..(((.(((((((.......)))))))))).........	...{((([[[[[[[[.).....}......((((((([.......[[[[[[[...............[[[..................................(((.........................)))...[.[[[[.....[[...........(((.............((((((...............................................................................................(.((.....))).......................(((((..((.....................................................................))....).))))....((((((..........(((..................................................................................(((........)))..................)))........)))))).................(((((....((((............................))))...)))).).))))).).........))).........(((.......((((.((.((................)).)))))).)))......((((((...(((((..(...............................))).).))...........(]]((..............................))..).......)))))..)...(((((........)).)))...........................................((.(((.(((.(.((((..................)).))..)).))))..)..))..........(((........(.((...............))..).).))........(((((((........(.(((......[[<<<<<.<<.....))..))))))).))).)).)))).........]]....]]]]]..................((.((...........................................................................................................................................................................................................................................................................(.((..............)))...(((((..................................................))..)))...............................((((.((((............................................................................................................................))))....))))...((.(((((...................[[[[.((((.(((.((.(.((................................))))).)))...).)))...........(((((((...((]]]]....)))))...)))))).).))))(.(.((((....((((((.(.......((((.[[[[.....)))).....).)).)).))((((...............(((...((((((((.(..(((.........................................................................)))))))).))).).......))).......................((...........................)).............))))...........]]]].]..].].....{{.{{{{{{{.......(((.(.(((((.............>>>.>>>>.]]]]]]][[.....................[[[[[.............(((((.........[[.[[.[[.........[[[....................)))))...)))))))))......))).)))...............]]].]]]]]]..}..}}}}}}.}}.....)))).......(((((.(.((.((((....(((....................................................................................................................................................................................................................)))...)))))).){{.{..((((.((................................................................)))))).......))))).......))......((<<..((............]]]]]))....)).......((.((((((((((....(((..............................................................................((.(((((..(......))).).))......))......)))......).......................................)))))))..))..........((((((.......................)).)))).......(((....))).)).(.((((.(.((]]......))).)).))).........}}}...........((.>>..............((((.((..(..((((.(((((((((..(..(((((.(....((((.....((.((((.....((((...........................)))).....))))....)...).))))...)))))))...))).))))).)))))).)).)))).........))]......(.(((((((.......))))))))]].]]]]]]..
RF02540	4236	91	1876.197	637	242	149	0.725	0.81	0.765	.....((((..........((.((((((((.....(((...((((((((...((.......(((((((........)))......((((((...(((.........)))......))))))...))))...(((....))).................................(((((..........................................)))))......((((((.....((....))......))))).).........((.........))...(((((......((.....))....)))))...((((....(((.......((((.......))))..........)))............((((........................((((..............(((...(..(.((.(..........))).)...)...(...).(((.......)))...)))..............))))........).)))................(((((((.........)))))))..............(((((........)))))..))))......))..)))))).))................((....))....))......................................).....))))))))..)).......((((.((((((....((........(((((((.....(.....(((((.....)))))..........).....)).)))))..........)).))))))))))..((((........))))((((((....((((.(((((((((...((((..((((.......))))...))))...((....)).....((((...((((...................))))...))))...((((.......)))).....)))))))))))))..((.(...(((.(((...((((((((((((.((((...((((((.(....)))))))....)))).....((((.((.((........)))).))))..).))))))))))).(((.....)))......)))))).......).))..((((((....(((((....))))).(((((((...(((..((((((((....(((.....(((((((.(((....((((((.......))))).)..))))))))))...)).)....))))))))))).......))))))..)...((.(.((((.((.......)))))))))....(((......)))...(((((((...(((.......(.((((((...................(((.((((((((((.......(((((.(((..(((.........)))..)))(.............................................................................................................................................................................................................)(...((......)).).)))))...))))))))))))).....................))))))))))...)))))))((.(.((((...........)))))..))....))).)).)(.((((((((((......(((((.(((....))))))))...)))))).))))..).....)))))).................((((((........))))))((((.....((((...((...((((((....((......)).))))))......(((.((...(((((((((.......)))..)))))).....))...(((((........)))))..((.((((((........................................(((.........(((((((((..(((((.((((((....................))))))...((.(.(.......(.((((((((.(((.....))).)))))))..)).............))))...........(.......).......)))))...)))))))))............)))....................)))))))..).)))..)).....((......)).)))).((((.......))).).))))...((((.....((((.((((.(((..............(((((...((....))....)))))(((((((..((................................)).....)))))))(...).......(((.((((((..(((.........)))...(((((((((..((((.....))))..)..))))))))..((((.(((..(((((((..(((....(((((......)))))....))))))))..)))))((((((.......))))))(...........................................................)..............................((((((...................))))))..........))))...)).))))))).................))).)))))))).))))..............(((((.........................)))))..((((((((.............(((.((......((((.(((((((.((((...(((((((..((((((.((.(((((.(((((.........(((((..(((.................................................................................................................................................................................................................................................................................................................................................................................................................................................................................................................(((((......))))).......))).............)))))))))))))))))))))))...((((...............)))).....)))))))....))))..((((.....))).)((((((...........))))))..((....((((((((.((((((.......))))))...))((.......)).....))))))....(((((((((..........))))))))).(.(....).).))..........(((((.(...((((............)))))).)))).........)))))..))))))........(((.((((((((...((.......))...)))))))..))))..........(((((((((((..((..(((((......)))))....)).(((((.....))))).....)))))..)..)))).).....(((((((....))).))))....))..)))))))))))......((((((((..((((..((((((((...............))))))))(((((...(((....((((((((((.....)))))...)))))....))).)))))...(((.....(((((...........)))))....))).)))).......))))))))...............................................(((((((((.......)))))....(((((((((((..(..(((((..(..............)...))))))...)))..))))).)))...)))).......)))).....	(((((((((....(.....((.(((((((((...[[[[.[(((((((((.....[[......(((........{{{{{.......(((((((.((((.........))))....)))))))...))).<<<......((((((((........................)))))(((((..........................................))))).]].{{{(((((........[[[[[......))))).)))......................((((((...................))))))..((((.........(((((((((.......)))).)))))]]]]].........(((..((((((.....................((((((..((((((...(((((......(.((.(..........))).)...............(.......)[[[..)))))..))))))...)))))....).))).))))......).)......(((((((.........)))))))............(.(((((..<<<<<.)))))).))))..........)))))).))).....................................((((((......))).)..))..............)))))))))..))......(((((.((((((....((.......((((((((...........(((((.....)))))................)).)))))).........)).)))))))))))....(((....)))]]]((((((([[(((((.(((((((((...((((..((((.......))))...))))................((((...((((...................))))...)))).(.((((.(....))))))....))))))))))))))..<<<<<((((.(((((((((((((((((((((((...((((((.(....)))))))....)))).....((((...................)))).)).))))))))))))(((.....)))..))..)))))).)........}}}{{{{{{....(((((....)))))..((((((...(((..(((((((((...(......((((.(((.(((...(((((((.......))))).)).)))))).))))..]])....)))))))))))).......)))))).....(((.(.((((.(((.....)))))))))))..................((((((((..(((.........(((((((..................(((.((((((((((.......((((.((((.............]]]]].))))...........................................................................................................................................................................................................................[[[[[))))[[[)))))))))))))..........[[[[[[[[..))))))).)))..))))))))((.(.(((((.........))))))..))....}}}.}}.}..((((((((((......(((((.(((....))))))))[[[)))))).)))).......)))))))...((............((((((........))))))((((...((((((.(.((..((((((((...((......))))))))))(((.....]]])))(((((((((.......))..)))))))..........(((((........)))))..[[.[[[[[[...........(((....)))............[[[[[[[[[[.........(((((((((..(((((.((((((..((....))..........)))))....((.(.(......((.((((....(((((...)))))....)))..)))............)))).....(((((((.......)))))))))))))...)))))))))))..........]]].]]]]]]]............]]]]]]]..].......................)))))))((((.....))))...))))(((((((.....((((.((((........(((((....]]]]]]]]...>>>>>..........(((((((..(((((((......................))))))).....))))))).[[[[[......[[[.[[[[....(((((.....)))))...((((((((...((((.....)))).....))))))))..[[((((((...(((((((........(((((......)))))......)))))))...))))))(((.......)))......(........................................................(((...............(......))))))))))((...................))................]]......]]]]]]]]]]].............][[[)))))))).)))))))..........((((((.(......)................)))))){{{{{{{{{............{{{.........(((((.(((((((((((((.((((((((..((((((.((.(((((.(((((.........(((((..(((.............................................................................................................................................................................................................................................................................................................................................................................................................................................................................................................(((.(((((......))))))))....))).............)))))))))))))))))))))))...(((((.............))))).....))))))))..)))))......]]](.....(((((((((.......))))))))))....(((((((((..(((((((.....)))))))...........[[[......)))))))))..((((((((((........)))))))))).(((....)))...]]].......(((((.(...(((((.....>>>>>))))))).))))........))))))..)))))))...........((((((((............{....))))))))........]]]}..........(((((((((((((((......))))))).))))))))..........>>>..........]]]]].........((((([[......).)))).....)).}}}}}}}}}}}}....(((((((((..((((..((((((((...............))))))))(((((..........((((((((((.....)))))...)))))}}}}}...)))))...(((.....(((((...........)))))....))).)))).......)))))))))..............................................((((((((((.....))))))....((((((((((((...((((((..((............)).]]))))))..))))..))))).)))...))))....)..)))))))))
RF02541	5241	102	3144.489	666	149	180	0.817	0.787	0.802	(((..(((((...........(((((((.(((.....(((....(((.((((((((((.....(.((((((...........)))......(((((((..(((.............))).......)))))))...))).)...(((.......)))(((((((.....................................................................................................................................................................))).))))..(((.(.(..((((...............................................))))..)).).).).)).....((((((......((....)).......))))).)..........((...........))...((((((.....((.....))....)))))....((((....((((..(((..............................................................))).))))......((.(..(((((..................................(((((.((..(.((.(((....(((...(.(.(.(.(.......)))))..(.....).(((.......)))...)))...)))))...)....))))))).......))))).....)))......(((((((((........))))))))).......(((((........)))))..))))..)..)).))))))).))................((....))....))..........((((.....)))).............)......)))).)))))).......(.(((((((((((..............................................................................................................................................................................................................................................................................................................................................................................................................................................................................................................................................................................................................................................................)))))))))))...((((........))))((((((....(((.((((.((((((.....((((..(((.................)))..))))...((....)).........(((((...........)))))..........................)))))))))))))...((.(...(((.(.((...((((((((((((.((((...(((((((.....)))))))....))))...((.(.(((((........))))))))..).))))))))))).(((.....)))......))))))......).))..((((((....(((((....))))).((((((((....(..((((((((((....(((....(((.((((....((.(((((.....))))).))...)))).)))..)).)....))))).))..))).....)))))))).)...(((.(((((((......)))))).)))).....(((......)))...((((.(((...(.((......(.(((((.(...................(((.((((((((((.......(((((.(((..(((.........)))...)))(...)(...((......)).).)))))...........)).)))))))))))......................))))))))))...)))))))((((((((............................................................................................................................................................................................................................................................................................................................................................................................................................................................................)))))).))....)))).)).(.(.((((((.(((......(((((.(((......)))...)))))...)))..)))))))..).....)).))))((......((.......((((((.........))))))((((........((((..((...((.((((..........((.....)).)))).))......((((..((...(((..(.(((..............).))..).).))....))....(.((((..........)))))..(((((.(((...(((.........................................................................................................((....((((((...((((..(((.....(((((..((((((.............)))))).((....((((.....(((.......(((((((.....((.....))........)))))))..........)))....))))...........))..((......(((((..............))).).).....).).......))).))......)))...)).)).........)))))).....))........))))).)))..)))))))..)).....((......)).)))).((((........))))..))))..((((....((((((((.(((...............(((((...((....))....)))))((((((................((.((((.......))))))...............))))))(....)........(((((((((..(((.........)))..(((((((((...((((..........))))..)..))))))))..((((.(((..(((((((..(((....((.(((((((..((.....................................................................................................................................................................................................................................................................................................................))...))))))).))...))))))))..)))))((((((.......))))))(....).....(.........((((((.....))))))).........))))...))..)))))))....))).)))))))).))))))....)))....(((((........)))))..((((((((.(((.((......((((.(((((((.((((...(((((((..((((((((((((((((((.........(((((..(((......((((((((....))))).)))...))).............)))))))))))))))))))))))...(((....(((.(((.......)))))).))).....)))))))....))))..((((.....))))((((((...........))))))(.((.....((((((((.((((((.......))))))......))((......))......))))))....(((((((((......))))))))).(((....))).))..........(((((((..((........))))))))).....)......)))))..))))))........(((.((((((((...((........))...)))))))..))))..........(((((((((((..((.((((((......))))))...)).(((((.....)))))......)))))..)..)))).).....(((((((....))).))))....).)..))))))))))).....(((((((.(...((((..(((((((................)))))))((((((...(((.....(((((((((((.......))))))...)))))....)))..))))))..(((....(((((............)))))....))).))))......))))))))..(((......................................................................................................))).....(...(((((((((.......)))))....(((((((((((..(..(((((.........))).))..)....))).))).)).)))....))))...)....)))).).)))..	(((..(((((...(.......(((((((.((((...[[.[.[..(((.((((((..((.......(([[[[....................(((((((.((((.............))))......)))))))....)).....(((.......)))(((((((.....................................................................................................................................................................))).))))..(((.(.(..((((...............................................))))..)).).).).))......(((((..(.((((...{{{))).)).)))))..............................((((((..................))))))...<<<.....((((..(((((((......................................................))))))).)))).....(((.((.(((((...................................((((.((..(.((.(((....(((...(.(.(.(.((....).)))))..........(((....{{{))){..)))...)))))...)....))))))........)))))..)..))).)((((((((((((.]]]].....)))))))).....(.((((((....)..))))))]]>>>...)))).))))))).)).............................(..........((((.....))))............)[.[[..))))).)))))).........((((..(((((..............................................................................................................................................................................................................................................................................................................................................................................................................................................................................................................................................................................................................................................................)))))..))))....(((((((........(((((((..((((.((((.((((((.....((((..(((.................)))..)))).....................((((...........))))...........................))))))))))))).).......((((.(.((((((((((((((((]]](((...((((((.......))))))....))).....(.((.((((........)))))))[[[[[)))))))))))).............))..)))))))..{{{......((((((....(((((....)))))..(((((((.......(((((((((...[[.((....(((.((((........((((.....))))]][[...)))).)))..)).......)))).))..)))......))))))).....(((.(((((((......)))))).)))).....(((......)))...((((.((}}}.(.((........(((((.(.(.................((.((((((((((((......(((((((((.(((((.......)))))..)))).....................)))))........)..)).)))))))))))..........}...}}}..)..)))))).)))....))))))((((((((...((((.................................................................................................................................................................................................................................................................................................................................................................................................................................................................)))))))))).))]]..)))).))...(.((((((.(((......(((((.(((......)))...)))))...)))..))))))).......))).)))).................((((((.........))))))((((........(((((.....(((.(((((.........((.....))))))).)))................(((....(((..............).))....).))..........(.((((..........)))))..(((((.(((...(((.........................................................................................................((.....(((((...((((..(((.....(((((..((((((.............)))))).......((((.....(((......((((((((.....((.....))........)))))))).........)))....)))).......................(((((..............))).).)...............))).))......)))...)).)).........)))))......))........))))).)))..)))..{{{{{{.....[[[[[[....))))).((((........))))..)))).[[[[[....[[[[[[[[....[[[[...........(((((...............)))))((((((................((.((((.......))))))...............))))))..((.(........(((((((((..(((((.....)))))..((((((((.....(((..........)))......)))))))).(((((......{{{{{{...............(((((..((.....................................................................................................................................................................................................................................................................................................................))...))))).......................((((((.......))))))..((.((..........))))(((((...]]]])))))..........)))))..))..)))))))........]]]]]]]].]]]]]............(((((((....)))))))......................[[[[[.[[[.....(((((.((((((((((((((((((((((((((...........(((((..((((.....((((((((....))))).)))..)))).............)))))..))))))))))))))))...(((....(((.(((.......)))))).)))...))))))))))..)))))..............(((((((...........)))))))......(((((((((..((((((((...)))))))).............[[[.......)))))))))..)))(..((((....))))..)....(((....)))...]]].....((((((((((.(.........))))))))).......)))))))))]..]]]]]]]..........(((((((((..................)))))))))}}}}}}..(((]]]]]](]]]]].]]((((((((((......))))))).))).(((((.....)))))........}}}}}}...)..............)))...................[[[..............(((((((.(...((((..(((((((................))))))).(((((...........(((((((((((.......))))))...))))).........)))))...(((....(((((............)))))....))).))))..}}}.))))))))..(((......................................................................................................))).........(((((((((.......)))))..]]](((((((.......((((((.........))).))..)........))).)).)).....))))......).)))).).)))..
RF02543	8395	88	4989.273	590	239	282	0.712	0.677	0.694	.......................((((((.....((....)).......))))).).........((....))...(((((......((.....))........)))).)...((((.......((((((((((((((((.....................................)))))...)).))...)))))))....((..((((....((((.............................................(((((.((.......(((((((....(..((.((......))))....).....................(...)...((..............................................))............))))).))............))..)))))........))))......))))..)).............(((((((.........))))))).......(((((...........)))))..))))..................................((....))................((((....))))......................................((((((.((((((.......(....(((((((..................................................................................................................................................................................................................................................................................))).))))...)....(((((((..................................................................................................................................................................................................................................................................................................................................................................................................................................................................)))).))).........)).))...))))))))..((((........))))((((((....(((.((((((((((..(((..((((((...........................................)))))).....)))...((....))......................................................................................................(((((..(((................................................................)))...))))).(((.((.(((......((.........................................................................................................................)).....))).))).))......)))))))))))))..((.(...((((((...((((((((((((.((((...(((((((....)))))))....))))...((((.((.((........))).)))))..).))))))))))).(((......))).......))))))......)..))..((((((....(((((....)))))..(((((((..................................((((((((....(((....((((((((((..((((((..(.......)..))))))))))))))))..)).)....)))))).))...(((.(.((.(((..............................................................................................................................................................................................................................................................................................................................................................................................................................................................................................................................................................................................................................................))))).).)))...................))))))).....(((.(.((((((.....))))))))))....(((......)))...(((((.(...(((......(.(....(((....................(((.((((((((((.......(((((.(((..(((..........)))..)))(...)(...((.........)).).)))))....)))))))).)))))......................))).......)).)))...).)))))((((((..(((....................................................))))))).))....))).......)).)..(.((((((((..(.(.................((.......(((.....)))...))......)).)).))))))..).....))))))...............((((((................))))))((((......((((..((...(((((..(...((.....)).))))))......(((.((...(((.((..((.(.....)).)..)))...........(((.............................................................................................................................................)))...........))....))...(((((.........)))))..((((......................................(((((((.............((((.....................................................))))..........((((((...((((..(((((((.(((((.((((.........))))))....(((.((.................((...(((((((((((......)))))))..))).)...))..................).).)))......(((((((.......................................................................................))))).))..)).)....))))).))..)))).........)))))).......................................................................................................................................................))....))))).........)))).)))..)).....((......))..)))).((((......))))..))).)...((.((.....((((((((..(((..............(((((....((.........))....)))))((((((((((((((.(((.(..(.((((.(((...((.((.....((((.....(((.(.(((.(.((((.(((((((((.(((((((............................................................................)))))))).))))))).)))..)))...)))))))...)))).......)))).)))..................................................................................................................................................................................................................................................................................................)))))))))............)).)))..)))))))))(....).......(((((((((..(((..........)))..((((((((...(.((((.....))))...)....))))))))..((((.(((..((((((.(..(((....(((((......)))))......))))))))..)))))((((((.......))))))(....................................................................................................................................................................................................................................................................................................................................................................)..................((.((((.....))))))..........))))...)).)))))))....))).)))))))).))))............(((((.............)))))..((((((.((..(((..((......((((.(((((((..((((...(((((((.....((((((((((((((((((.........(((((.......((.............................................))............))))))))))))).)))))))).))....(((((......((((.....(.((((......................................................)))))...................(((((.......................................................................................................................................................................................................................................................................................................................................................................................................)).)))...))))......)))))......)))))))....))))..((((.....))).)((((((...........))))))..((....((((((.((.(((((.(........))))))...))((........))....))))))....(((((((((.......))))))))...).(((....))).))..........((((((..........((((............................................................................................................................................................................................................................................................................................................................................................................................................................................................................))))))))))..........)))))..))))))........(((.((((((((...((.......))...)))))))..))))..........(((((((((((..((.((.((((......))))))...)).(((((................................................................................................................................................................................................................................................................................................................................................................................................)))))......)))))..)..)))).).....(((((((....))).))))....))..)))))))))))...................................((((((((..((((.((((((((...................))))))))(((((...(((....(((((((((((......))))))..))))).....)))...))))).....(((.......(((((............)))))....))).))))...............))))))))................(((.((((.................................................................................................................................................................................................................................................................................................................................................................................................................................))))))).....(((....(((.((((.........))).)....)...........(((((((((.((..(..((((..((((((((.............................................))))))))))))...)...)).....)))...))))))....)))))..	.......................((((((((....(((..(((................................(((<<<..........................).).)............((((....(((((((((......).............................)))))...)).).......))))....((..((((....((((............................................((((((.((.......(((((((.......((.(((....)))))....................................................................................<<<.........))))).))............))..))))).)......))))......))))..))..{.....{{{{{(((((((.........))))))).....(.(((((...(..[[[[))))))).......)))...........<<<[[[[[.............(((((((((..............................................................((((((.((((((............(((((((.((.............................................................................................................................................................................................................................................................................))))).)))).....((.((((((((................................................................................................................................................................................................................................................................................................................................................................................................................................................................))))).))))).......)).))...))))))))..((((........))))[[[[[[[..((((.((((((((((..((((((((((.............................................)))))...))))).................................................................................................................(((((...((.((((.......................................................)))))).[[[))))).(((.((.(((...(..((.........................................................................................................................))..)..))).))).))......)))))))))))))).......(((((((...((((((((((((.((((...(((((((....)))))))....))))....[[[...(((((......]]]...))))).))))))))))))...(((..........))).)))))))............[[[[[[....))))))))).......[[[[[[[....................................(((((........................((((((.(((.....))).))))))...(((...........))).)))))......[[[.[.[[.[[[...)))........................................................................................................................................................................................................................................................................................................................................................................................................................................................................................................................................................................................................................................]]]]].].]]]...................]]]]]]].....(((.(..(((([[[....)))).))))............]]]....(((((((...((((.......(..((((((............(((....(((.((((((((((.......(((({{{{{{{{.........................((((((...))....))))..))))....)))))))).))))).....))).............)))))).....)).)))...)))))))((((((..(((....................................................))))))).))....]]].......]].]....((((((((..(.(.................(((...(.((((.....))))))))......)).)).)))))).]]]...]]]]]]]...............((((((................)))))).........(((((......((((((..(.(((....)))..)))))))..[[[[[[[[[[..(((.(...((.(.....)).)................(((.............................................................................................................................................))).........)))).........(((((.........))))).(((((......................................(((((...............((((.....................................................))))..........((((((...((((.((((((((.((((..(((...........)))......(((.((................(((...((((...((((......)))).....))).)...)).)................).).))).....((((((((.......................................................................................))))).)))))).)....))))).))).)))).........)))))).............................................................................................................................................................))))).........)))))....................>>>.)))))...................................((((((.......(((((..........((.....................]]]]]]]]]]((((((((((.(((.(..(.((((.(((..(((.((.....((((.....(((.(.(((.(.((((.(((((((((.(((((((............................................................................)))))))).))))))).)))..)))...)))))))...)))).......))))))))..................................................................................................................................................................................................................................................................................................)))))))))............)).)))..)))))........>>>))...>>>{{{{{)))))((((.{{{{{))))...((((((((.....((((.....))))........))))))))..[[[[[[.[[[[[........[[[............(..((((.......(((((..........((((((.......))))))...(.................................................................................................................................................................................................................................................................................................................................................................((((.........)))))..(.(((.}}}}}.))))))))).)))))..........}}}}}}}}}}}}}...))))))............[[[[.((((((.............))))))....))).))).))..........((((((........}}}}}}....(((((.....(((((((((((((((((..........(]]]].......((.............................................))................).))))))).)))))))).))....(((((.(....((((.....(.((((......................................................)))))...................(((((.......................................................................................................................................................................................................................................................................................................................................................................................................)).)))...)))).)....)))))..]]].)))))........{{{{{]]]]]...((.((((((((((.....))..))))))))))..((((((((.(..(((((.(.]]]]]].))))))....................))))))))).............................................]]]]]...(((((((..........(((((.]]]].)....................................................................................................................................................................................................................................................................................................................................................................................................................................................................))))))))))).............[[{{)))))).]]((((....((}}....}}}}}.[[[[...((((((((.............)))))))).............(((.((((......)))))))................................................................................................................................................................................................................................................................................................................................................................................................................................................(....)))....))))...................................................((((((((..(((((..(((((.....................)))))..(((((..........(((((((((((......)))))..))))))...........))))).....(((((.....((((]]]]..........))))..))))))))))...............))))))))..............(((((.(((((((...........................................................................................................................................................................................................................................................................................................................................................................................................................)))))))))))..).(((....((....................................(((((((((.......(((((....((((((.............................................)))))..)))))...)..........)))...))))))....)))))..
