NAME	LEN	DEPTH	TIME	TP	FP	FN	PRC	RCL	FS	DBN	PRED
RF00094_2_1	115	2	1.534	16	16	15	0.5	0.516	0.508	..(((((((..[[[[.[[[........(((.[[.....))))))))))]]....((((((((..(((.(......)...)).)....))..)).))))........]]]]]]]..	...[[[{{{..((((.(((........(((........]]]}}})))))))...((((((((..((((..[[[..[..))).)....)).).).))))....]...]]].)))..
RF00094_2_10	115	2	2.052	29	10	2	0.744	0.935	0.829	..(((((((..[[[[.[[[........(((.[[.....))))))))))]]....((((((((..(((.(......)...)).)....))..)).))))........]]]]]]]..	[[[[[[[[[..((((.(((((......[[[{..((((.]]]]]]]]]]]]....((((((((..(((((}.....)..))).)....))..)).))))))))..)))))))))..
RF00094_2_2	115	2	2.563	28	8	3	0.778	0.903	0.836	..(((((((..[[[[.[[[........(((.[[.....))))))))))]]....((((((((..(((.(......)...)).)....))..)).))))........]]]]]]]..	(((((((((..[[[[.[[[[[......(((....[[[.))))))))))))....((((((((..((((.......)...)).)....))..)).))))]]]...]]]]]]]]]..
RF00094_2_3	115	2	3.078	29	6	2	0.829	0.935	0.879	..(((((((..[[[[.[[[........(((.[[.....))))))))))]]....((((((((..(((.(......)...)).)....))..)).))))........]]]]]]]..	.((((((((..[[[[.[[[........(((...[[[[.))))))))))).....((((((((..(((((......)..))).)....))..)).))))]]]]....]]]]]]]..
RF00094_2_4	115	2	3.59	25	12	6	0.676	0.806	0.735	..(((((((..[[[[.[[[........(((.[[.....))))))))))]]....((((((((..(((.(......)...)).)....))..)).))))........]]]]]]]..	(((((((((..[[[[[([[........((..[[[.))..).)))))))))((..((((((((..(((((......)..))).)....))..)).))))))...]]]]]]]]]]..
RF00094_2_5	115	2	4.11	13	16	18	0.448	0.419	0.433	..(((((((..[[[[.[[[........(((.[[.....))))))))))]]....((((((((..(((.(......)...)).)....))..)).))))........]]]]]]]..	.((.{{[[[..((((.(((........(((.<......}}.]]])))))))...((((((((..(((>...........)).)....))..))........))...))..)))))
RF00094_2_6	115	2	4.635	8	21	23	0.276	0.258	0.267	..(((((((..[[[[.[[[........(((.[[.....))))))))))]]....((((((((..(((.(......)...)).)....))..)).))))........]]]]]]]..	...{{{{{...((((.(((........((([[[[[[}}}}}...)))))))...((((.]]]..]]]((......).)[[..............)))).........]].)))..
RF00094_2_7	115	2	5.173	24	13	7	0.649	0.774	0.706	..(((((((..[[[[.[[[........(((.[[.....))))))))))]]....((((((((..(((.(......)...)).)....))..)).))))........]]]]]]]..	(((((((((..[[[[.[[[[[......(({[[[<.)).}..)))))))))((..((((((((..]]]((......).).........))..)).))))))...>]]]]]]]]]..
RF00094_2_8	115	2	5.708	23	15	8	0.605	0.742	0.667	..(((((((..[[[[.[[[........(((.[[.....))))))))))]]....((((((((..(((.(......)...)).)....))..)).))))........]]]]]]]..	(((((((((..[[[[.[[[[[...[[[([...[[[{{...))))))))))((..((((((((...]]]].}}]]]............))..)).))))))....]]]]]]]]]..
RF00094_2_9	115	2	6.238	27	6	4	0.818	0.871	0.844	..(((((((..[[[[.[[[........(((.[[.....))))))))))]]....((((((((..(((.(......)...)).)....))..)).))))........]]]]]]]..	.((((((((..[[[[.[[[........((........{{)))))))))).((..((((((((..((((.......)...)).)....))..)).))))))......]]]]]]]}}
RF00094_5_1	115	5	6.774	24	10	7	0.706	0.774	0.738	..(((((((..[[[[.[[[........(((.[[.....))))))))))]]....((((((((..(((.(......)...)).)....))..)).))))........]]]]]]]..	(((((((((..[[[[.[[[[[......(([[[[......)))))))))))((..((((((((..]]]]...................))..)).))))))....]]]]]]]]]..
RF00094_5_10	115	5	7.308	22	13	9	0.629	0.71	0.667	..(((((((..[[[[.[[[........(((.[[.....))))))))))]]....((((((((..(((.(......)...)).)....))..)).))))........]]]]]]]..	(((((((((..[[[[.[[[[[......([[[[[..{{...))))))))))....(((((((...]]]]]((.......))........)..)).))))}}....]]]]]]]]]..
RF00094_5_2	115	5	7.834	24	11	7	0.686	0.774	0.727	..(((((((..[[[[.[[[........(((.[[.....))))))))))]]....((((((((..(((.(......)...)).)....))..)).))))........]]]]]]]..	(((((((((..[[[[.[[[[[......(([[[[.{{{..)))))))))))....((((((((..]]]]...................))..)).))))}}}...]]]]]]]]]..
RF00094_5_3	115	5	8.353	23	11	8	0.676	0.742	0.708	..(((((((..[[[[.[[[........(((.[[.....))))))))))]]....((((((((..(((.(......)...)).)....))..)).))))........]]]]]]]..	(((((((((..[[[[.[[[[[......([[[[[..{{...))))))))))....((((((((..]]]]]..................))..)).))))}}....]]]]]]]]]..
RF00094_5_4	115	5	8.886	22	12	9	0.647	0.71	0.677	..(((((((..[[[[.[[[........(((.[[.....))))))))))]]....((((((((..(((.(......)...)).)....))..)).))))........]]]]]]]..	(((((((((..[[[[.[[[[[......(([[[[..))....)))))))))((..((((((((..]]]]...................))..)).))))))....]]]]]]]]]..
RF00094_5_5	115	5	9.415	28	9	3	0.757	0.903	0.824	..(((((((..[[[[.[[[........(((.[[.....))))))))))]]....((((((((..(((.(......)...)).)....))..)).))))........]]]]]]]..	(((((((((..[[[[.[[[[[......((([[[..{{.))))))))))))....((((((((..(((]]].........)).)....))..)).))))}}....]]]]]]]]]..
RF00094_5_6	115	5	9.941	28	9	3	0.757	0.903	0.824	..(((((((..[[[[.[[[........(((.[[.....))))))))))]]....((((((((..(((.(......)...)).)....))..)).))))........]]]]]]]..	(((((((((..[[[[.[[[[[......((([[[.....))))))))))))((..((((((((..(((]].]........)).)....))..)).))))))....]]]]]]]]]..
RF00094_5_7	115	5	10.46	24	10	7	0.706	0.774	0.738	..(((((((..[[[[.[[[........(((.[[.....))))))))))]]....((((((((..(((.(......)...)).)....))..)).))))........]]]]]]]..	(((((((((..[[[[.[[[[[......(([[[[..{{..)))))))))))....((((((((..]]]]...................))..)).))))}}....]]]]]]]]]..
RF00094_5_8	115	5	10.979	28	9	3	0.757	0.903	0.824	..(((((((..[[[[.[[[........(((.[[.....))))))))))]]....((((((((..(((.(......)...)).)....))..)).))))........]]]]]]]..	(((((((((..[[[[.[[[[[......(((.{..[[[.))))))))))))....((((((((..((((}......)...)).)....))..)).))))]]]...]]]]]]]]]..
RF00094_5_9	115	5	11.499	28	7	3	0.8	0.903	0.848	..(((((((..[[[[.[[[........(((.[[.....))))))))))]]....((((((((..(((.(......)...)).)....))..)).))))........]]]]]]]..	(((((((((..[[[[.[[[[[......(((........))))))))))))((..((((((((..((((..........))).)....))..)).))))))....]]]]]]]]]..
RF00094_10_1	115	10	12.048	24	10	7	0.706	0.774	0.738	..(((((((..[[[[.[[[........(((.[[.....))))))))))]]....((((((((..(((.(......)...)).)....))..)).))))........]]]]]]]..	(((((((((..[[[[.[[[[[......(([[[[......)))))))))))((..((((((((..]]]]...................))..)).))))))....]]]]]]]]]..
RF00094_10_10	115	10	12.6	28	8	3	0.778	0.903	0.836	..(((((((..[[[[.[[[........(((.[[.....))))))))))]]....((((((((..(((.(......)...)).)....))..)).))))........]]]]]]]..	(((((((((..[[[[.[[[[[......(((.[[..{{.))))))))))))....((((((((..(((]]..........)).)....))..)).))))}}....]]]]]]]]]..
RF00094_10_2	115	10	13.161	24	8	7	0.75	0.774	0.762	..(((((((..[[[[.[[[........(((.[[.....))))))))))]]....((((((((..(((.(......)...)).)....))..)).))))........]]]]]]]..	(((((((((..[[[[.[[[[[......(([[[[......)))))))))))....((((((((..]]]]...................))..)).))))......]]]]]]]]]..
RF00094_10_3	115	10	13.705	24	10	7	0.706	0.774	0.738	..(((((((..[[[[.[[[........(((.[[.....))))))))))]]....((((((((..(((.(......)...)).)....))..)).))))........]]]]]]]..	(((((((((..[[[[.[[[[[......(([[[[..{{..)))))))))))....((((((((..]]]]...................))..)).))))}}....]]]]]]]]]..
RF00094_10_4	115	10	14.248	28	7	3	0.8	0.903	0.848	..(((((((..[[[[.[[[........(((.[[.....))))))))))]]....((((((((..(((.(......)...)).)....))..)).))))........]]]]]]]..	(((((((((..[[[[.[[[[[......(((.....[[.))))))))))))....((((((((..((((..........))).)....))..)).))))]]....]]]]]]]]]..
RF00094_10_5	115	10	14.78	24	10	7	0.706	0.774	0.738	..(((((((..[[[[.[[[........(((.[[.....))))))))))]]....((((((((..(((.(......)...)).)....))..)).))))........]]]]]]]..	(((((((((..[[[[.[[[[[......(([[[[..{{..)))))))))))....((((((((..]]]]...................))..)).))))}}....]]]]]]]]]..
RF00094_10_6	115	10	15.316	28	8	3	0.778	0.903	0.836	..(((((((..[[[[.[[[........(((.[[.....))))))))))]]....((((((((..(((.(......)...)).)....))..)).))))........]]]]]]]..	(((((((((..[[[[.[[[[[......(((.[[..{{.))))))))))))....((((((((..(((]]..........)).)....))..)).))))}}....]]]]]]]]]..
RF00094_10_7	115	10	15.87	24	8	7	0.75	0.774	0.762	..(((((((..[[[[.[[[........(((.[[.....))))))))))]]....((((((((..(((.(......)...)).)....))..)).))))........]]]]]]]..	(((((((((..[[[[.[[[[[......(([[[[......)))))))))))....((((((((..]]]]...................))..)).))))......]]]]]]]]]..
RF00094_10_8	115	10	16.399	28	8	3	0.778	0.903	0.836	..(((((((..[[[[.[[[........(((.[[.....))))))))))]]....((((((((..(((.(......)...)).)....))..)).))))........]]]]]]]..	(((((((((..[[[[.[[[[[......(((.[[..{{.))))))))))))....((((((((..(((]]..........)).)....))..)).))))}}....]]]]]]]]]..
RF00094_10_9	115	10	16.926	24	10	7	0.706	0.774	0.738	..(((((((..[[[[.[[[........(((.[[.....))))))))))]]....((((((((..(((.(......)...)).)....))..)).))))........]]]]]]]..	(((((((((..[[[[.[[[[[......(([[[[..{{..)))))))))))....((((((((..]]]]...................))..)).))))}}....]]]]]]]]]..
RF00094_20_1	115	20	17.462	24	10	7	0.706	0.774	0.738	..(((((((..[[[[.[[[........(((.[[.....))))))))))]]....((((((((..(((.(......)...)).)....))..)).))))........]]]]]]]..	(((((((((..[[[[.[[[[[......(([[[[..{{..)))))))))))....((((((((..]]]]...................))..)).))))}}....]]]]]]]]]..
RF00094_20_10	115	20	18.021	28	7	3	0.8	0.903	0.848	..(((((((..[[[[.[[[........(((.[[.....))))))))))]]....((((((((..(((.(......)...)).)....))..)).))))........]]]]]]]..	(((((((((..[[[[.[[[[[......(((.....[[.))))))))))))....((((((((..((((.......)...)).)....))..)).))))]]....]]]]]]]]]..
RF00094_20_2	115	20	18.575	28	8	3	0.778	0.903	0.836	..(((((((..[[[[.[[[........(((.[[.....))))))))))]]....((((((((..(((.(......)...)).)....))..)).))))........]]]]]]]..	(((((((((..[[[[.[[[[[......(((.[[..{{.))))))))))))....((((((((..(((]]..........)).)....))..)).))))}}....]]]]]]]]]..
RF00094_20_3	115	20	19.113	24	10	7	0.706	0.774	0.738	..(((((((..[[[[.[[[........(((.[[.....))))))))))]]....((((((((..(((.(......)...)).)....))..)).))))........]]]]]]]..	(((((((((..[[[[.[[[[[......(([[[[......)))))))))))((..((((((((..]]]]...................))..)).))))))....]]]]]]]]]..
RF00094_20_4	115	20	19.65	28	6	3	0.824	0.903	0.862	..(((((((..[[[[.[[[........(((.[[.....))))))))))]]....((((((((..(((.(......)...)).)....))..)).))))........]]]]]]]..	(((((((((..[[[[.[[[[[......(((.....[[.))))))))))))....((((((((..(((............)).)....))..)).))))]]....]]]]]]]]]..
RF00094_20_5	115	20	20.194	24	10	7	0.706	0.774	0.738	..(((((((..[[[[.[[[........(((.[[.....))))))))))]]....((((((((..(((.(......)...)).)....))..)).))))........]]]]]]]..	(((((((((..[[[[.[[[[[......(([[[[..{{..)))))))))))....((((((((..]]]]...................))..)).))))}}....]]]]]]]]]..
RF00094_20_6	115	20	20.757	28	8	3	0.778	0.903	0.836	..(((((((..[[[[.[[[........(((.[[.....))))))))))]]....((((((((..(((.(......)...)).)....))..)).))))........]]]]]]]..	(((((((((..[[[[.[[[[[......(((.[[..{{.))))))))))))....((((((((..(((]]..........)).)....))..)).))))}}....]]]]]]]]]..
RF00094_20_7	115	20	21.308	24	10	7	0.706	0.774	0.738	..(((((((..[[[[.[[[........(((.[[.....))))))))))]]....((((((((..(((.(......)...)).)....))..)).))))........]]]]]]]..	(((((((((..[[[[.[[[[[......(([[[[..{{..)))))))))))....((((((((..]]]]...................))..)).))))}}....]]]]]]]]]..
RF00094_20_8	115	20	21.856	24	10	7	0.706	0.774	0.738	..(((((((..[[[[.[[[........(((.[[.....))))))))))]]....((((((((..(((.(......)...)).)....))..)).))))........]]]]]]]..	(((((((((..[[[[.[[[[[......(([[[[......)))))))))))((..((((((((..]]]]...................))..)).))))))....]]]]]]]]]..
RF00094_20_9	115	20	22.41	28	6	3	0.824	0.903	0.862	..(((((((..[[[[.[[[........(((.[[.....))))))))))]]....((((((((..(((.(......)...)).)....))..)).))))........]]]]]]]..	.((((((((..[[[[.[[[........(((.[[..{{.)))))))))))]]...((((((((..((((.......)...)).)....))..)).))))}}......]]]]]]]..
RF00094_30_1	115	30	22.966	28	8	3	0.778	0.903	0.836	..(((((((..[[[[.[[[........(((.[[.....))))))))))]]....((((((((..(((.(......)...)).)....))..)).))))........]]]]]]]..	(((((((((..[[[[.[[[[[......(((.[[..{{.))))))))))))....((((((((..(((]]..........)).)....))..)).))))}}....]]]]]]]]]..
RF00094_30_10	115	30	23.526	28	6	3	0.824	0.903	0.862	..(((((((..[[[[.[[[........(((.[[.....))))))))))]]....((((((((..(((.(......)...)).)....))..)).))))........]]]]]]]..	(((((((((..[[[[.[[[[[......(((.....[[.))))))))))))....((((((((..(((............)).)....))..)).))))]]....]]]]]]]]]..
RF00094_30_2	115	30	24.091	24	10	7	0.706	0.774	0.738	..(((((((..[[[[.[[[........(((.[[.....))))))))))]]....((((((((..(((.(......)...)).)....))..)).))))........]]]]]]]..	(((((((((..[[[[.[[[[[......(([[[[..{{..)))))))))))....((((((((..]]]]...................))..)).))))}}....]]]]]]]]]..
RF00094_30_3	115	30	24.642	28	8	3	0.778	0.903	0.836	..(((((((..[[[[.[[[........(((.[[.....))))))))))]]....((((((((..(((.(......)...)).)....))..)).))))........]]]]]]]..	(((((((((..[[[[.[[[[[......(((.[[..{{.))))))))))))....((((((((..(((]]..........)).)....))..)).))))}}....]]]]]]]]]..
RF00094_30_4	115	30	25.195	28	8	3	0.778	0.903	0.836	..(((((((..[[[[.[[[........(((.[[.....))))))))))]]....((((((((..(((.(......)...)).)....))..)).))))........]]]]]]]..	(((((((((..[[[[.[[[[[......(((.[[..{{.))))))))))))....((((((((..(((]]..........)).)....))..)).))))}}....]]]]]]]]]..
RF00094_30_5	115	30	25.744	28	6	3	0.824	0.903	0.862	..(((((((..[[[[.[[[........(((.[[.....))))))))))]]....((((((((..(((.(......)...)).)....))..)).))))........]]]]]]]..	(((((((((..[[[[.[[[[[......(((.....[[.))))))))))))....((((((((..(((............)).)....))..)).))))]]....]]]]]]]]]..
RF00094_30_6	115	30	26.3	28	6	3	0.824	0.903	0.862	..(((((((..[[[[.[[[........(((.[[.....))))))))))]]....((((((((..(((.(......)...)).)....))..)).))))........]]]]]]]..	(((((((((..[[[[.[[[[[......(((.....[[.))))))))))))....((((((((..(((............)).)....))..)).))))]]....]]]]]]]]]..
RF00094_30_7	115	30	26.855	28	6	3	0.824	0.903	0.862	..(((((((..[[[[.[[[........(((.[[.....))))))))))]]....((((((((..(((.(......)...)).)....))..)).))))........]]]]]]]..	(((((((((..[[[[.[[[[[......(((.....[[.))))))))))))....((((((((..(((............)).)....))..)).))))]]....]]]]]]]]]..
RF00094_30_8	115	30	27.415	28	6	3	0.824	0.903	0.862	..(((((((..[[[[.[[[........(((.[[.....))))))))))]]....((((((((..(((.(......)...)).)....))..)).))))........]]]]]]]..	(((((((((..[[[[.[[[[[......(((.....[[.))))))))))))....((((((((..(((............)).)....))..)).))))]]....]]]]]]]]]..
RF00094_30_9	115	30	27.981	28	6	3	0.824	0.903	0.862	..(((((((..[[[[.[[[........(((.[[.....))))))))))]]....((((((((..(((.(......)...)).)....))..)).))))........]]]]]]]..	(((((((((..[[[[.[[[[[......(((.....[[.))))))))))))....((((((((..(((............)).)....))..)).))))]]....]]]]]]]]]..
RF00005_2_1	118	2	28.485	18	10	3	0.643	0.857	0.735	(((((((....((((.............))))..(.((((........)))).)...............................(((.((...........)))).).)))))))..	(((((((..(.([[[[[..............)).(.((((].]]]]..)))).).[........................[...[(((.(((...].]]..))))).).)))))))..
RF00005_2_10	118	2	29.017	16	19	5	0.457	0.762	0.571	(((((((....((((.............))))..(.((((........)))).)...............................(((.((...........)))).).)))))))..	(((((((....(((...((...[[.).).)<<{.{.{))(..[[[[[.)>>}.}}..(((.((............))))).....(((.((].]]].]]..])))).).)))))))..
RF00005_2_2	118	2	29.521	21	2	0	0.913	1.0	0.955	(((((((....((((.............))))..(.((((........)))).)...............................(((.((...........)))).).)))))))..	(((((((....((((.............))))..(.(((((.(...)))))).)...............................(((.((...........)))).).)))))))..
RF00005_2_3	118	2	30.035	21	1	0	0.955	1.0	0.977	(((((((....((((.............))))..(.((((........)))).)...............................(((.((...........)))).).)))))))..	(((((((....((((......[......))))..(.((((........)))).)...............................(((.((...].......)))).).)))))))..
RF00005_2_4	118	2	30.544	16	12	5	0.571	0.762	0.653	(((((((....((((.............))))..(.((((........)))).)...............................(((.((...........)))).).)))))))..	(((((((....(((((..[...[[[..))))).....((((.(((......).)))........................))..)(((.((......]]..])))).).))))))).]
RF00005_2_5	118	2	31.065	21	11	0	0.656	1.0	0.792	(((((((....((((.............))))..(.((((........)))).)...............................(((.((...........)))).).)))))))..	(((((((....((((.[[...[......))))(.(.((((....[[[[)))).))(..((.....]]]........]))]]...][[[.[[)..........]]]].].)))))))..
RF00005_2_6	118	2	31.564	19	8	2	0.704	0.905	0.792	(((((((....((((.............))))..(.((((........)))).)...............................(((.((...........)))).).)))))))..	(((((((....(([[[[[.........[..))..(.(((((.(...)))))).).]........................]]...(((.((..]]]......)))).).)))))))..
RF00005_2_7	118	2	32.077	20	12	1	0.625	0.952	0.755	(((((((....((((.............))))..(.((((........)))).)...............................(((.((...........)))).).)))))))..	(((((((....(((..........[[.[[)))(.(.(((((.(...)))))).))..(((.((............))))).....(((.((].]]]......)))).).)))))))..
RF00005_2_8	118	2	32.587	21	7	0	0.75	1.0	0.857	(((((((....((((.............))))..(.((((........)))).)...............................(((.((...........)))).).)))))))..	(((((((....((((........[[..[))))..(.((((.....]]])))).).[........................[[..[(((.((....].]]..])))).).)))))))..
RF00005_2_9	118	2	33.098	21	3	0	0.875	1.0	0.933	(((((((....((((.............))))..(.((((........)))).)...............................(((.((...........)))).).)))))))..	(((((((....((((.............))))..(.(((((.(...)))))).)...............................(((.(((.........))))).).)))))))..
RF00005_5_1	118	5	33.606	21	2	0	0.913	1.0	0.955	(((((((....((((.............))))..(.((((........)))).)...............................(((.((...........)))).).)))))))..	(((((((....((((.............))))..(.(((((.(...)))))).)...............................(((.((...........)))).).)))))))..
RF00005_5_10	118	5	34.127	21	4	0	0.84	1.0	0.913	(((((((....((((.............))))..(.((((........)))).)...............................(((.((...........)))).).)))))))..	(((((((....((((.............))))(.(.(((([.[[....)))).))..............................(((.((....].]]...)))).).)))))))..
RF00005_5_2	118	5	34.644	21	2	0	0.913	1.0	0.955	(((((((....((((.............))))..(.((((........)))).)...............................(((.((...........)))).).)))))))..	(((((((....((((.............))))..(.(((((.(...)))))).)...............................(((.((...........)))).).)))))))..
RF00005_5_3	118	5	35.166	21	0	0	1.0	1.0	1.0	(((((((....((((.............))))..(.((((........)))).)...............................(((.((...........)))).).)))))))..	(((((((....((((.............))))..(.((((........)))).)...............................(((.((...........)))).).)))))))..
RF00005_5_4	118	5	35.669	21	2	0	0.913	1.0	0.955	(((((((....((((.............))))..(.((((........)))).)...............................(((.((...........)))).).)))))))..	(((((((....((((.............))))..(.(((((.(...)))))).)...............................(((.((...........)))).).)))))))..
RF00005_5_5	118	5	36.18	21	0	0	1.0	1.0	1.0	(((((((....((((.............))))..(.((((........)))).)...............................(((.((...........)))).).)))))))..	(((((((....((((.............))))..(.((((........)))).)...............................(((.((...........)))).).)))))))..
RF00005_5_6	118	5	36.678	21	0	0	1.0	1.0	1.0	(((((((....((((.............))))..(.((((........)))).)...............................(((.((...........)))).).)))))))..	(((((((....((((.............))))..(.((((........)))).)...............................(((.((...........)))).).)))))))..
RF00005_5_7	118	5	37.198	21	0	0	1.0	1.0	1.0	(((((((....((((.............))))..(.((((........)))).)...............................(((.((...........)))).).)))))))..	(((((((....((((.............))))..(.((((........)))).)...............................(((.((...........)))).).)))))))..
RF00005_5_8	118	5	37.708	21	1	0	0.955	1.0	0.977	(((((((....((((.............))))..(.((((........)))).)...............................(((.((...........)))).).)))))))..	(((((((....((((.............))))(.(.((((........)))).))..............................(((.((...........)))).).)))))))..
RF00005_5_9	118	5	38.226	21	0	0	1.0	1.0	1.0	(((((((....((((.............))))..(.((((........)))).)...............................(((.((...........)))).).)))))))..	(((((((....((((.............))))..(.((((........)))).)...............................(((.((...........)))).).)))))))..
RF00005_10_1	118	10	38.733	21	0	0	1.0	1.0	1.0	(((((((....((((.............))))..(.((((........)))).)...............................(((.((...........)))).).)))))))..	(((((((....((((.............))))..(.((((........)))).)...............................(((.((...........)))).).)))))))..
RF00005_10_10	118	10	39.237	21	0	0	1.0	1.0	1.0	(((((((....((((.............))))..(.((((........)))).)...............................(((.((...........)))).).)))))))..	(((((((....((((.............))))..(.((((........)))).)...............................(((.((...........)))).).)))))))..
RF00005_10_2	118	10	39.744	21	0	0	1.0	1.0	1.0	(((((((....((((.............))))..(.((((........)))).)...............................(((.((...........)))).).)))))))..	(((((((....((((.............))))..(.((((........)))).)...............................(((.((...........)))).).)))))))..
RF00005_10_3	118	10	40.256	21	1	0	0.955	1.0	0.977	(((((((....((((.............))))..(.((((........)))).)...............................(((.((...........)))).).)))))))..	(((((((....((((.............))))(.(.((((........)))).))..............................(((.((...........)))).).)))))))..
RF00005_10_4	118	10	40.773	21	0	0	1.0	1.0	1.0	(((((((....((((.............))))..(.((((........)))).)...............................(((.((...........)))).).)))))))..	(((((((....((((.............))))..(.((((........)))).)...............................(((.((...........)))).).)))))))..
RF00005_10_5	118	10	41.298	21	2	0	0.913	1.0	0.955	(((((((....((((.............))))..(.((((........)))).)...............................(((.((...........)))).).)))))))..	(((((((....((((.............))))..(.(((((.(...)))))).)...............................(((.((...........)))).).)))))))..
RF00005_10_6	118	10	41.801	21	0	0	1.0	1.0	1.0	(((((((....((((.............))))..(.((((........)))).)...............................(((.((...........)))).).)))))))..	(((((((....((((.............))))..(.((((........)))).)...............................(((.((...........)))).).)))))))..
RF00005_10_7	118	10	42.334	21	1	0	0.955	1.0	0.977	(((((((....((((.............))))..(.((((........)))).)...............................(((.((...........)))).).)))))))..	(((((((....((((.............))))(.(.((((........)))).))..............................(((.((...........)))).).)))))))..
RF00005_10_8	118	10	42.858	21	1	0	0.955	1.0	0.977	(((((((....((((.............))))..(.((((........)))).)...............................(((.((...........)))).).)))))))..	(((((((....((((.............))))(.(.((((........)))).))..............................(((.((...........)))).).)))))))..
RF00005_10_9	118	10	43.379	21	0	0	1.0	1.0	1.0	(((((((....((((.............))))..(.((((........)))).)...............................(((.((...........)))).).)))))))..	(((((((....((((.............))))..(.((((........)))).)...............................(((.((...........)))).).)))))))..
RF00005_20_1	118	20	43.917	21	0	0	1.0	1.0	1.0	(((((((....((((.............))))..(.((((........)))).)...............................(((.((...........)))).).)))))))..	(((((((....((((.............))))..(.((((........)))).)...............................(((.((...........)))).).)))))))..
RF00005_20_10	118	20	44.45	21	0	0	1.0	1.0	1.0	(((((((....((((.............))))..(.((((........)))).)...............................(((.((...........)))).).)))))))..	(((((((....((((.............))))..(.((((........)))).)...............................(((.((...........)))).).)))))))..
RF00005_20_2	118	20	44.971	21	0	0	1.0	1.0	1.0	(((((((....((((.............))))..(.((((........)))).)...............................(((.((...........)))).).)))))))..	(((((((....((((.............))))..(.((((........)))).)...............................(((.((...........)))).).)))))))..
RF00005_20_3	118	20	45.497	21	1	0	0.955	1.0	0.977	(((((((....((((.............))))..(.((((........)))).)...............................(((.((...........)))).).)))))))..	(((((((....((((.............))))(.(.((((........)))).))..............................(((.((...........)))).).)))))))..
RF00005_20_4	118	20	46.017	21	0	0	1.0	1.0	1.0	(((((((....((((.............))))..(.((((........)))).)...............................(((.((...........)))).).)))))))..	(((((((....((((.............))))..(.((((........)))).)...............................(((.((...........)))).).)))))))..
RF00005_20_5	118	20	46.541	21	0	0	1.0	1.0	1.0	(((((((....((((.............))))..(.((((........)))).)...............................(((.((...........)))).).)))))))..	(((((((....((((.............))))..(.((((........)))).)...............................(((.((...........)))).).)))))))..
RF00005_20_6	118	20	47.064	21	2	0	0.913	1.0	0.955	(((((((....((((.............))))..(.((((........)))).)...............................(((.((...........)))).).)))))))..	(((((((....((((.............))))..(.(((((.(...)))))).)...............................(((.((...........)))).).)))))))..
RF00005_20_7	118	20	47.601	21	0	0	1.0	1.0	1.0	(((((((....((((.............))))..(.((((........)))).)...............................(((.((...........)))).).)))))))..	(((((((....((((.............))))..(.((((........)))).)...............................(((.((...........)))).).)))))))..
RF00005_20_8	118	20	48.12	21	1	0	0.955	1.0	0.977	(((((((....((((.............))))..(.((((........)))).)...............................(((.((...........)))).).)))))))..	(((((((....((((.............))))(.(.((((........)))).))..............................(((.((...........)))).).)))))))..
RF00005_20_9	118	20	48.64	21	0	0	1.0	1.0	1.0	(((((((....((((.............))))..(.((((........)))).)...............................(((.((...........)))).).)))))))..	(((((((....((((.............))))..(.((((........)))).)...............................(((.((...........)))).).)))))))..
RF00005_30_1	118	30	49.177	21	0	0	1.0	1.0	1.0	(((((((....((((.............))))..(.((((........)))).)...............................(((.((...........)))).).)))))))..	(((((((....((((.............))))..(.((((........)))).)...............................(((.((...........)))).).)))))))..
RF00005_30_10	118	30	49.716	21	0	0	1.0	1.0	1.0	(((((((....((((.............))))..(.((((........)))).)...............................(((.((...........)))).).)))))))..	(((((((....((((.............))))..(.((((........)))).)...............................(((.((...........)))).).)))))))..
RF00005_30_2	118	30	50.242	21	0	0	1.0	1.0	1.0	(((((((....((((.............))))..(.((((........)))).)...............................(((.((...........)))).).)))))))..	(((((((....((((.............))))..(.((((........)))).)...............................(((.((...........)))).).)))))))..
RF00005_30_3	118	30	50.764	21	0	0	1.0	1.0	1.0	(((((((....((((.............))))..(.((((........)))).)...............................(((.((...........)))).).)))))))..	(((((((....((((.............))))..(.((((........)))).)...............................(((.((...........)))).).)))))))..
RF00005_30_4	118	30	51.293	21	0	0	1.0	1.0	1.0	(((((((....((((.............))))..(.((((........)))).)...............................(((.((...........)))).).)))))))..	(((((((....((((.............))))..(.((((........)))).)...............................(((.((...........)))).).)))))))..
RF00005_30_5	118	30	51.829	21	0	0	1.0	1.0	1.0	(((((((....((((.............))))..(.((((........)))).)...............................(((.((...........)))).).)))))))..	(((((((....((((.............))))..(.((((........)))).)...............................(((.((...........)))).).)))))))..
RF00005_30_6	118	30	52.364	21	0	0	1.0	1.0	1.0	(((((((....((((.............))))..(.((((........)))).)...............................(((.((...........)))).).)))))))..	(((((((....((((.............))))..(.((((........)))).)...............................(((.((...........)))).).)))))))..
RF00005_30_7	118	30	52.903	21	1	0	0.955	1.0	0.977	(((((((....((((.............))))..(.((((........)))).)...............................(((.((...........)))).).)))))))..	(((((((....((((.............))))(.(.((((........)))).))..............................(((.((...........)))).).)))))))..
RF00005_30_8	118	30	53.427	21	0	0	1.0	1.0	1.0	(((((((....((((.............))))..(.((((........)))).)...............................(((.((...........)))).).)))))))..	(((((((....((((.............))))..(.((((........)))).)...............................(((.((...........)))).).)))))))..
RF00005_30_9	118	30	53.95	21	0	0	1.0	1.0	1.0	(((((((....((((.............))))..(.((((........)))).)...............................(((.((...........)))).).)))))))..	(((((((....((((.............))))..(.((((........)))).)...............................(((.((...........)))).).)))))))..
RF00005_50_1	118	50	54.489	21	0	0	1.0	1.0	1.0	(((((((....((((.............))))..(.((((........)))).)...............................(((.((...........)))).).)))))))..	(((((((....((((.............))))..(.((((........)))).)...............................(((.((...........)))).).)))))))..
RF00005_50_10	118	50	55.045	21	1	0	0.955	1.0	0.977	(((((((....((((.............))))..(.((((........)))).)...............................(((.((...........)))).).)))))))..	(((((((....((((.............))))(.(.((((........)))).))..............................(((.((...........)))).).)))))))..
RF00005_50_2	118	50	55.595	21	0	0	1.0	1.0	1.0	(((((((....((((.............))))..(.((((........)))).)...............................(((.((...........)))).).)))))))..	(((((((....((((.............))))..(.((((........)))).)...............................(((.((...........)))).).)))))))..
RF00005_50_3	118	50	56.143	21	0	0	1.0	1.0	1.0	(((((((....((((.............))))..(.((((........)))).)...............................(((.((...........)))).).)))))))..	(((((((....((((.............))))..(.((((........)))).)...............................(((.((...........)))).).)))))))..
RF00005_50_4	118	50	56.686	21	1	0	0.955	1.0	0.977	(((((((....((((.............))))..(.((((........)))).)...............................(((.((...........)))).).)))))))..	(((((((....((((.............))))(.(.((((........)))).))..............................(((.((...........)))).).)))))))..
RF00005_50_5	118	50	57.242	21	0	0	1.0	1.0	1.0	(((((((....((((.............))))..(.((((........)))).)...............................(((.((...........)))).).)))))))..	(((((((....((((.............))))..(.((((........)))).)...............................(((.((...........)))).).)))))))..
RF00005_50_6	118	50	57.789	21	1	0	0.955	1.0	0.977	(((((((....((((.............))))..(.((((........)))).)...............................(((.((...........)))).).)))))))..	(((((((....((((.............))))(.(.((((........)))).))..............................(((.((...........)))).).)))))))..
RF00005_50_7	118	50	58.335	21	0	0	1.0	1.0	1.0	(((((((....((((.............))))..(.((((........)))).)...............................(((.((...........)))).).)))))))..	(((((((....((((.............))))..(.((((........)))).)...............................(((.((...........)))).).)))))))..
RF00005_50_8	118	50	58.883	21	0	0	1.0	1.0	1.0	(((((((....((((.............))))..(.((((........)))).)...............................(((.((...........)))).).)))))))..	(((((((....((((.............))))..(.((((........)))).)...............................(((.((...........)))).).)))))))..
RF00005_50_9	118	50	59.429	21	0	0	1.0	1.0	1.0	(((((((....((((.............))))..(.((((........)))).)...............................(((.((...........)))).).)))))))..	(((((((....((((.............))))..(.((((........)))).)...............................(((.((...........)))).).)))))))..
RF00005_75_1	118	75	59.991	21	0	0	1.0	1.0	1.0	(((((((....((((.............))))..(.((((........)))).)...............................(((.((...........)))).).)))))))..	(((((((....((((.............))))..(.((((........)))).)...............................(((.((...........)))).).)))))))..
RF00005_75_10	118	75	60.566	21	0	0	1.0	1.0	1.0	(((((((....((((.............))))..(.((((........)))).)...............................(((.((...........)))).).)))))))..	(((((((....((((.............))))..(.((((........)))).)...............................(((.((...........)))).).)))))))..
RF00005_75_2	118	75	61.149	21	0	0	1.0	1.0	1.0	(((((((....((((.............))))..(.((((........)))).)...............................(((.((...........)))).).)))))))..	(((((((....((((.............))))..(.((((........)))).)...............................(((.((...........)))).).)))))))..
RF00005_75_3	118	75	61.73	21	0	0	1.0	1.0	1.0	(((((((....((((.............))))..(.((((........)))).)...............................(((.((...........)))).).)))))))..	(((((((....((((.............))))..(.((((........)))).)...............................(((.((...........)))).).)))))))..
RF00005_75_4	118	75	62.308	21	0	0	1.0	1.0	1.0	(((((((....((((.............))))..(.((((........)))).)...............................(((.((...........)))).).)))))))..	(((((((....((((.............))))..(.((((........)))).)...............................(((.((...........)))).).)))))))..
RF00005_75_5	118	75	62.88	21	1	0	0.955	1.0	0.977	(((((((....((((.............))))..(.((((........)))).)...............................(((.((...........)))).).)))))))..	(((((((....((((.............))))(.(.((((........)))).))..............................(((.((...........)))).).)))))))..
RF00005_75_6	118	75	63.463	21	0	0	1.0	1.0	1.0	(((((((....((((.............))))..(.((((........)))).)...............................(((.((...........)))).).)))))))..	(((((((....((((.............))))..(.((((........)))).)...............................(((.((...........)))).).)))))))..
RF00005_75_7	118	75	64.044	21	0	0	1.0	1.0	1.0	(((((((....((((.............))))..(.((((........)))).)...............................(((.((...........)))).).)))))))..	(((((((....((((.............))))..(.((((........)))).)...............................(((.((...........)))).).)))))))..
RF00005_75_8	118	75	64.63	21	0	0	1.0	1.0	1.0	(((((((....((((.............))))..(.((((........)))).)...............................(((.((...........)))).).)))))))..	(((((((....((((.............))))..(.((((........)))).)...............................(((.((...........)))).).)))))))..
RF00005_75_9	118	75	65.207	21	0	0	1.0	1.0	1.0	(((((((....((((.............))))..(.((((........)))).)...............................(((.((...........)))).).)))))))..	(((((((....((((.............))))..(.((((........)))).)...............................(((.((...........)))).).)))))))..
RF00005_100_1	118	100	65.814	21	0	0	1.0	1.0	1.0	(((((((....((((.............))))..(.((((........)))).)...............................(((.((...........)))).).)))))))..	(((((((....((((.............))))..(.((((........)))).)...............................(((.((...........)))).).)))))))..
RF00005_100_10	118	100	66.424	21	0	0	1.0	1.0	1.0	(((((((....((((.............))))..(.((((........)))).)...............................(((.((...........)))).).)))))))..	(((((((....((((.............))))..(.((((........)))).)...............................(((.((...........)))).).)))))))..
RF00005_100_2	118	100	67.028	21	0	0	1.0	1.0	1.0	(((((((....((((.............))))..(.((((........)))).)...............................(((.((...........)))).).)))))))..	(((((((....((((.............))))..(.((((........)))).)...............................(((.((...........)))).).)))))))..
RF00005_100_3	118	100	67.635	21	0	0	1.0	1.0	1.0	(((((((....((((.............))))..(.((((........)))).)...............................(((.((...........)))).).)))))))..	(((((((....((((.............))))..(.((((........)))).)...............................(((.((...........)))).).)))))))..
RF00005_100_4	118	100	68.249	21	0	0	1.0	1.0	1.0	(((((((....((((.............))))..(.((((........)))).)...............................(((.((...........)))).).)))))))..	(((((((....((((.............))))..(.((((........)))).)...............................(((.((...........)))).).)))))))..
RF00005_100_5	118	100	68.863	21	0	0	1.0	1.0	1.0	(((((((....((((.............))))..(.((((........)))).)...............................(((.((...........)))).).)))))))..	(((((((....((((.............))))..(.((((........)))).)...............................(((.((...........)))).).)))))))..
RF00005_100_6	118	100	69.467	21	0	0	1.0	1.0	1.0	(((((((....((((.............))))..(.((((........)))).)...............................(((.((...........)))).).)))))))..	(((((((....((((.............))))..(.((((........)))).)...............................(((.((...........)))).).)))))))..
RF00005_100_7	118	100	70.079	21	0	0	1.0	1.0	1.0	(((((((....((((.............))))..(.((((........)))).)...............................(((.((...........)))).).)))))))..	(((((((....((((.............))))..(.((((........)))).)...............................(((.((...........)))).).)))))))..
RF00005_100_8	118	100	70.686	21	0	0	1.0	1.0	1.0	(((((((....((((.............))))..(.((((........)))).)...............................(((.((...........)))).).)))))))..	(((((((....((((.............))))..(.((((........)))).)...............................(((.((...........)))).).)))))))..
RF00005_100_9	118	100	71.297	21	0	0	1.0	1.0	1.0	(((((((....((((.............))))..(.((((........)))).)...............................(((.((...........)))).).)))))))..	(((((((....((((.............))))..(.((((........)))).)...............................(((.((...........)))).).)))))))..
RF00005_150_1	118	150	71.941	21	0	0	1.0	1.0	1.0	(((((((....((((.............))))..(.((((........)))).)...............................(((.((...........)))).).)))))))..	(((((((....((((.............))))..(.((((........)))).)...............................(((.((...........)))).).)))))))..
RF00005_150_10	118	150	72.595	21	0	0	1.0	1.0	1.0	(((((((....((((.............))))..(.((((........)))).)...............................(((.((...........)))).).)))))))..	(((((((....((((.............))))..(.((((........)))).)...............................(((.((...........)))).).)))))))..
RF00005_150_2	118	150	73.257	21	0	0	1.0	1.0	1.0	(((((((....((((.............))))..(.((((........)))).)...............................(((.((...........)))).).)))))))..	(((((((....((((.............))))..(.((((........)))).)...............................(((.((...........)))).).)))))))..
RF00005_150_3	118	150	73.896	21	0	0	1.0	1.0	1.0	(((((((....((((.............))))..(.((((........)))).)...............................(((.((...........)))).).)))))))..	(((((((....((((.............))))..(.((((........)))).)...............................(((.((...........)))).).)))))))..
RF00005_150_4	118	150	74.53	21	0	0	1.0	1.0	1.0	(((((((....((((.............))))..(.((((........)))).)...............................(((.((...........)))).).)))))))..	(((((((....((((.............))))..(.((((........)))).)...............................(((.((...........)))).).)))))))..
RF00005_150_5	118	150	75.155	21	0	0	1.0	1.0	1.0	(((((((....((((.............))))..(.((((........)))).)...............................(((.((...........)))).).)))))))..	(((((((....((((.............))))..(.((((........)))).)...............................(((.((...........)))).).)))))))..
RF00005_150_6	118	150	75.791	21	0	0	1.0	1.0	1.0	(((((((....((((.............))))..(.((((........)))).)...............................(((.((...........)))).).)))))))..	(((((((....((((.............))))..(.((((........)))).)...............................(((.((...........)))).).)))))))..
RF00005_150_7	118	150	76.436	21	0	0	1.0	1.0	1.0	(((((((....((((.............))))..(.((((........)))).)...............................(((.((...........)))).).)))))))..	(((((((....((((.............))))..(.((((........)))).)...............................(((.((...........)))).).)))))))..
RF00005_150_8	118	150	77.081	21	0	0	1.0	1.0	1.0	(((((((....((((.............))))..(.((((........)))).)...............................(((.((...........)))).).)))))))..	(((((((....((((.............))))..(.((((........)))).)...............................(((.((...........)))).).)))))))..
RF00005_150_9	118	150	77.726	21	0	0	1.0	1.0	1.0	(((((((....((((.............))))..(.((((........)))).)...............................(((.((...........)))).).)))))))..	(((((((....((((.............))))..(.((((........)))).)...............................(((.((...........)))).).)))))))..
RF00005_200_1	118	200	78.389	21	0	0	1.0	1.0	1.0	(((((((....((((.............))))..(.((((........)))).)...............................(((.((...........)))).).)))))))..	(((((((....((((.............))))..(.((((........)))).)...............................(((.((...........)))).).)))))))..
RF00005_200_10	118	200	79.057	21	0	0	1.0	1.0	1.0	(((((((....((((.............))))..(.((((........)))).)...............................(((.((...........)))).).)))))))..	(((((((....((((.............))))..(.((((........)))).)...............................(((.((...........)))).).)))))))..
RF00005_200_2	118	200	79.714	21	0	0	1.0	1.0	1.0	(((((((....((((.............))))..(.((((........)))).)...............................(((.((...........)))).).)))))))..	(((((((....((((.............))))..(.((((........)))).)...............................(((.((...........)))).).)))))))..
RF00005_200_3	118	200	80.398	21	0	0	1.0	1.0	1.0	(((((((....((((.............))))..(.((((........)))).)...............................(((.((...........)))).).)))))))..	(((((((....((((.............))))..(.((((........)))).)...............................(((.((...........)))).).)))))))..
RF00005_200_4	118	200	81.05	21	0	0	1.0	1.0	1.0	(((((((....((((.............))))..(.((((........)))).)...............................(((.((...........)))).).)))))))..	(((((((....((((.............))))..(.((((........)))).)...............................(((.((...........)))).).)))))))..
RF00005_200_5	118	200	81.721	21	0	0	1.0	1.0	1.0	(((((((....((((.............))))..(.((((........)))).)...............................(((.((...........)))).).)))))))..	(((((((....((((.............))))..(.((((........)))).)...............................(((.((...........)))).).)))))))..
RF00005_200_6	118	200	82.405	21	0	0	1.0	1.0	1.0	(((((((....((((.............))))..(.((((........)))).)...............................(((.((...........)))).).)))))))..	(((((((....((((.............))))..(.((((........)))).)...............................(((.((...........)))).).)))))))..
RF00005_200_7	118	200	83.09	21	0	0	1.0	1.0	1.0	(((((((....((((.............))))..(.((((........)))).)...............................(((.((...........)))).).)))))))..	(((((((....((((.............))))..(.((((........)))).)...............................(((.((...........)))).).)))))))..
RF00005_200_8	118	200	83.753	21	0	0	1.0	1.0	1.0	(((((((....((((.............))))..(.((((........)))).)...............................(((.((...........)))).).)))))))..	(((((((....((((.............))))..(.((((........)))).)...............................(((.((...........)))).).)))))))..
RF00005_200_9	118	200	84.423	21	0	0	1.0	1.0	1.0	(((((((....((((.............))))..(.((((........)))).)...............................(((.((...........)))).).)))))))..	(((((((....((((.............))))..(.((((........)))).)...............................(((.((...........)))).).)))))))..
RF00005_300_1	118	300	85.17	21	0	0	1.0	1.0	1.0	(((((((....((((.............))))..(.((((........)))).)...............................(((.((...........)))).).)))))))..	(((((((....((((.............))))..(.((((........)))).)...............................(((.((...........)))).).)))))))..
RF00005_300_10	118	300	85.916	21	0	0	1.0	1.0	1.0	(((((((....((((.............))))..(.((((........)))).)...............................(((.((...........)))).).)))))))..	(((((((....((((.............))))..(.((((........)))).)...............................(((.((...........)))).).)))))))..
RF00005_300_2	118	300	86.644	21	0	0	1.0	1.0	1.0	(((((((....((((.............))))..(.((((........)))).)...............................(((.((...........)))).).)))))))..	(((((((....((((.............))))..(.((((........)))).)...............................(((.((...........)))).).)))))))..
RF00005_300_3	118	300	87.364	21	0	0	1.0	1.0	1.0	(((((((....((((.............))))..(.((((........)))).)...............................(((.((...........)))).).)))))))..	(((((((....((((.............))))..(.((((........)))).)...............................(((.((...........)))).).)))))))..
RF00005_300_4	118	300	88.114	21	0	0	1.0	1.0	1.0	(((((((....((((.............))))..(.((((........)))).)...............................(((.((...........)))).).)))))))..	(((((((....((((.............))))..(.((((........)))).)...............................(((.((...........)))).).)))))))..
RF00005_300_5	118	300	88.866	21	0	0	1.0	1.0	1.0	(((((((....((((.............))))..(.((((........)))).)...............................(((.((...........)))).).)))))))..	(((((((....((((.............))))..(.((((........)))).)...............................(((.((...........)))).).)))))))..
RF00005_300_6	118	300	89.6	21	0	0	1.0	1.0	1.0	(((((((....((((.............))))..(.((((........)))).)...............................(((.((...........)))).).)))))))..	(((((((....((((.............))))..(.((((........)))).)...............................(((.((...........)))).).)))))))..
RF00005_300_7	118	300	90.325	21	0	0	1.0	1.0	1.0	(((((((....((((.............))))..(.((((........)))).)...............................(((.((...........)))).).)))))))..	(((((((....((((.............))))..(.((((........)))).)...............................(((.((...........)))).).)))))))..
RF00005_300_8	118	300	91.069	21	0	0	1.0	1.0	1.0	(((((((....((((.............))))..(.((((........)))).)...............................(((.((...........)))).).)))))))..	(((((((....((((.............))))..(.((((........)))).)...............................(((.((...........)))).).)))))))..
RF00005_300_9	118	300	91.805	21	0	0	1.0	1.0	1.0	(((((((....((((.............))))..(.((((........)))).)...............................(((.((...........)))).).)))))))..	(((((((....((((.............))))..(.((((........)))).)...............................(((.((...........)))).).)))))))..
RF03160_2_1	189	2	92.32	18	8	4	0.692	0.818	0.75	((((.....(((({{((((((..................................................................................))))))(((..[[[..}}..))).............................................))))...]]]....))))	((((.....((((....(((((((.................([[[)......................................................)))))))..((((.{{{.....))))................]]]..........................))))...}}}....))))
RF03160_2_10	189	2	92.83	20	11	2	0.645	0.909	0.755	((((.....(((({{((((((..................................................................................))))))(((..[[[..}}..))).............................................))))...]]]....))))	((((.(((.((((((..(((((((.................([[[)......................................................)))))))..[[[[.{{{..)).]]]]................]].].........................))))...}}}))).))))
RF03160_2_2	189	2	93.347	4	17	18	0.19	0.182	0.186	((((.....(((({{((((((..................................................................................))))))(((..[[[..}}..))).............................................))))...]]]....))))	..[...[[.[[[{(((......((...................{{{......................................................]]]]]((..((((]...}}}..))))................))...........................}....)))).....)...
RF03160_2_3	189	2	93.879	7	16	15	0.304	0.318	0.311	((((.....(((({{((((((..................................................................................))))))(((..[[[..}}..))).............................................))))...]]]....))))	..........{{{.(..[[[[((((................(((.......................................................}}}.]]]]..((((..[[[[...)))).............................................)))).)))).....]]]]
RF03160_2_4	189	2	94.403	7	18	15	0.28	0.318	0.298	((((.....(((({{((((((..................................................................................))))))(((..[[[..}}..))).............................................))))...]]]....))))	...(.(((...((((..(((([[[[................[[[........................................................[[[)))).)){)).((....].]]}..............................................]]]].]]]))....))))
RF03160_2_5	189	2	94.917	14	13	8	0.519	0.636	0.571	((((.....(((({{((((((..................................................................................))))))(((..[[[..}}..))).............................................))))...]]]....))))	..........((((((((((((((.................[[[[(......)...............................................)))))))))[[[[{{{{..)).]]]].............................................)))].]]]}}....}}..
RF03160_2_6	189	2	95.426	7	15	15	0.318	0.318	0.318	((((.....(((({{((((((..................................................................................))))))(((..[[[..}}..))).............................................))))...]]]....))))	((((.(((.((((.........[[[................[.........................................................))))))))))((((.{{{.....))))...............................................]].]]}}}.......)
RF03160_2_7	189	2	95.936	7	16	15	0.304	0.318	0.311	((((.....(((({{((((((..................................................................................))))))(((..[[[..}}..))).............................................))))...]]]....))))	.....(((.(((((((.(((((((.................(...)......................................................)))))))..(((...[[......))).............................................)))).)))]]....))).
RF03160_2_8	189	2	96.44	19	1	3	0.95	0.864	0.905	((((.....(((({{((((((..................................................................................))))))(((..[[[..}}..))).............................................))))...]]]....))))	.(((.....((((..((((((..................................................................................))))))((((.[[[.....)))).............................................))))...]]]....))).
RF03160_2_9	189	2	96.951	17	6	5	0.739	0.773	0.756	((((.....(((({{((((((..................................................................................))))))(((..[[[..}}..))).............................................))))...]]]....))))	((((.(...(((((((((((.....................[[[[...........................................................))))){{{.]]]]..)).)}}}..............................................))).....)....))))
RF03160_5_1	189	5	97.472	9	16	13	0.36	0.409	0.383	((((.....(((({{((((((..................................................................................))))))(((..[[[..}}..))).............................................))))...]]]....))))	.........((((.(((((((((((................(...).....................................................))))))))..((((.{{[[[...))))....................)........................)).).)))}}....]]].
RF03160_5_10	189	5	97.989	18	6	4	0.75	0.818	0.783	((((.....(((({{((((((..................................................................................))))))(((..[[[..}}..))).............................................))))...]]]....))))	.........(((({{((((((((((..........................................................................))))))))))(((([[[[..}}.)))).............................................))))...]]]....]...
RF03160_5_2	189	5	98.512	22	5	0	0.815	1.0	0.898	((((.....(((({{((((((..................................................................................))))))(((..[[[..}}..))).............................................))))...]]]....))))	((((.....(((({{((((((((((..........................................................................))))))))))((((.[[[..}}.)))).............................................))))...]]]....))))
RF03160_5_3	189	5	99.028	22	1	0	0.957	1.0	0.978	((((.....(((({{((((((..................................................................................))))))(((..[[[..}}..))).............................................))))...]]]....))))	((((.....(((({{((((((..................................................................................))))))((((.[[[..}}.)))).............................................))))...]]]....))))
RF03160_5_4	189	5	99.549	9	10	13	0.474	0.409	0.439	((((.....(((({{((((((..................................................................................))))))(((..[[[..}}..))).............................................))))...]]]....))))	...........{{....[[[[((((................(((.......................................................}}..]]]]..((((.[[......)))).............................................)))).)))]]........
RF03160_5_5	189	5	100.073	16	8	6	0.667	0.727	0.696	((((.....(((({{((((((..................................................................................))))))(((..[[[..}}..))).............................................))))...]]]....))))	.....(((.(((({{..(((((((.................(...)......................................................)))))))..((((.[[[..}}.)))).............................................))))...]]]....))).
RF03160_5_6	189	5	100.617	22	7	0	0.759	1.0	0.863	((((.....(((({{((((((..................................................................................))))))(((..[[[..}}..))).............................................))))...]]]....))))	((((..((.(((({{(((((((((.................(...)......................................................)))))))))((((.[[[..}}.)))).............................................))))...]]]))..))))
RF03160_5_7	189	5	101.132	19	6	3	0.76	0.864	0.809	((((.....(((({{((((((..................................................................................))))))(((..[[[..}}..))).............................................))))...]]]....))))	(((......(((({{..((((((((................(...).....................................................))))))))..((((.[[[..}}.)))).............................................))))...]]].....)))
RF03160_5_8	189	5	101.66	21	1	1	0.955	0.955	0.955	((((.....(((({{((((((..................................................................................))))))(((..[[[..}}..))).............................................))))...]]]....))))	((((.....(((({{(((((....................................................................................)))))((((.[[[..}}.)))).............................................))))...]]]....))))
RF03160_5_9	189	5	102.176	21	7	1	0.75	0.955	0.84	((((.....(((({{((((((..................................................................................))))))(((..[[[..}}..))).............................................))))...]]]....))))	((((.....(((([[((((((((((..........................................................................))))))))))(((({{<<..]].)))).............................................)))).}}>>.....))))
RF03160_10_1	189	10	102.701	19	3	3	0.864	0.864	0.864	((((.....(((({{((((((..................................................................................))))))(((..[[[..}}..))).............................................))))...]]]....))))	(((......(((({{..((((..(.................(...)......................................................)..))))..((((.[[[..}}.)))).............................................))))...]]].....)))
RF03160_10_10	189	10	103.229	21	5	1	0.808	0.955	0.875	((((.....(((({{((((((..................................................................................))))))(((..[[[..}}..))).............................................))))...]]]....))))	(((......(((({{(((((((((.................(...)......................................................)))))))))((((.[[[..}}.)))).............................................))))...]]].....)))
RF03160_10_2	189	10	103.777	21	4	1	0.84	0.955	0.894	((((.....(((({{((((((..................................................................................))))))(((..[[[..}}..))).............................................))))...]]]....))))	.(((.....(((({{(((((((((............................................................................)))))))))((((.[[[..}}.)))).............................................))))...]]]....))).
RF03160_10_3	189	10	104.318	16	5	6	0.762	0.727	0.744	((((.....(((({{((((((..................................................................................))))))(((..[[[..}}..))).............................................))))...]]]....))))	.........(((({{..(((((((.................(...)......................................................)))))))..((((.[[[..}}.)))).............................................))))...]]]........
RF03160_10_4	189	10	104.877	14	8	8	0.636	0.636	0.636	((((.....(((({{((((((..................................................................................))))))(((..[[[..}}..))).............................................))))...]]]....))))	.....(((.((((....((((((((..........................................................................))))))))..((((.[[[.....)))).............................................))))...]]]....))).
RF03160_10_5	189	10	105.421	14	6	8	0.7	0.636	0.667	((((.....(((({{((((((..................................................................................))))))(((..[[[..}}..))).............................................))))...]]]....))))	.........((((....((((((((................(...).....................................................))))))))..((((.[[[.....)))).............................................))))...]]]........
RF03160_10_6	189	10	105.962	18	9	4	0.667	0.818	0.735	((((.....(((({{((((((..................................................................................))))))(((..[[[..}}..))).............................................))))...]]]....))))	.....(((.(((({{((((((((((................(...).....................................................))))))))))((((.[[[..}}.)))).............................................))))...]]]....))).
RF03160_10_7	189	10	106.509	20	6	2	0.769	0.909	0.833	((((.....(((({{((((((..................................................................................))))))(((..[[[..}}..))).............................................))))...]]]....))))	((((.....((((..((((((((((................(...).....................................................))))))))))((((.[[[.....)))).............................................))))...]]]....))))
RF03160_10_8	189	10	107.05	14	8	8	0.636	0.636	0.636	((((.....(((({{((((((..................................................................................))))))(((..[[[..}}..))).............................................))))...]]]....))))	.....(((.((((....((((((((..........................................................................))))))))..((((.[[[.....)))).............................................))))...]]]....))).
RF03160_10_9	189	10	107.578	17	6	5	0.739	0.773	0.756	((((.....(((({{((((((..................................................................................))))))(((..[[[..}}..))).............................................))))...]]]....))))	.(((.....((((....((((((((................(...).....................................................))))))))..((((.[[[.....)))).............................................))))...]]]....))).
RF03160_20_1	189	20	108.119	16	6	6	0.727	0.727	0.727	((((.....(((({{((((((..................................................................................))))))(((..[[[..}}..))).............................................))))...]]]....))))	.((......((((....((((((((................(...).....................................................))))))))..((((.[[[.....)))).............................................))))...]]].....)).
RF03160_20_10	189	20	108.661	17	8	5	0.68	0.773	0.723	((((.....(((({{((((((..................................................................................))))))(((..[[[..}}..))).............................................))))...]]]....))))	((((.....((((....((((((((................(...).....................................................))))))))..(((([[{{.....)))).............................................)))).]]}}.....))))
RF03160_20_2	189	20	109.196	16	6	6	0.727	0.727	0.727	((((.....(((({{((((((..................................................................................))))))(((..[[[..}}..))).............................................))))...]]]....))))	.........(((({{..((((((((................(...).....................................................))))))))..((((.[[[..}}.)))).............................................))))...]]]........
RF03160_20_3	189	20	109.724	18	7	4	0.72	0.818	0.766	((((.....(((({{((((((..................................................................................))))))(((..[[[..}}..))).............................................))))...]]]....))))	.((....(.(((({{..((((((((................(...).....................................................))))))))..((((.[[[..}}.)))).............................................))))...]]]....))).
RF03160_20_4	189	20	110.26	22	5	0	0.815	1.0	0.898	((((.....(((({{((((((..................................................................................))))))(((..[[[..}}..))).............................................))))...]]]....))))	((((.....(((({{((((((((((..........................................................................))))))))))((((.[[[..}}.)))).............................................))))...]]]....))))
RF03160_20_5	189	20	110.817	16	8	6	0.667	0.727	0.696	((((.....(((({{((((((..................................................................................))))))(((..[[[..}}..))).............................................))))...]]]....))))	.....(((.(((({{..((((((((..........................................................................))))))))..((((.[[[..}}.)))).............................................))))...]]]....))).
RF03160_20_6	189	20	111.358	14	9	8	0.609	0.636	0.622	((((.....(((({{((((((..................................................................................))))))(((..[[[..}}..))).............................................))))...]]]....))))	.....(((.((((....((((((((................(...).....................................................))))))))..((((.[[[.....)))).............................................))))...]]]....))).
RF03160_20_7	189	20	111.891	18	5	4	0.783	0.818	0.8	((((.....(((({{((((((..................................................................................))))))(((..[[[..}}..))).............................................))))...]]]....))))	.........(((({{((((((((((..........................................................................))))))))))((((.[[[..}}.)))).............................................))))...]]]........
RF03160_20_8	189	20	112.428	18	4	4	0.818	0.818	0.818	((((.....(((({{((((((..................................................................................))))))(((..[[[..}}..))).............................................))))...]]]....))))	.((......(((({{..(((((((............................................................................)))))))..((((.[[[..}}.)))).............................................))))...]]].....)).
RF03160_20_9	189	20	112.976	16	5	6	0.762	0.727	0.744	((((.....(((({{((((((..................................................................................))))))(((..[[[..}}..))).............................................))))...]]]....))))	.........(((({{..((((((((..........................................................................))))))))..((((.[[[..}}.)))).............................................))))...]]]........
RF03160_30_1	189	30	113.532	16	8	6	0.667	0.727	0.696	((((.....(((({{((((((..................................................................................))))))(((..[[[..}}..))).............................................))))...]]]....))))	.....(((.(((({{..((((((((..........................................................................))))))))..((((.[[[..}}.)))).............................................))))...]]]....))).
RF03160_30_10	189	30	114.093	14	8	8	0.636	0.636	0.636	((((.....(((({{((((((..................................................................................))))))(((..[[[..}}..))).............................................))))...]]]....))))	.....(((.((((....(((((((.................(...)......................................................)))))))..((((.[[[.....)))).............................................))))...]]]....))).
RF03160_30_2	189	30	114.636	14	6	8	0.7	0.636	0.667	((((.....(((({{((((((..................................................................................))))))(((..[[[..}}..))).............................................))))...]]]....))))	.........((((....((((((((................(...).....................................................))))))))..((((.[[[.....)))).............................................))))...]]]........
RF03160_30_3	189	30	115.187	18	7	4	0.72	0.818	0.766	((((.....(((({{((((((..................................................................................))))))(((..[[[..}}..))).............................................))))...]]]....))))	((....((.(((({{..((((((((..........................................................................))))))))..((((.[[[..}}.)))).............................................))))...]]]....))))
RF03160_30_4	189	30	115.762	20	4	2	0.833	0.909	0.87	((((.....(((({{((((((..................................................................................))))))(((..[[[..}}..))).............................................))))...]]]....))))	((((.....(((({{..(((((((............................................................................)))))))..((((.[[[..}}.)))).............................................))))...]]]....))))
RF03160_30_5	189	30	116.318	17	4	5	0.81	0.773	0.791	((((.....(((({{((((((..................................................................................))))))(((..[[[..}}..))).............................................))))...]]]....))))	(((......((((....(((((((............................................................................)))))))..((((.[[[.....)))).............................................))))...]]].....)))
RF03160_30_6	189	30	116.863	19	4	3	0.826	0.864	0.844	((((.....(((({{((((((..................................................................................))))))(((..[[[..}}..))).............................................))))...]]]....))))	.(((.....(((({{..(((((((............................................................................)))))))..((((.[[[..}}.)))).............................................))))...]]]....))).
RF03160_30_7	189	30	117.419	18	5	4	0.783	0.818	0.8	((((.....(((({{((((((..................................................................................))))))(((..[[[..}}..))).............................................))))...]]]....))))	.((......(((({{..((((((((..........................................................................))))))))..((((.[[[..}}.)))).............................................))))...]]].....)).
RF03160_30_8	189	30	118.007	16	8	6	0.667	0.727	0.696	((((.....(((({{((((((..................................................................................))))))(((..[[[..}}..))).............................................))))...]]]....))))	.....(((.(((({{..((((((((..........................................................................))))))))..((((.[[[..}}.)))).............................................))))...]]]....))).
RF03160_30_9	189	30	118.579	22	4	0	0.846	1.0	0.917	((((.....(((({{((((((..................................................................................))))))(((..[[[..}}..))).............................................))))...]]]....))))	((((.....(((({{(((((((((............................................................................)))))))))((((.[[[..}}.)))).............................................))))...]]]....))))
RF03160_50_1	189	50	119.168	16	7	6	0.696	0.727	0.711	((((.....(((({{((((((..................................................................................))))))(((..[[[..}}..))).............................................))))...]]]....))))	.....((..(((({{..((((((((..........................................................................))))))))..((((.[[[..}}.)))).............................................))))...]]].....)).
RF03160_50_10	189	50	119.757	14	8	8	0.636	0.636	0.636	((((.....(((({{((((((..................................................................................))))))(((..[[[..}}..))).............................................))))...]]]....))))	.....(((.((((....((((((((..........................................................................))))))))..((((.[[[.....)))).............................................))))...]]]....))).
RF03160_50_2	189	50	120.342	18	4	4	0.818	0.818	0.818	((((.....(((({{((((((..................................................................................))))))(((..[[[..}}..))).............................................))))...]]]....))))	.((......(((({{..(((((((............................................................................)))))))..((((.[[[..}}.)))).............................................))))...]]].....)).
RF03160_50_3	189	50	120.94	14	7	8	0.667	0.636	0.651	((((.....(((({{((((((..................................................................................))))))(((..[[[..}}..))).............................................))))...]]]....))))	.....(((.((((....(((((((............................................................................)))))))..((((.[[[.....)))).............................................))))...]]]....))).
RF03160_50_4	189	50	121.529	14	5	8	0.737	0.636	0.683	((((.....(((({{((((((..................................................................................))))))(((..[[[..}}..))).............................................))))...]]]....))))	.........((((....((((((((..........................................................................))))))))..((((.[[[.....)))).............................................))))...]]]........
RF03160_50_5	189	50	122.128	16	6	6	0.727	0.727	0.727	((((.....(((({{((((((..................................................................................))))))(((..[[[..}}..))).............................................))))...]]]....))))	.((......((((....((((((((................(...).....................................................))))))))..((((.[[[.....)))).............................................))))...]]].....)).
RF03160_50_6	189	50	122.716	18	5	4	0.783	0.818	0.8	((((.....(((({{((((((..................................................................................))))))(((..[[[..}}..))).............................................))))...]]]....))))	.((......(((({{..((((((((..........................................................................))))))))..((((.[[[..}}.)))).............................................))))...]]].....)).
RF03160_50_7	189	50	123.302	17	7	5	0.708	0.773	0.739	((((.....(((({{((((((..................................................................................))))))(((..[[[..}}..))).............................................))))...]]]....))))	(....(((.(((({{..(((((((............................................................................)))))))..((((.[[[..}}.)))).............................................))))...]]]....))))
RF03160_50_8	189	50	123.873	18	6	4	0.75	0.818	0.783	((((.....(((({{((((((..................................................................................))))))(((..[[[..}}..))).............................................))))...]]]....))))	.((......(((({{..((((((((................(...).....................................................))))))))..((((.[[[..}}.)))).............................................))))...]]].....)).
RF03160_50_9	189	50	124.454	19	5	3	0.792	0.864	0.826	((((.....(((({{((((((..................................................................................))))))(((..[[[..}}..))).............................................))))...]]]....))))	(((......(((({{..((((((((..........................................................................))))))))..((((.[[[..}}.)))).............................................))))...]]].....)))
RF03160_75_1	189	75	125.095	19	5	3	0.792	0.864	0.826	((((.....(((({{((((((..................................................................................))))))(((..[[[..}}..))).............................................))))...]]]....))))	.(((.....(((({{..((((((((..........................................................................))))))))..((((.[[[..}}.)))).............................................))))...]]]....))).
RF03160_75_10	189	75	125.718	20	5	2	0.8	0.909	0.851	((((.....(((({{((((((..................................................................................))))))(((..[[[..}}..))).............................................))))...]]]....))))	((((.....(((({{..((((((((..........................................................................))))))))..((((.[[[..}}.)))).............................................))))...]]]....))))
RF03160_75_2	189	75	126.322	18	5	4	0.783	0.818	0.8	((((.....(((({{((((((..................................................................................))))))(((..[[[..}}..))).............................................))))...]]]....))))	.((......(((({{..((((((((..........................................................................))))))))..((((.[[[..}}.)))).............................................))))...]]].....)).
RF03160_75_3	189	75	126.937	16	4	6	0.8	0.727	0.762	((((.....(((({{((((((..................................................................................))))))(((..[[[..}}..))).............................................))))...]]]....))))	.........(((({{..(((((((............................................................................)))))))..((((.[[[..}}.)))).............................................))))...]]]........
RF03160_75_4	189	75	127.559	20	5	2	0.8	0.909	0.851	((((.....(((({{((((((..................................................................................))))))(((..[[[..}}..))).............................................))))...]]]....))))	((((.....(((({{..((((((((..........................................................................))))))))..((((.[[[..}}.)))).............................................))))...]]]....))))
RF03160_75_5	189	75	128.187	18	5	4	0.783	0.818	0.8	((((.....(((({{((((((..................................................................................))))))(((..[[[..}}..))).............................................))))...]]]....))))	.((......(((({{..((((((((..........................................................................))))))))..((((.[[[..}}.)))).............................................))))...]]].....)).
RF03160_75_6	189	75	128.811	19	5	3	0.792	0.864	0.826	((((.....(((({{((((((..................................................................................))))))(((..[[[..}}..))).............................................))))...]]]....))))	(((......(((({{..((((((((..........................................................................))))))))..((((.[[[..}}.)))).............................................))))...]]].....)))
RF03160_75_7	189	75	129.433	18	5	4	0.783	0.818	0.8	((((.....(((({{((((((..................................................................................))))))(((..[[[..}}..))).............................................))))...]]]....))))	.((......(((({{..((((((((..........................................................................))))))))..((((.[[[..}}.)))).............................................))))...]]].....)).
RF03160_75_8	189	75	130.053	19	5	3	0.792	0.864	0.826	((((.....(((({{((((((..................................................................................))))))(((..[[[..}}..))).............................................))))...]]]....))))	(((......(((({{..((((((((..........................................................................))))))))..((((.[[[..}}.)))).............................................))))...]]].....)))
RF03160_75_9	189	75	130.667	20	5	2	0.8	0.909	0.851	((((.....(((({{((((((..................................................................................))))))(((..[[[..}}..))).............................................))))...]]]....))))	((((.....(((({{..((((((((..........................................................................))))))))..((((.[[[..}}.)))).............................................))))...]]]....))))
RF03160_100_1	189	100	131.303	20	5	2	0.8	0.909	0.851	((((.....(((({{((((((..................................................................................))))))(((..[[[..}}..))).............................................))))...]]]....))))	((((.....(((({{..((((((((..........................................................................))))))))..((((.[[[..}}.)))).............................................))))...]]]....))))
RF03160_100_10	189	100	131.937	18	5	4	0.783	0.818	0.8	((((.....(((({{((((((..................................................................................))))))(((..[[[..}}..))).............................................))))...]]]....))))	.((......(((({{..((((((((..........................................................................))))))))..((((.[[[..}}.)))).............................................))))...]]].....)).
RF03160_100_2	189	100	132.587	20	5	2	0.8	0.909	0.851	((((.....(((({{((((((..................................................................................))))))(((..[[[..}}..))).............................................))))...]]]....))))	((((.....(((({{..((((((((..........................................................................))))))))..((((.[[[..}}.)))).............................................))))...]]]....))))
RF03160_100_3	189	100	133.23	16	5	6	0.762	0.727	0.744	((((.....(((({{((((((..................................................................................))))))(((..[[[..}}..))).............................................))))...]]]....))))	.........(((({{..((((((((..........................................................................))))))))..((((.[[[..}}.)))).............................................))))...]]]........
RF03160_100_4	189	100	133.88	18	5	4	0.783	0.818	0.8	((((.....(((({{((((((..................................................................................))))))(((..[[[..}}..))).............................................))))...]]]....))))	.((......(((({{..((((((((..........................................................................))))))))..((((.[[[..}}.)))).............................................))))...]]].....)).
RF03160_100_5	189	100	134.524	16	8	6	0.667	0.727	0.696	((((.....(((({{((((((..................................................................................))))))(((..[[[..}}..))).............................................))))...]]]....))))	.....(((.(((({{..((((((((..........................................................................))))))))..((((.[[[..}}.)))).............................................))))...]]]....))).
RF03160_100_6	189	100	135.156	18	5	4	0.783	0.818	0.8	((((.....(((({{((((((..................................................................................))))))(((..[[[..}}..))).............................................))))...]]]....))))	.((......(((({{..((((((((..........................................................................))))))))..((((.[[[..}}.)))).............................................))))...]]].....)).
RF03160_100_7	189	100	135.814	19	5	3	0.792	0.864	0.826	((((.....(((({{((((((..................................................................................))))))(((..[[[..}}..))).............................................))))...]]]....))))	(((......(((({{..((((((((..........................................................................))))))))..((((.[[[..}}.)))).............................................))))...]]].....)))
RF03160_100_8	189	100	136.459	19	5	3	0.792	0.864	0.826	((((.....(((({{((((((..................................................................................))))))(((..[[[..}}..))).............................................))))...]]]....))))	(((......(((({{..((((((((..........................................................................))))))))..((((.[[[..}}.)))).............................................))))...]]].....)))
RF03160_100_9	189	100	137.114	18	5	4	0.783	0.818	0.8	((((.....(((({{((((((..................................................................................))))))(((..[[[..}}..))).............................................))))...]]]....))))	.((......(((({{..((((((((..........................................................................))))))))..((((.[[[..}}.)))).............................................))))...]]].....)).
RF03160_150_1	189	150	137.805	18	5	4	0.783	0.818	0.8	((((.....(((({{((((((..................................................................................))))))(((..[[[..}}..))).............................................))))...]]]....))))	.((......(((({{..((((((((..........................................................................))))))))..((((.[[[..}}.)))).............................................))))...]]].....)).
RF03160_150_10	189	150	138.482	19	5	3	0.792	0.864	0.826	((((.....(((({{((((((..................................................................................))))))(((..[[[..}}..))).............................................))))...]]]....))))	(((......(((({{..((((((((..........................................................................))))))))..((((.[[[..}}.)))).............................................))))...]]].....)))
RF03160_150_2	189	150	139.176	18	5	4	0.783	0.818	0.8	((((.....(((({{((((((..................................................................................))))))(((..[[[..}}..))).............................................))))...]]]....))))	.((......(((({{..((((((((..........................................................................))))))))..((((.[[[..}}.)))).............................................))))...]]].....)).
RF03160_150_3	189	150	139.876	22	4	0	0.846	1.0	0.917	((((.....(((({{((((((..................................................................................))))))(((..[[[..}}..))).............................................))))...]]]....))))	((((.....(((({{(((((((((............................................................................)))))))))((((.[[[..}}.)))).............................................))))...]]]....))))
RF03160_150_4	189	150	140.576	18	5	4	0.783	0.818	0.8	((((.....(((({{((((((..................................................................................))))))(((..[[[..}}..))).............................................))))...]]]....))))	.((......(((({{..((((((((..........................................................................))))))))..((((.[[[..}}.)))).............................................))))...]]].....)).
RF03160_150_5	189	150	141.283	19	5	3	0.792	0.864	0.826	((((.....(((({{((((((..................................................................................))))))(((..[[[..}}..))).............................................))))...]]]....))))	(((......(((({{..((((((((..........................................................................))))))))..((((.[[[..}}.)))).............................................))))...]]].....)))
RF03160_150_6	189	150	141.98	19	6	3	0.76	0.864	0.809	((((.....(((({{((((((..................................................................................))))))(((..[[[..}}..))).............................................))))...]]]....))))	(((......(((({{..((((((((................(...).....................................................))))))))..((((.[[[..}}.)))).............................................))))...]]].....)))
RF03160_150_7	189	150	142.654	20	5	2	0.8	0.909	0.851	((((.....(((({{((((((..................................................................................))))))(((..[[[..}}..))).............................................))))...]]]....))))	((((.....(((({{..((((((((..........................................................................))))))))..((((.[[[..}}.)))).............................................))))...]]]....))))
RF03160_150_8	189	150	143.339	16	8	6	0.667	0.727	0.696	((((.....(((({{((((((..................................................................................))))))(((..[[[..}}..))).............................................))))...]]]....))))	.....(((.(((({{..((((((((..........................................................................))))))))..((((.[[[..}}.)))).............................................))))...]]]....))).
RF03160_150_9	189	150	144.032	20	5	2	0.8	0.909	0.851	((((.....(((({{((((((..................................................................................))))))(((..[[[..}}..))).............................................))))...]]]....))))	((((.....(((({{..((((((((..........................................................................))))))))..((((.[[[..}}.)))).............................................))))...]]]....))))
RF03160_200_1	189	200	144.761	18	5	4	0.783	0.818	0.8	((((.....(((({{((((((..................................................................................))))))(((..[[[..}}..))).............................................))))...]]]....))))	.((......(((({{..((((((((..........................................................................))))))))..((((.[[[..}}.)))).............................................))))...]]].....)).
RF03160_200_10	189	200	145.496	20	5	2	0.8	0.909	0.851	((((.....(((({{((((((..................................................................................))))))(((..[[[..}}..))).............................................))))...]]]....))))	((((.....(((({{..((((((((..........................................................................))))))))..((((.[[[..}}.)))).............................................))))...]]]....))))
RF03160_200_2	189	200	146.213	18	5	4	0.783	0.818	0.8	((((.....(((({{((((((..................................................................................))))))(((..[[[..}}..))).............................................))))...]]]....))))	.((......(((({{..((((((((..........................................................................))))))))..((((.[[[..}}.)))).............................................))))...]]].....)).
RF03160_200_3	189	200	146.935	18	6	4	0.75	0.818	0.783	((((.....(((({{((((((..................................................................................))))))(((..[[[..}}..))).............................................))))...]]]....))))	.((......(((({{..((((((((................(...).....................................................))))))))..((((.[[[..}}.)))).............................................))))...]]].....)).
RF03160_200_4	189	200	147.651	19	5	3	0.792	0.864	0.826	((((.....(((({{((((((..................................................................................))))))(((..[[[..}}..))).............................................))))...]]]....))))	(((......(((({{..((((((((..........................................................................))))))))..((((.[[[..}}.)))).............................................))))...]]].....)))
RF03160_200_5	189	200	148.364	18	5	4	0.783	0.818	0.8	((((.....(((({{((((((..................................................................................))))))(((..[[[..}}..))).............................................))))...]]]....))))	.((......(((({{..((((((((..........................................................................))))))))..((((.[[[..}}.)))).............................................))))...]]].....)).
RF03160_200_6	189	200	149.09	18	5	4	0.783	0.818	0.8	((((.....(((({{((((((..................................................................................))))))(((..[[[..}}..))).............................................))))...]]]....))))	.((......(((({{..((((((((..........................................................................))))))))..((((.[[[..}}.)))).............................................))))...]]].....)).
RF03160_200_7	189	200	149.828	19	5	3	0.792	0.864	0.826	((((.....(((({{((((((..................................................................................))))))(((..[[[..}}..))).............................................))))...]]]....))))	(((......(((({{..((((((((..........................................................................))))))))..((((.[[[..}}.)))).............................................))))...]]].....)))
RF03160_200_8	189	200	150.552	18	5	4	0.783	0.818	0.8	((((.....(((({{((((((..................................................................................))))))(((..[[[..}}..))).............................................))))...]]]....))))	.((......(((({{..((((((((..........................................................................))))))))..((((.[[[..}}.)))).............................................))))...]]].....)).
RF03160_200_9	189	200	151.295	18	5	4	0.783	0.818	0.8	((((.....(((({{((((((..................................................................................))))))(((..[[[..}}..))).............................................))))...]]]....))))	.((......(((({{..((((((((..........................................................................))))))))..((((.[[[..}}.)))).............................................))))...]]].....)).
RF03160_300_1	189	300	152.117	18	5	4	0.783	0.818	0.8	((((.....(((({{((((((..................................................................................))))))(((..[[[..}}..))).............................................))))...]]]....))))	.((......(((({{..((((((((..........................................................................))))))))..((((.[[[..}}.)))).............................................))))...]]].....)).
RF03160_300_10	189	300	152.908	18	5	4	0.783	0.818	0.8	((((.....(((({{((((((..................................................................................))))))(((..[[[..}}..))).............................................))))...]]]....))))	.((......(((({{..((((((((..........................................................................))))))))..((((.[[[..}}.)))).............................................))))...]]].....)).
RF03160_300_2	189	300	153.72	19	5	3	0.792	0.864	0.826	((((.....(((({{((((((..................................................................................))))))(((..[[[..}}..))).............................................))))...]]]....))))	(((......(((({{..((((((((..........................................................................))))))))..((((.[[[..}}.)))).............................................))))...]]].....)))
RF03160_300_3	189	300	154.513	19	5	3	0.792	0.864	0.826	((((.....(((({{((((((..................................................................................))))))(((..[[[..}}..))).............................................))))...]]]....))))	(((......(((({{..((((((((..........................................................................))))))))..((((.[[[..}}.)))).............................................))))...]]].....)))
RF03160_300_4	189	300	155.324	19	5	3	0.792	0.864	0.826	((((.....(((({{((((((..................................................................................))))))(((..[[[..}}..))).............................................))))...]]]....))))	(((......(((({{..((((((((..........................................................................))))))))..((((.[[[..}}.)))).............................................))))...]]].....)))
RF03160_300_5	189	300	156.124	18	4	4	0.818	0.818	0.818	((((.....(((({{((((((..................................................................................))))))(((..[[[..}}..))).............................................))))...]]]....))))	.((......(((({{..(((((((............................................................................)))))))..((((.[[[..}}.)))).............................................))))...]]].....)).
RF03160_300_6	189	300	156.924	19	5	3	0.792	0.864	0.826	((((.....(((({{((((((..................................................................................))))))(((..[[[..}}..))).............................................))))...]]]....))))	(((......(((({{..((((((((..........................................................................))))))))..((((.[[[..}}.)))).............................................))))...]]].....)))
RF03160_300_7	189	300	157.726	18	5	4	0.783	0.818	0.8	((((.....(((({{((((((..................................................................................))))))(((..[[[..}}..))).............................................))))...]]]....))))	.((......(((({{..((((((((..........................................................................))))))))..((((.[[[..}}.)))).............................................))))...]]].....)).
RF03160_300_8	189	300	158.529	18	6	4	0.75	0.818	0.783	((((.....(((({{((((((..................................................................................))))))(((..[[[..}}..))).............................................))))...]]]....))))	.((......(((({{..((((((((................(...).....................................................))))))))..((((.[[[..}}.)))).............................................))))...]]].....)).
RF03160_300_9	189	300	159.34	19	5	3	0.792	0.864	0.826	((((.....(((({{((((((..................................................................................))))))(((..[[[..}}..))).............................................))))...]]]....))))	(((......(((({{..((((((((..........................................................................))))))))..((((.[[[..}}.)))).............................................))))...]]].....)))
RF00001_2_1	230	2	159.901	22	20	12	0.524	0.647	0.579	..((((((.((.(.......((.....(.(.(.(.(.................((...............(((....(.((.................))...))).)...))......................)))))...).)..(...((...((......(.((.......((....).).......))....)....)).....)).)..).))..).))))).	..((((((.((.(.......[[....((.(.(.(.(..................(.(..........(..(((....(..[....[[{{{[.......[[...))).)...)))[....................)))))).......(...((..((..]...(((.]]].....]]].}}}.......].]........)))))....)).)..).))..).))))).
RF00001_2_10	230	2	160.466	23	22	11	0.511	0.676	0.582	..((((((.((.(.......((.....(.(.(.(.(.................((...............(((....(.((.................))...))).)...))......................)))))...).)..(...((...((......(.((.......((....).).......))....)....)).....)).)..).))..).))))).	..((((((.((.(.......((....((.(.(.(.(....................(..........(..(((....(.((.......[[[.......))...))).)...))[[[.[.................))))))..).).....((]..]]][[.....[(((((...](((]].).).))))).)]]...]............))...).))..).))))).
RF00001_2_2	230	2	161.029	13	30	21	0.302	0.382	0.338	..((((((.((.(.......((.....(.(.(.(.(.................((...............(((....(.((.................))...))).)...))......................)))))...).)..(...((...((......(.((.......((....).).......))....)....)).....)).)..).))..).))))).	..((((((....[.......((B...((.(.(.(.(...........................................((....[[[[[........)).AA{{{.{..<<<<.....................)))))))b)....(...((..((((((......)))]]..]]]].aa).).[..)).))].........}}....}}...>>.>>..).))))).
RF00001_2_3	230	2	161.59	25	20	9	0.556	0.735	0.633	..((((((.((.(.......((.....(.(.(.(.(.................((...............(((....(.((.................))...))).)...))......................)))))...).)..(...((...((......(.((.......((....).).......))....)....)).....)).)..).))..).))))).	..((((((.((.(.......(.....((.(.(.(.(..................(.(..........(..(((....(.[[.....{{[[[......[.....))).)<.<))).....................))))))}.}.)..(...((..((.A.......(..(((...((]]]]).).)))>>.)]].........))....)).).a).))..).))))).
RF00001_2_4	230	2	162.137	21	25	13	0.457	0.618	0.525	..((((((.((.(.......((.....(.(.(.(.(.................((...............(((....(.((.................))...))).)...))......................)))))...).)..(...((...((......(.((.......((....).).......))....)....)).....)).)..).))..).))))).	..((((((.((.(.[.....((....((.(.(.(.(...((..........(.{{.{..........{....]......[[....[[[..........[[.[{{.).)).<<.......................))))))..).)..(...((....]]]}..}..>>((((..]((}}}}).)..)).].]]].........))....)).)..).))..).))))).
RF00001_2_5	230	2	162.684	12	26	22	0.316	0.353	0.333	..((((((.((.(.......((.....(.(.(.(.(.................((...............(((....(.((.................))...))).)...))......................)))))...).)..(...((...((......(.((.......((....).).......))....)....)).....)).)..).))..).))))).	..((((((.((.(.(...........[[.[.[.[.)...){..........{.[..(..........(..(((....(.((.....(((............((.]......)).......................]]]]]..}.}......[[..[))).......((...(..]]](...)......)).).....)...))))....)).)....))..).))))).
RF00001_2_6	230	2	163.245	22	23	12	0.489	0.647	0.557	..((((((.((.(.......((.....(.(.(.(.(.................((...............(((....(.((.................))...))).)...))......................)))))...).)..(...((...((......(.((.......((....).).......))....)....)).....)).)..).))..).))))).	..((((((.((.(.............((.(.(.(.(..................(.(..........(..(((....(.([....[[[[[[.......[)...))).)...))).....................))))))].].]..(...((..((((((.....{{{{{]..]]]])))).).)}}}}.}.................)).)..).))..).))))).
RF00001_2_7	230	2	163.814	20	16	14	0.556	0.588	0.571	..((((((.((.(.......((.....(.(.(.(.(.................((...............(((....(.((.................))...))).)...))......................)))))...).)..(...((...((......(.((.......((....).).......))....)....)).....)).)..).))..).))))).	..((((((.((.(.......((....((.(.(.(.(..................(.[..........[..[((....(.([....[[[[[.........)...))).......).....................))))))..).)..........]]]........(((((....]]]........)))).).................]].]..).))..).))))).
RF00001_2_8	230	2	164.387	25	24	9	0.51	0.735	0.602	..((((((.((.(.......((.....(.(.(.(.(.................((...............(((....(.((.................))...))).)...))......................)))))...).)..(...((...((......(.((.......((....).).......))....)....)).....)).)..).))..).))))).	..((((((.((.(.(.(...((....((.(.(.(.(..................(.(..........(..(((....(.<<....<<[[..............))).)...)))[[.[.................))))))..).)..{...{{..{{]]].....[[[[[[[..[{>>))]].}..]]]].]>>......]]]}}....}}.}..).))..).))))).
RF00001_2_9	230	2	164.959	20	26	14	0.435	0.588	0.5	..((((((.((.(.......((.....(.(.(.(.(.................((...............(((....(.((.................))...))).)...))......................)))))...).)..(...((...((......(.((.......((....).).......))....)....)).....)).)..).))..).))))).	..((((((.((.(...((.(((....((.(.(.(.(...[[..........[.[(.(..........(..(((....(.[[....{[[[[.............))).)...))).....................)))))).......)...)...]]]]]]..}..((((((...((....).).))))).)...........))...)]].].]).))..).))))).
RF00001_5_1	230	5	165.525	27	13	7	0.675	0.794	0.73	..((((((.((.(.......((.....(.(.(.(.(.................((...............(((....(.((.................))...))).)...))......................)))))...).)..(...((...((......(.((.......((....).).......))....)....)).....)).)..).))..).))))).	..((((((.((.(.......((....((.(.(.(.(..................(.(..........(..(((....(.[[....[[................))).)...))).....................))))))..).)..(...((..((((..........(.(..(((....).).))).].]]].......))))....)).)..).))..).))))).
RF00001_5_10	230	5	166.093	23	17	11	0.575	0.676	0.622	..((((((.((.(.......((.....(.(.(.(.(.................((...............(((....(.((.................))...))).)...))......................)))))...).)..(...((...((......(.((.......((....).).......))....)....)).....)).)..).))..).))))).	..((((((.((.(.......((....((.(.(.(...................[[.(..........(..(((....(..[....[[[...........[...))).)...))]......................)))))..).)..(...((..((.........((((((..]]]].......))))).)...........))..]])).)..).))..).))))).
RF00001_5_2	230	5	166.666	28	13	6	0.683	0.824	0.747	..((((((.((.(.......((.....(.(.(.(.(.................((...............(((....(.((.................))...))).)...))......................)))))...).)..(...((...((......(.((.......((....).).......))....)....)).....)).)..).))..).))))).	..((((((.((.(.......((....((.(.(.(.(..................(.(..........(..(((....(.[(.....[...........)....))).)...))).....................))))))..).)..(...((..(((].......(((((...(((....).).))))).).]........)))....)).)..).))..).))))).
RF00001_5_3	230	5	167.244	25	19	9	0.568	0.735	0.641	..((((((.((.(.......((.....(.(.(.(.(.................((...............(((....(.((.................))...))).)...))......................)))))...).)..(...((...((......(.((.......((....).).......))....)....)).....)).)..).))..).))))).	..((((((.((.(.......((....((.(.(.(.(..................[.[..........[..(((....(.{{....[[[[............[[))).)...]]......................))))))..).)..(...((..(]]]....]..((((((...((]]].).).))))).)}}..........)....)).)..).))..).))))).
RF00001_5_4	230	5	167.814	26	13	8	0.667	0.765	0.712	..((((((.((.(.......((.....(.(.(.(.(.................((...............(((....(.((.................))...))).)...))......................)))))...).)..(...((...((......(.((.......((....).).......))....)....)).....)).)..).))..).))))).	..((((((.((.(.......((....((.(.(.(.(..................[.[..........[..(((....(..(....[[[[[........)....))).)..[[[......................))))))..).)..(...((..(((.......]]]..]]..]]]]]]......................)))....)).)..).))..).))))).
RF00001_5_5	230	5	168.375	25	15	9	0.625	0.735	0.676	..((((((.((.(.......((.....(.(.(.(.(.................((...............(((....(.((.................))...))).)...))......................)))))...).)..(...((...((......(.((.......((....).).......))....)....)).....)).)..).))..).))))).	..((((((.((.(.......((....((.(.(.(.(....................(..........(..(((....(.[[....[[[[[.............))).)...))......................))))))..).)..(...((..]]]]........((((...(((....).).))))).]]]...............)).)..).))..).))))).
RF00001_5_6	230	5	168.937	29	11	5	0.725	0.853	0.784	..((((((.((.(.......((.....(.(.(.(.(.................((...............(((....(.((.................))...))).)...))......................)))))...).)..(...((...((......(.((.......((....).).......))....)....)).....)).)..).))..).))))).	..((((((.((.(.......((....((.(.(.(.(....................(..........(..(((....(.((.................))...))).)...))......................))))))..).)..(...((..((((.......(((((...(((....).).))))).).........))))....)).)..).))..).))))).
RF00001_5_7	230	5	169.502	24	16	10	0.6	0.706	0.649	..((((((.((.(.......((.....(.(.(.(.(.................((...............(((....(.((.................))...))).)...))......................)))))...).)..(...((...((......(.((.......((....).).......))....)....)).....)).)..).))..).))))).	..((((((.((.(.......((....((.(.(.(.(..................(.{..........{..(((....(.[[....[[[[[.............))).).....).....................)))))))...)..(...((..]]]]....}}....(((..(((....).).))))..]]]...............)).)..).))..).))))).
RF00001_5_8	230	5	170.058	23	12	11	0.657	0.676	0.667	..((((((.((.(.......((.....(.(.(.(.(.................((...............(((....(.((.................))...))).)...))......................)))))...).)..(...((...((......(.((.......((....).).......))....)....)).....)).)..).))..).))))).	..((((((.((.(.......((....((.(.(.(.(..................(.(..........(..(((....(.((.................))...))).)...))).....................)))))).......)...)(.............(((((...(((....).).))))).).................).....).))..).))))).
RF00001_5_9	230	5	170.624	28	10	6	0.737	0.824	0.778	..((((((.((.(.......((.....(.(.(.(.(.................((...............(((....(.((.................))...))).)...))......................)))))...).)..(...((...((......(.((.......((....).).......))....)....)).....)).)..).))..).))))).	..((((((.((.(.......((....((.(.(.(.(....................(..........(..(((....(.((.................))...))).)...))......................))))))..).)..(...((..((.........((((((...((....).).))))).)...........))....)).)..).))..).))))).
RF00001_10_1	230	10	171.187	22	11	12	0.667	0.647	0.657	..((((((.((.(.......((.....(.(.(.(.(.................((...............(((....(.((.................))...))).)...))......................)))))...).)..(...((...((......(.((.......((....).).......))....)....)).....)).)..).))..).))))).	..((((((.((.(.......((....((.(.(.(.(....................(..........[..[((....(.[[....[[[...............)))......)......................))))))..).)..(.....................((....((....).)..))]].]]]...............]].)..).))..).))))).
RF00001_10_10	230	10	171.759	27	10	7	0.73	0.794	0.761	..((((((.((.(.......((.....(.(.(.(.(.................((...............(((....(.((.................))...))).)...))......................)))))...).)..(...((...((......(.((.......((....).).......))....)....)).....)).)..).))..).))))).	..((((((.((.(.......((....((.(.(.(.(..................(.(..........(..(((....(.((.................))...))).)...))).....................))))))..).)..(...((.............((((((...((....).).))))).).................)).)..).))..).))))).
RF00001_10_2	230	10	172.333	27	7	7	0.794	0.794	0.794	..((((((.((.(.......((.....(.(.(.(.(.................((...............(((....(.((.................))...))).)...))......................)))))...).)..(...((...((......(.((.......((....).).......))....)....)).....)).)..).))..).))))).	..((((((.((.(.......((....((.(.(.(.(....................(..........(..(((....(.((.................))...))).)...))......................))))))..).)..(...((.............((.((....((....).)..)).).).................)).)..).))..).))))).
RF00001_10_3	230	10	172.917	26	12	8	0.684	0.765	0.722	..((((((.((.(.......((.....(.(.(.(.(.................((...............(((....(.((.................))...))).)...))......................)))))...).)..(...((...((......(.((.......((....).).......))....)....)).....)).)..).))..).))))).	..((((((.((.(.......((....((.(.(.(.(....................(..........(..(((....(.((.....[[[[........))...))).)...))......................))))))..).)......((..]]]].......(((((....((....).)..)))).).................))....).))..).))))).
RF00001_10_4	230	10	173.487	29	10	5	0.744	0.853	0.795	..((((((.((.(.......((.....(.(.(.(.(.................((...............(((....(.((.................))...))).)...))......................)))))...).)..(...((...((......(.((.......((....).).......))....)....)).....)).)..).))..).))))).	..((((((.((.(.......((....((.(.(.(.(....................(..........(..(((....(.((....[[[..........))...))).)...))......................))))))..).)..(...((..(((...........((...(((....).).)))]].]..........)))....)).)..).))..).))))).
RF00001_10_5	230	10	174.065	27	13	7	0.675	0.794	0.73	..((((((.((.(.......((.....(.(.(.(.(.................((...............(((....(.((.................))...))).)...))......................)))))...).)..(...((...((......(.((.......((....).).......))....)....)).....)).)..).))..).))))).	..((((((.((.(.......((....((.(.(.(.(..................(.(..........(..(((....(.((....[[[[.........))...))).)...))).....................))))))..).)..(...((...]]]....]..(((((....((....).)..)))).).................)).)..).))..).))))).
RF00001_10_6	230	10	174.634	24	15	10	0.615	0.706	0.658	..((((((.((.(.......((.....(.(.(.(.(.................((...............(((....(.((.................))...))).)...))......................)))))...).)..(...((...((......(.((.......((....).).......))....)....)).....)).)..).))..).))))).	..((((((.((.(.......((....((.(.(.(.(..................(.(..........(..(((....(.((....[[[[[........))...))).)...))).....................))))))..).)..........]]]]....]..((((((...((....).).))))).).......................).))..).))))).
RF00001_10_7	230	10	175.219	26	12	8	0.684	0.765	0.722	..((((((.((.(.......((.....(.(.(.(.(.................((...............(((....(.((.................))...))).)...))......................)))))...).)..(...((...((......(.((.......((....).).......))....)....)).....)).)..).))..).))))).	..((((((.((.(.......((....((.(.(.(.(....................{..........{..(((....(.[[....[[................))).)...........................))))))..).)..(...((..((......}}...((((...((....).).))))].]]].........))....)).)..).))..).))))).
RF00001_10_8	230	10	175.796	25	13	9	0.658	0.735	0.694	..((((((.((.(.......((.....(.(.(.(.(.................((...............(((....(.((.................))...))).)...))......................)))))...).)..(...((...((......(.((.......((....).).......))....)....)).....)).)..).))..).))))).	..((((((.((.(.......((....((.(.(.(.(....................(..........(..(((....(........[[[[.............))).)...))......................))))))..).)..(...((..]]]].......(((((...(((....).).))))).).................)).)..).))..).))))).
RF00001_10_9	230	10	176.367	25	11	9	0.694	0.735	0.714	..((((((.((.(.......((.....(.(.(.(.(.................((...............(((....(.((.................))...))).)...))......................)))))...).)..(...((...((......(.((.......((....).).......))....)....)).....)).)..).))..).))))).	..((((((.((.(.......((....((.(.(.(.(..................(.(..........(..(((....(.[[....[[[...............))).)...))).....................))))))..).)..(...((................((....((....).)..))]].]]]...............)).)..).))..).))))).
RF00001_20_1	230	20	176.96	24	13	10	0.649	0.706	0.676	..((((((.((.(.......((.....(.(.(.(.(.................((...............(((....(.((.................))...))).)...))......................)))))...).)..(...((...((......(.((.......((....).).......))....)....)).....)).)..).))..).))))).	..((((((.((.(.......((....((.(.(.(.(....................(..........(..(((....(.[......[[[..............))).)...))......................))))))..).)......((...]]].......((((((...((....).).))))).).................)).]..).))..).))))).
RF00001_20_10	230	20	177.553	29	10	5	0.744	0.853	0.795	..((((((.((.(.......((.....(.(.(.(.(.................((...............(((....(.((.................))...))).)...))......................)))))...).)..(...((...((......(.((.......((....).).......))....)....)).....)).)..).))..).))))).	..((((((.((.(.......((....((.(.(.(.(....................(..........(..(((....(.((.................))...))).)...))......................))))))..).)..(...((..(((........((((((...((....).).))))).)..........)))....)).)..).))..).))))).
RF00001_20_2	230	20	178.143	29	11	5	0.725	0.853	0.784	..((((((.((.(.......((.....(.(.(.(.(.................((...............(((....(.((.................))...))).)...))......................)))))...).)..(...((...((......(.((.......((....).).......))....)....)).....)).)..).))..).))))).	..((((((.((.(.......((....((.(.(.(.(....................(..........(..(((....(.((.....[...........))...))).)...))......................))))))..).)..(...((..(((].......(((((...(((....).).))))).)..........)))....)).)..).))..).))))).
RF00001_20_3	230	20	178.735	28	10	6	0.737	0.824	0.778	..((((((.((.(.......((.....(.(.(.(.(.................((...............(((....(.((.................))...))).)...))......................)))))...).)..(...((...((......(.((.......((....).).......))....)....)).....)).)..).))..).))))).	..((((((.((.(.......((....((.(.(.(.(....................(..........(..(((....(.((.................))...))).)...))......................))))))..).)..(...((..((.........((((((...((....).).))))).)...........))....)).)..).))..).))))).
RF00001_20_4	230	20	179.318	27	13	7	0.675	0.794	0.73	..((((((.((.(.......((.....(.(.(.(.(.................((...............(((....(.((.................))...))).)...))......................)))))...).)..(...((...((......(.((.......((....).).......))....)....)).....)).)..).))..).))))).	..((((((.((.(.......((....((.(.(.(.(....................(..........(..(((....(.((.....[[[[........))...))).)...))......................))))))..).)..(...((..]]]].......((((((...((....).).))))).).................)).)..).))..).))))).
RF00001_20_5	230	20	179.913	27	13	7	0.675	0.794	0.73	..((((((.((.(.......((.....(.(.(.(.(.................((...............(((....(.((.................))...))).)...))......................)))))...).)..(...((...((......(.((.......((....).).......))....)....)).....)).)..).))..).))))).	..((((((.((.(.......((....((.(.(.(.(....................(..........(..(((....(.((.....[[[.........))...))).)...))......................))))))..).)..(...((..(]]].......((((((...((....).).))))).)............)....)).)..).))..).))))).
RF00001_20_6	230	20	180.502	26	12	8	0.684	0.765	0.722	..((((((.((.(.......((.....(.(.(.(.(.................((...............(((....(.((.................))...))).)...))......................)))))...).)..(...((...((......(.((.......((....).).......))....)....)).....)).)..).))..).))))).	..((((((.((.(.......((....((.(.(.(.(....................(..........(..(((....(.[[....[[[...............))).)...))......................))))))..).)..(...((..((............((...(((....).).)))]].]]].........))....)).)..).))..).))))).
RF00001_20_7	230	20	181.102	29	10	5	0.744	0.853	0.795	..((((((.((.(.......((.....(.(.(.(.(.................((...............(((....(.((.................))...))).)...))......................)))))...).)..(...((...((......(.((.......((....).).......))....)....)).....)).)..).))..).))))).	..((((((.((.(.......((....((.(.(.(.(....................(..........(..(((....(.((.................))...))).)...))......................))))))..).)..(...((..(((........(((((...(((....).).))))).)..........)))....)).)..).))..).))))).
RF00001_20_8	230	20	181.693	27	12	7	0.692	0.794	0.74	..((((((.((.(.......((.....(.(.(.(.(.................((...............(((....(.((.................))...))).)...))......................)))))...).)..(...((...((......(.((.......((....).).......))....)....)).....)).)..).))..).))))).	..((((((.((.(.......((....((.(.(.(.(....................(..........(..(((....(.[[....[[[...............))).)...))......................))))))..).)..(...((..(((...........((...(((....).).)))]].]]]........)))....)).)..).))..).))))).
RF00001_20_9	230	20	182.29	27	12	7	0.692	0.794	0.74	..((((((.((.(.......((.....(.(.(.(.(.................((...............(((....(.((.................))...))).)...))......................)))))...).)..(...((...((......(.((.......((....).).......))....)....)).....)).)..).))..).))))).	..((((((.((.(.......((....((.(.(.(.(....................{..........{..(((....(.[[....[[................))).)...........................))))))..).)..(...((..(((.....}}...(((...(((....).).))))].]]]........)))....)).)..).))..).))))).
RF00001_30_1	230	30	182.911	29	10	5	0.744	0.853	0.795	..((((((.((.(.......((.....(.(.(.(.(.................((...............(((....(.((.................))...))).)...))......................)))))...).)..(...((...((......(.((.......((....).).......))....)....)).....)).)..).))..).))))).	..((((((.((.(.......((....((.(.(.(.(....................(..........(..(((....(.((.................))...))).)...))......................))))))..).)..(...((..(((........(((((...(((....).).))))).)..........)))....)).)..).))..).))))).
RF00001_30_10	230	30	183.524	29	8	5	0.784	0.853	0.817	..((((((.((.(.......((.....(.(.(.(.(.................((...............(((....(.((.................))...))).)...))......................)))))...).)..(...((...((......(.((.......((....).).......))....)....)).....)).)..).))..).))))).	..((((((.((.(.......((....((.(.(.(.(....................(..........(..(((....(.((.................))...))).)...))......................))))))..).)..(...((..((((..........((...(((....).).))).............))))....)).)..).))..).))))).
RF00001_30_2	230	30	184.158	28	9	6	0.757	0.824	0.789	..((((((.((.(.......((.....(.(.(.(.(.................((...............(((....(.((.................))...))).)...))......................)))))...).)..(...((...((......(.((.......((....).).......))....)....)).....)).)..).))..).))))).	..((((((.((.(.......((....((.(.(.(.(....................(..........(..(((....(.((.................))...))).)...))......................))))))..).)..(...((..((.........(((((....((....).)..)))).)...........))....)).)..).))..).))))).
RF00001_30_3	230	30	184.785	27	12	7	0.692	0.794	0.74	..((((((.((.(.......((.....(.(.(.(.(.................((...............(((....(.((.................))...))).)...))......................)))))...).)..(...((...((......(.((.......((....).).......))....)....)).....)).)..).))..).))))).	..((((((.((.(.......((....((.(.(.(.(....................(..........(..(((....(.[[....[[[...............))).)...))......................))))))..).)..(...((..(((...........((...(((....).).)))]].]]]........)))....)).)..).))..).))))).
RF00001_30_4	230	30	185.404	27	8	7	0.771	0.794	0.783	..((((((.((.(.......((.....(.(.(.(.(.................((...............(((....(.((.................))...))).)...))......................)))))...).)..(...((...((......(.((.......((....).).......))....)....)).....)).)..).))..).))))).	..((((((.((.(.......((....((.(.(.(.(....................(..........(..(((....(.((.................))...))).)...))......................))))))..).)..(...((.............(((((....((....).)..)))).).................)).)..).))..).))))).
RF00001_30_5	230	30	186.013	29	10	5	0.744	0.853	0.795	..((((((.((.(.......((.....(.(.(.(.(.................((...............(((....(.((.................))...))).)...))......................)))))...).)..(...((...((......(.((.......((....).).......))....)....)).....)).)..).))..).))))).	..((((((.((.(.......((....((.(.(.(.(....................(..........(..(((....(.((.................))...))).)...))......................))))))..).)..(...((..(((........((((((...((....).).))))).)..........)))....)).)..).))..).))))).
RF00001_30_6	230	30	186.628	25	12	9	0.676	0.735	0.704	..((((((.((.(.......((.....(.(.(.(.(.................((...............(((....(.((.................))...))).)...))......................)))))...).)..(...((...((......(.((.......((....).).......))....)....)).....)).)..).))..).))))).	..((((((.((.(.......((....((.(.(.(.(....................(..........(..(((....(.[[....[[[[..............))).)...))......................))))))..).)..(...((...]............(((...((....).).)))]].]]]...............)).)..).))..).))))).
RF00001_30_7	230	30	187.247	27	10	7	0.73	0.794	0.761	..((((((.((.(.......((.....(.(.(.(.(.................((...............(((....(.((.................))...))).)...))......................)))))...).)..(...((...((......(.((.......((....).).......))....)....)).....)).)..).))..).))))).	..((((((.((.(.......((....((.(.(.(.(....................(..........(..(((....(.........................))).)...))......................))))))..).)..(...((..(((........(((((...(((....).).))))).)..........)))....)).)..).))..).))))).
RF00001_30_8	230	30	187.862	28	12	6	0.7	0.824	0.757	..((((((.((.(.......((.....(.(.(.(.(.................((...............(((....(.((.................))...))).)...))......................)))))...).)..(...((...((......(.((.......((....).).......))....)....)).....)).)..).))..).))))).	..((((((.((.(.......((....((.(.(.(.(....................(..........(..(((....(.((.....[[..........))...))).)...))......................))))))..).)..(...((..((]].......(((((...(((....).).))))).)...........))....)).)..).))..).))))).
RF00001_30_9	230	30	188.481	28	10	6	0.737	0.824	0.778	..((((((.((.(.......((.....(.(.(.(.(.................((...............(((....(.((.................))...))).)...))......................)))))...).)..(...((...((......(.((.......((....).).......))....)....)).....)).)..).))..).))))).	..((((((.((.(.......((....((.(.(.(.(....................(..........(..(((....(.((.................))...))).)...))......................))))))..).)..(...((..((.........(((((...(((....).).))))).)...........))....)).)..).))..).))))).
RF00001_50_1	230	50	189.158	26	12	8	0.684	0.765	0.722	..((((((.((.(.......((.....(.(.(.(.(.................((...............(((....(.((.................))...))).)...))......................)))))...).)..(...((...((......(.((.......((....).).......))....)....)).....)).)..).))..).))))).	..((((((.((.(.......((....((.(.(.(.(....................(..........(..(((....(.[[....[[................))).)...))......................))))))..).)..(...((..((...........(((...(((....).).))))].]]].........))....)).)..).))..).))))).
RF00001_50_10	230	50	189.819	27	12	7	0.692	0.794	0.74	..((((((.((.(.......((.....(.(.(.(.(.................((...............(((....(.((.................))...))).)...))......................)))))...).)..(...((...((......(.((.......((....).).......))....)....)).....)).)..).))..).))))).	..((((((.((.(.......((....((.(.(.(.(....................(..........(..(((....(.((.....[[[.........))...))).)...))......................))))))..).)..(...((...]]].......((((((...((....).).))))).).................)).)..).))..).))))).
RF00001_50_2	230	50	190.464	26	12	8	0.684	0.765	0.722	..((((((.((.(.......((.....(.(.(.(.(.................((...............(((....(.((.................))...))).)...))......................)))))...).)..(...((...((......(.((.......((....).).......))....)....)).....)).)..).))..).))))).	..((((((.((.(.......((....((.(.(.(.(....................(..........(..(((....(.[[....[[................))).)...))......................))))))..).)..(...((..((...........(((...(((....).).))))].]]].........))....)).)..).))..).))))).
RF00001_50_3	230	50	191.132	28	9	6	0.757	0.824	0.789	..((((((.((.(.......((.....(.(.(.(.(.................((...............(((....(.((.................))...))).)...))......................)))))...).)..(...((...((......(.((.......((....).).......))....)....)).....)).)..).))..).))))).	..((((((.((.(.......((....((.(.(.(.(....................(..........(..(((....(.((.................))...))).)...))......................))))))..).)..(...((...(.........(((((...(((....).).))))).)...........).....)).)..).))..).))))).
RF00001_50_4	230	50	191.791	27	12	7	0.692	0.794	0.74	..((((((.((.(.......((.....(.(.(.(.(.................((...............(((....(.((.................))...))).)...))......................)))))...).)..(...((...((......(.((.......((....).).......))....)....)).....)).)..).))..).))))).	..((((((.((.(.......((....((.(.(.(.(....................(..........(..(((....(.((....[[[[.........))...))).)...))......................))))))..).)..(...((...]]]....]..(((((....((....).)..)))).).................)).)..).))..).))))).
RF00001_50_5	230	50	192.45	27	12	7	0.692	0.794	0.74	..((((((.((.(.......((.....(.(.(.(.(.................((...............(((....(.((.................))...))).)...))......................)))))...).)..(...((...((......(.((.......((....).).......))....)....)).....)).)..).))..).))))).	..((((((.((.(.......((....((.(.(.(.(....................(..........(..(((....(.[[....[[[...............))).)...))......................))))))..).)..(...((..(((...........((...(((....).).)))]].]]]........)))....)).)..).))..).))))).
RF00001_50_6	230	50	193.094	28	11	6	0.718	0.824	0.767	..((((((.((.(.......((.....(.(.(.(.(.................((...............(((....(.((.................))...))).)...))......................)))))...).)..(...((...((......(.((.......((....).).......))....)....)).....)).)..).))..).))))).	..((((((.((.(.......((....((.(.(.(.(..................(.(..........(..(((....(.((.................))...))).)...))).....................))))))..).)..(...((..((.........((((((...((....).).))))).)...........))....)).)..).))..).))))).
RF00001_50_7	230	50	193.745	29	10	5	0.744	0.853	0.795	..((((((.((.(.......((.....(.(.(.(.(.................((...............(((....(.((.................))...))).)...))......................)))))...).)..(...((...((......(.((.......((....).).......))....)....)).....)).)..).))..).))))).	..((((((.((.(.......((....((.(.(.(.(....................(..........(..(((....(.((.................))...))).)...))......................))))))..).)..(...((..(((........(((((...(((....).).))))).)..........)))....)).)..).))..).))))).
RF00001_50_8	230	50	194.392	27	13	7	0.675	0.794	0.73	..((((((.((.(.......((.....(.(.(.(.(.................((...............(((....(.((.................))...))).)...))......................)))))...).)..(...((...((......(.((.......((....).).......))....)....)).....)).)..).))..).))))).	..((((((.((.(.......((....((.(.(.(.(..................(.(..........(..(((....(.((.....[[[.........))...))).)...))).....................))))))..).)..(...((..(]]].......(((((....((....).)..)))).)............)....)).)..).))..).))))).
RF00001_50_9	230	50	195.048	29	10	5	0.744	0.853	0.795	..((((((.((.(.......((.....(.(.(.(.(.................((...............(((....(.((.................))...))).)...))......................)))))...).)..(...((...((......(.((.......((....).).......))....)....)).....)).)..).))..).))))).	..((((((.((.(.......((....((.(.(.(.(....................(..........(..(((....(.((.................))...))).)...))......................))))))..).)..(...((..(((........(((((...(((....).).))))).)..........)))....)).)..).))..).))))).
RF00001_75_1	230	75	195.761	28	9	6	0.757	0.824	0.789	..((((((.((.(.......((.....(.(.(.(.(.................((...............(((....(.((.................))...))).)...))......................)))))...).)..(...((...((......(.((.......((....).).......))....)....)).....)).)..).))..).))))).	..((((((.((.(.......((....((.(.(.(.(....................(..........(..(((....(.((.................))...))).)...))......................))))))..).)..(...((..((.........(((((....((....).)..)))).)...........))....)).)..).))..).))))).
RF00001_75_10	230	75	196.463	29	10	5	0.744	0.853	0.795	..((((((.((.(.......((.....(.(.(.(.(.................((...............(((....(.((.................))...))).)...))......................)))))...).)..(...((...((......(.((.......((....).).......))....)....)).....)).)..).))..).))))).	..((((((.((.(.......((....((.(.(.(.(....................(..........(..(((....(.((.................))...))).)...))......................))))))..).)..(...((..(((........((((((...((....).).))))).)..........)))....)).)..).))..).))))).
RF00001_75_2	230	75	197.177	29	10	5	0.744	0.853	0.795	..((((((.((.(.......((.....(.(.(.(.(.................((...............(((....(.((.................))...))).)...))......................)))))...).)..(...((...((......(.((.......((....).).......))....)....)).....)).)..).))..).))))).	..((((((.((.(.......((....((.(.(.(.(....................(..........(..(((....(.((.................))...))).)...))......................))))))..).)..(...((..(((........(((((...(((....).).))))).)..........)))....)).)..).))..).))))).
RF00001_75_3	230	75	197.868	28	10	6	0.737	0.824	0.778	..((((((.((.(.......((.....(.(.(.(.(.................((...............(((....(.((.................))...))).)...))......................)))))...).)..(...((...((......(.((.......((....).).......))....)....)).....)).)..).))..).))))).	..((((((.((.(.......((....((.(.(.(.(....................(..........(..(((....(.((.................))...))).)...))......................))))))..).)..(...((..((.........((((((...((....).).))))).)...........))....)).)..).))..).))))).
RF00001_75_4	230	75	198.58	26	11	8	0.703	0.765	0.732	..((((((.((.(.......((.....(.(.(.(.(.................((...............(((....(.((.................))...))).)...))......................)))))...).)..(...((...((......(.((.......((....).).......))....)....)).....)).)..).))..).))))).	..((((((.((.(.......((....((.(.(.(.(....................(..........(..(((....(.[[....[[................))).)...))......................))))))..).)..(...((..((...........(((....((....).)..)))].]]].........))....)).)..).))..).))))).
RF00001_75_5	230	75	199.273	28	10	6	0.737	0.824	0.778	..((((((.((.(.......((.....(.(.(.(.(.................((...............(((....(.((.................))...))).)...))......................)))))...).)..(...((...((......(.((.......((....).).......))....)....)).....)).)..).))..).))))).	..((((((.((.(.......((....((.(.(.(.(....................(..........(..(((....(.((.................))...))).)...))......................))))))..).)..(...((..((.........(((((...(((....).).))))).)...........))....)).)..).))..).))))).
RF00001_75_6	230	75	199.988	29	10	5	0.744	0.853	0.795	..((((((.((.(.......((.....(.(.(.(.(.................((...............(((....(.((.................))...))).)...))......................)))))...).)..(...((...((......(.((.......((....).).......))....)....)).....)).)..).))..).))))).	..((((((.((.(.......((....((.(.(.(.(....................(..........(..(((....(.((.................))...))).)...))......................))))))..).)..(...((..(((........(((((...(((....).).))))).)..........)))....)).)..).))..).))))).
RF00001_75_7	230	75	200.682	28	10	6	0.737	0.824	0.778	..((((((.((.(.......((.....(.(.(.(.(.................((...............(((....(.((.................))...))).)...))......................)))))...).)..(...((...((......(.((.......((....).).......))....)....)).....)).)..).))..).))))).	..((((((.((.(.......((....((.(.(.(.(....................(..........(..(((....(.((.................))...))).)...))......................))))))..).)..(...((..((.........((((((...((....).).))))).)...........))....)).)..).))..).))))).
RF00001_75_8	230	75	201.378	28	10	6	0.737	0.824	0.778	..((((((.((.(.......((.....(.(.(.(.(.................((...............(((....(.((.................))...))).)...))......................)))))...).)..(...((...((......(.((.......((....).).......))....)....)).....)).)..).))..).))))).	..((((((.((.(.......((....((.(.(.(.(....................(..........(..(((....(.((.................))...))).)...))......................))))))..).)..(...((..((.........((((((...((....).).))))).)...........))....)).)..).))..).))))).
RF00001_75_9	230	75	202.075	28	10	6	0.737	0.824	0.778	..((((((.((.(.......((.....(.(.(.(.(.................((...............(((....(.((.................))...))).)...))......................)))))...).)..(...((...((......(.((.......((....).).......))....)....)).....)).)..).))..).))))).	..((((((.((.(.......((....((.(.(.(.(....................(..........(..(((....(.((.....[[..........))...))).)...))......................))))))..).)..(...((...(]].......(((((....((....).)..)))).)...........).....)).)..).))..).))))).
RF00001_100_1	230	100	202.848	28	10	6	0.737	0.824	0.778	..((((((.((.(.......((.....(.(.(.(.(.................((...............(((....(.((.................))...))).)...))......................)))))...).)..(...((...((......(.((.......((....).).......))....)....)).....)).)..).))..).))))).	..((((((.((.(.......((....((.(.(.(.(....................(..........(..(((....(.((.................))...))).)...))......................))))))..).)..(...((..((.........((((((...((....).).))))).)...........))....)).)..).))..).))))).
RF00001_100_10	230	100	203.615	26	12	8	0.684	0.765	0.722	..((((((.((.(.......((.....(.(.(.(.(.................((...............(((....(.((.................))...))).)...))......................)))))...).)..(...((...((......(.((.......((....).).......))....)....)).....)).)..).))..).))))).	..((((((.((.(.......((....((.(.(.(.(....................(..........(..(((....(.[[....[[[...............))).)...))......................))))))..).)..(...((..((............(((...((....).).)))]].]]].........))....)).)..).))..).))))).
RF00001_100_2	230	100	204.389	28	10	6	0.737	0.824	0.778	..((((((.((.(.......((.....(.(.(.(.(.................((...............(((....(.((.................))...))).)...))......................)))))...).)..(...((...((......(.((.......((....).).......))....)....)).....)).)..).))..).))))).	..((((((.((.(.......((....((.(.(.(.(....................(..........(..(((....(.((.................))...))).)...))......................))))))..).)..(...((..((.........(((((...(((....).).))))).)...........))....)).)..).))..).))))).
RF00001_100_3	230	100	205.138	28	10	6	0.737	0.824	0.778	..((((((.((.(.......((.....(.(.(.(.(.................((...............(((....(.((.................))...))).)...))......................)))))...).)..(...((...((......(.((.......((....).).......))....)....)).....)).)..).))..).))))).	..((((((.((.(.......((....((.(.(.(.(....................(..........(..(((....(.((.................))...))).)...))......................))))))..).)..(...((..((.........((((((...((....).).))))).)...........))....)).)..).))..).))))).
RF00001_100_4	230	100	205.902	27	12	7	0.692	0.794	0.74	..((((((.((.(.......((.....(.(.(.(.(.................((...............(((....(.((.................))...))).)...))......................)))))...).)..(...((...((......(.((.......((....).).......))....)....)).....)).)..).))..).))))).	..((((((.((.(.......((....((.(.(.(.(....................(..........(..(((....(.[[....[[................))).)...))......................))))))..).)..(...((..(((..........(((...(((....).).))))].]]]........)))....)).)..).))..).))))).
RF00001_100_5	230	100	206.68	27	12	7	0.692	0.794	0.74	..((((((.((.(.......((.....(.(.(.(.(.................((...............(((....(.((.................))...))).)...))......................)))))...).)..(...((...((......(.((.......((....).).......))....)....)).....)).)..).))..).))))).	..((((((.((.(.......((....((.(.(.(.(....................(..........(..(((....(.[[....[[................))).)...))......................))))))..).)..(...((..(((..........(((...(((....).).))))].]]]........)))....)).)..).))..).))))).
RF00001_100_6	230	100	207.435	29	10	5	0.744	0.853	0.795	..((((((.((.(.......((.....(.(.(.(.(.................((...............(((....(.((.................))...))).)...))......................)))))...).)..(...((...((......(.((.......((....).).......))....)....)).....)).)..).))..).))))).	..((((((.((.(.......((....((.(.(.(.(....................(..........(..(((....(.((.................))...))).)...))......................))))))..).)..(...((..(((........(((((...(((....).).))))).)..........)))....)).)..).))..).))))).
RF00001_100_7	230	100	208.209	28	9	6	0.757	0.824	0.789	..((((((.((.(.......((.....(.(.(.(.(.................((...............(((....(.((.................))...))).)...))......................)))))...).)..(...((...((......(.((.......((....).).......))....)....)).....)).)..).))..).))))).	..((((((.((.(.......((....((.(.(.(.(....................(..........(..(((....(.((.................))...))).)...))......................))))))..).)..(...((...(.........((((((...((....).).))))).)...........).....)).)..).))..).))))).
RF00001_100_8	230	100	208.977	26	12	8	0.684	0.765	0.722	..((((((.((.(.......((.....(.(.(.(.(.................((...............(((....(.((.................))...))).)...))......................)))))...).)..(...((...((......(.((.......((....).).......))....)....)).....)).)..).))..).))))).	..((((((.((.(.......((....((.(.(.(.(....................(..........(..(((....(.[[....[[................))).)...))......................))))))..).)..(...((..((...........(((...(((....).).))))].]]].........))....)).)..).))..).))))).
RF00001_100_9	230	100	209.723	28	10	6	0.737	0.824	0.778	..((((((.((.(.......((.....(.(.(.(.(.................((...............(((....(.((.................))...))).)...))......................)))))...).)..(...((...((......(.((.......((....).).......))....)....)).....)).)..).))..).))))).	..((((((.((.(.......((....((.(.(.(.(....................(..........(..(((....(.((.................))...))).)...))......................))))))..).)..(...((..((.........(((((...(((....).).))))).)...........))....)).)..).))..).))))).
RF00001_150_1	230	150	210.551	27	12	7	0.692	0.794	0.74	..((((((.((.(.......((.....(.(.(.(.(.................((...............(((....(.((.................))...))).)...))......................)))))...).)..(...((...((......(.((.......((....).).......))....)....)).....)).)..).))..).))))).	..((((((.((.(.......((....((.(.(.(.(....................(..........(..(((....(.[[....[[[...............))).)...))......................))))))..).)..(...((..(((...........((...(((....).).)))]].]]]........)))....)).)..).))..).))))).
RF00001_150_10	230	150	211.394	28	10	6	0.737	0.824	0.778	..((((((.((.(.......((.....(.(.(.(.(.................((...............(((....(.((.................))...))).)...))......................)))))...).)..(...((...((......(.((.......((....).).......))....)....)).....)).)..).))..).))))).	..((((((.((.(.......((....((.(.(.(.(....................(..........(..(((....(.((.................))...))).)...))......................))))))..).)..(...((..((.........(((((...(((....).).))))).)...........))....)).)..).))..).))))).
RF00001_150_2	230	150	212.249	28	10	6	0.737	0.824	0.778	..((((((.((.(.......((.....(.(.(.(.(.................((...............(((....(.((.................))...))).)...))......................)))))...).)..(...((...((......(.((.......((....).).......))....)....)).....)).)..).))..).))))).	..((((((.((.(.......((....((.(.(.(.(....................(..........(..(((....(.((.................))...))).)...))......................))))))..).)..(...((..((.........(((((...(((....).).))))).)...........))....)).)..).))..).))))).
RF00001_150_3	230	150	213.087	26	12	8	0.684	0.765	0.722	..((((((.((.(.......((.....(.(.(.(.(.................((...............(((....(.((.................))...))).)...))......................)))))...).)..(...((...((......(.((.......((....).).......))....)....)).....)).)..).))..).))))).	..((((((.((.(.......((....((.(.(.(.(....................(..........(..(((....(.[[....[[................))).)...))......................))))))..).)..(...((..((...........(((...(((....).).))))].]]].........))....)).)..).))..).))))).
RF00001_150_4	230	150	213.917	29	10	5	0.744	0.853	0.795	..((((((.((.(.......((.....(.(.(.(.(.................((...............(((....(.((.................))...))).)...))......................)))))...).)..(...((...((......(.((.......((....).).......))....)....)).....)).)..).))..).))))).	..((((((.((.(.......((....((.(.(.(.(....................(..........(..(((....(.((.................))...))).)...))......................))))))..).)..(...((..(((........((((((...((....).).))))).)..........)))....)).)..).))..).))))).
RF00001_150_5	230	150	214.78	29	10	5	0.744	0.853	0.795	..((((((.((.(.......((.....(.(.(.(.(.................((...............(((....(.((.................))...))).)...))......................)))))...).)..(...((...((......(.((.......((....).).......))....)....)).....)).)..).))..).))))).	..((((((.((.(.......((....((.(.(.(.(....................(..........(..(((....(.((.................))...))).)...))......................))))))..).)..(...((..(((........(((((...(((....).).))))).)..........)))....)).)..).))..).))))).
RF00001_150_6	230	150	215.602	28	10	6	0.737	0.824	0.778	..((((((.((.(.......((.....(.(.(.(.(.................((...............(((....(.((.................))...))).)...))......................)))))...).)..(...((...((......(.((.......((....).).......))....)....)).....)).)..).))..).))))).	..((((((.((.(.......((....((.(.(.(.(....................(..........(..(((....(.((.................))...))).)...))......................))))))..).)..(...((..((.........(((((...(((....).).))))).)...........))....)).)..).))..).))))).
RF00001_150_7	230	150	216.441	29	9	5	0.763	0.853	0.806	..((((((.((.(.......((.....(.(.(.(.(.................((...............(((....(.((.................))...))).)...))......................)))))...).)..(...((...((......(.((.......((....).).......))....)....)).....)).)..).))..).))))).	..((((((.((.(.......((....((.(.(.(.(....................(..........(..(((....(.((.................))...))).)...))......................))))))..).)..(...((..(((........(((((....((....).)..)))).)..........)))....)).)..).))..).))))).
RF00001_150_8	230	150	217.291	28	10	6	0.737	0.824	0.778	..((((((.((.(.......((.....(.(.(.(.(.................((...............(((....(.((.................))...))).)...))......................)))))...).)..(...((...((......(.((.......((....).).......))....)....)).....)).)..).))..).))))).	..((((((.((.(.......((....((.(.(.(.(....................(..........(..(((....(.((.................))...))).)...))......................))))))..).)..(...((..((.........((((((...((....).).))))).)...........))....)).)..).))..).))))).
RF00001_150_9	230	150	218.135	27	12	7	0.692	0.794	0.74	..((((((.((.(.......((.....(.(.(.(.(.................((...............(((....(.((.................))...))).)...))......................)))))...).)..(...((...((......(.((.......((....).).......))....)....)).....)).)..).))..).))))).	..((((((.((.(.......((....((.(.(.(.(....................(..........(..(((....(.[[....[[[...............))).)...))......................))))))..).)..(...((..(((...........((...(((....).).)))]].]]]........)))....)).)..).))..).))))).
RF00001_200_1	230	200	219.054	28	10	6	0.737	0.824	0.778	..((((((.((.(.......((.....(.(.(.(.(.................((...............(((....(.((.................))...))).)...))......................)))))...).)..(...((...((......(.((.......((....).).......))....)....)).....)).)..).))..).))))).	..((((((.((.(.......((....((.(.(.(.(....................(..........(..(((....(.((.................))...))).)...))......................))))))..).)..(...((..((.........(((((...(((....).).))))).)...........))....)).)..).))..).))))).
RF00001_200_10	230	200	219.979	29	10	5	0.744	0.853	0.795	..((((((.((.(.......((.....(.(.(.(.(.................((...............(((....(.((.................))...))).)...))......................)))))...).)..(...((...((......(.((.......((....).).......))....)....)).....)).)..).))..).))))).	..((((((.((.(.......((....((.(.(.(.(....................(..........(..(((....(.((.................))...))).)...))......................))))))..).)..(...((..(((........(((((...(((....).).))))).)..........)))....)).)..).))..).))))).
RF00001_200_2	230	200	220.879	28	10	6	0.737	0.824	0.778	..((((((.((.(.......((.....(.(.(.(.(.................((...............(((....(.((.................))...))).)...))......................)))))...).)..(...((...((......(.((.......((....).).......))....)....)).....)).)..).))..).))))).	..((((((.((.(.......((....((.(.(.(.(....................(..........(..(((....(.((.................))...))).)...))......................))))))..).)..(...((..((.........((((((...((....).).))))).)...........))....)).)..).))..).))))).
RF00001_200_3	230	200	221.82	28	10	6	0.737	0.824	0.778	..((((((.((.(.......((.....(.(.(.(.(.................((...............(((....(.((.................))...))).)...))......................)))))...).)..(...((...((......(.((.......((....).).......))....)....)).....)).)..).))..).))))).	..((((((.((.(.......((....((.(.(.(.(....................(..........(..(((....(.((.................))...))).)...))......................))))))..).)..(...((..((.........(((((...(((....).).))))).)...........))....)).)..).))..).))))).
RF00001_200_4	230	200	222.755	28	10	6	0.737	0.824	0.778	..((((((.((.(.......((.....(.(.(.(.(.................((...............(((....(.((.................))...))).)...))......................)))))...).)..(...((...((......(.((.......((....).).......))....)....)).....)).)..).))..).))))).	..((((((.((.(.......((....((.(.(.(.(....................(..........(..(((....(.((.................))...))).)...))......................))))))..).)..(...((..((.........((((((...((....).).))))).)...........))....)).)..).))..).))))).
RF00001_200_5	230	200	223.69	27	12	7	0.692	0.794	0.74	..((((((.((.(.......((.....(.(.(.(.(.................((...............(((....(.((.................))...))).)...))......................)))))...).)..(...((...((......(.((.......((....).).......))....)....)).....)).)..).))..).))))).	..((((((.((.(.......((....((.(.(.(.(....................(..........(..(((....(.[[....[[................))).)...))......................))))))..).)..(...((..(((..........(((...(((....).).))))].]]]........)))....)).)..).))..).))))).
RF00001_200_6	230	200	224.623	28	10	6	0.737	0.824	0.778	..((((((.((.(.......((.....(.(.(.(.(.................((...............(((....(.((.................))...))).)...))......................)))))...).)..(...((...((......(.((.......((....).).......))....)....)).....)).)..).))..).))))).	..((((((.((.(.......((....((.(.(.(.(....................(..........(..(((....(.((.................))...))).)...))......................))))))..).)..(...((..((.........((((((...((....).).))))).)...........))....)).)..).))..).))))).
RF00001_200_7	230	200	225.558	29	10	5	0.744	0.853	0.795	..((((((.((.(.......((.....(.(.(.(.(.................((...............(((....(.((.................))...))).)...))......................)))))...).)..(...((...((......(.((.......((....).).......))....)....)).....)).)..).))..).))))).	..((((((.((.(.......((....((.(.(.(.(....................(..........(..(((....(.((.................))...))).)...))......................))))))..).)..(...((..(((........(((((...(((....).).))))).)..........)))....)).)..).))..).))))).
RF00001_200_8	230	200	226.485	29	10	5	0.744	0.853	0.795	..((((((.((.(.......((.....(.(.(.(.(.................((...............(((....(.((.................))...))).)...))......................)))))...).)..(...((...((......(.((.......((....).).......))....)....)).....)).)..).))..).))))).	..((((((.((.(.......((....((.(.(.(.(....................(..........(..(((....(.((.................))...))).)...))......................))))))..).)..(...((..(((........(((((...(((....).).))))).)..........)))....)).)..).))..).))))).
RF00001_200_9	230	200	227.414	29	10	5	0.744	0.853	0.795	..((((((.((.(.......((.....(.(.(.(.(.................((...............(((....(.((.................))...))).)...))......................)))))...).)..(...((...((......(.((.......((....).).......))....)....)).....)).)..).))..).))))).	..((((((.((.(.......((....((.(.(.(.(....................(..........(..(((....(.((.................))...))).)...))......................))))))..).)..(...((..(((........(((((...(((....).).))))).)..........)))....)).)..).))..).))))).
RF00001_300_1	230	300	228.489	29	10	5	0.744	0.853	0.795	..((((((.((.(.......((.....(.(.(.(.(.................((...............(((....(.((.................))...))).)...))......................)))))...).)..(...((...((......(.((.......((....).).......))....)....)).....)).)..).))..).))))).	..((((((.((.(.......((....((.(.(.(.(....................(..........(..(((....(.((.................))...))).)...))......................))))))..).)..(...((..(((........(((((...(((....).).))))).)..........)))....)).)..).))..).))))).
RF00001_300_10	230	300	229.563	26	12	8	0.684	0.765	0.722	..((((((.((.(.......((.....(.(.(.(.(.................((...............(((....(.((.................))...))).)...))......................)))))...).)..(...((...((......(.((.......((....).).......))....)....)).....)).)..).))..).))))).	..((((((.((.(.......((....((.(.(.(.(....................(..........(..(((....(.[[....[[................))).)...))......................))))))..).)..(...((..((...........((((...((....).).))))].]]].........))....)).)..).))..).))))).
RF00001_300_2	230	300	230.628	29	10	5	0.744	0.853	0.795	..((((((.((.(.......((.....(.(.(.(.(.................((...............(((....(.((.................))...))).)...))......................)))))...).)..(...((...((......(.((.......((....).).......))....)....)).....)).)..).))..).))))).	..((((((.((.(.......((....((.(.(.(.(....................(..........(..(((....(.((.................))...))).)...))......................))))))..).)..(...((..(((........(((((...(((....).).))))).)..........)))....)).)..).))..).))))).
RF00001_300_3	230	300	231.688	29	10	5	0.744	0.853	0.795	..((((((.((.(.......((.....(.(.(.(.(.................((...............(((....(.((.................))...))).)...))......................)))))...).)..(...((...((......(.((.......((....).).......))....)....)).....)).)..).))..).))))).	..((((((.((.(.......((....((.(.(.(.(....................(..........(..(((....(.((.................))...))).)...))......................))))))..).)..(...((..(((........((((((...((....).).))))).)..........)))....)).)..).))..).))))).
RF00001_300_4	230	300	232.741	29	10	5	0.744	0.853	0.795	..((((((.((.(.......((.....(.(.(.(.(.................((...............(((....(.((.................))...))).)...))......................)))))...).)..(...((...((......(.((.......((....).).......))....)....)).....)).)..).))..).))))).	..((((((.((.(.......((....((.(.(.(.(....................(..........(..(((....(.((.................))...))).)...))......................))))))..).)..(...((..(((........(((((...(((....).).))))).)..........)))....)).)..).))..).))))).
RF00001_300_5	230	300	233.816	28	10	6	0.737	0.824	0.778	..((((((.((.(.......((.....(.(.(.(.(.................((...............(((....(.((.................))...))).)...))......................)))))...).)..(...((...((......(.((.......((....).).......))....)....)).....)).)..).))..).))))).	..((((((.((.(.......((....((.(.(.(.(....................(..........(..(((....(.((.................))...))).)...))......................))))))..).)..(...((..((.........(((((...(((....).).))))).)...........))....)).)..).))..).))))).
RF00001_300_6	230	300	234.885	28	10	6	0.737	0.824	0.778	..((((((.((.(.......((.....(.(.(.(.(.................((...............(((....(.((.................))...))).)...))......................)))))...).)..(...((...((......(.((.......((....).).......))....)....)).....)).)..).))..).))))).	..((((((.((.(.......((....((.(.(.(.(....................(..........(..(((....(.((.................))...))).)...))......................))))))..).)..(...((..((.........((((((...((....).).))))).)...........))....)).)..).))..).))))).
RF00001_300_7	230	300	235.949	27	12	7	0.692	0.794	0.74	..((((((.((.(.......((.....(.(.(.(.(.................((...............(((....(.((.................))...))).)...))......................)))))...).)..(...((...((......(.((.......((....).).......))....)....)).....)).)..).))..).))))).	..((((((.((.(.......((....((.(.(.(.(....................(..........(..(((....(.[[....[[................))).)...))......................))))))..).)..(...((..(((..........(((...(((....).).))))].]]]........)))....)).)..).))..).))))).
RF00001_300_8	230	300	236.997	28	10	6	0.737	0.824	0.778	..((((((.((.(.......((.....(.(.(.(.(.................((...............(((....(.((.................))...))).)...))......................)))))...).)..(...((...((......(.((.......((....).).......))....)....)).....)).)..).))..).))))).	..((((((.((.(.......((....((.(.(.(.(....................(..........(..(((....(.((.................))...))).)...))......................))))))..).)..(...((..((.........(((((...(((....).).))))).)...........))....)).)..).))..).))))).
RF00001_300_9	230	300	238.079	28	10	6	0.737	0.824	0.778	..((((((.((.(.......((.....(.(.(.(.(.................((...............(((....(.((.................))...))).)...))......................)))))...).)..(...((...((......(.((.......((....).).......))....)....)).....)).)..).))..).))))).	..((((((.((.(.......((....((.(.(.(.(....................(..........(..(((....(.((.................))...))).)...))......................))))))..).)..(...((..((.........((((((...((....).).))))).)...........))....)).)..).))..).))))).
RF00162_2_1	239	2	238.653	34	12	3	0.739	0.919	0.819	(.(((((((....(.(((.(.....................(((...[[[[.))).........))).))((((.((.(.(((...............................................................)....))).....))))))....(]..]]].((((((................................)))).))....).))))))).)..	...((((((....(.(((.(.(..................((((...[[[[.))))......).))).))((((.((.(.(((.(((((..(((((...................................)))))...)))))..)....))).....)))))).....]..]]].((((((................................)))).))......)))))).....
RF00162_2_10	239	2	239.213	35	10	2	0.778	0.946	0.854	(.(((((((....(.(((.(.....................(((...[[[[.))).........))).))((((.((.(.(((...............................................................)....))).....))))))....(]..]]].((((((................................)))).))....).))))))).)..	(.(((((((....(.(((.(.((..................(((...[[[[.)))....)..).))).))(((.(((((.(((.((..........................................................)))....)))..)..))))))...((]..]]].(((((((.....(...)....................))))).))...)).))))))).)..
RF00162_2_2	239	2	239.762	33	7	4	0.825	0.892	0.857	(.(((((((....(.(((.(.....................(((...[[[[.))).........))).))((((.((.(.(((...............................................................)....))).....))))))....(]..]]].((((((................................)))).))....).))))))).)..	(.((((((((...(.(((.(....................(((([..[[[[.))))........))).))((((.((.(.(((.(.(........................................................).))....))...)..)))))).....]..]]].]((((.......(.........................)))).).....).))))))).)..
RF00162_2_3	239	2	240.333	35	9	2	0.795	0.946	0.864	(.(((((((....(.(((.(.....................(((...[[[[.))).........))).))((((.((.(.(((...............................................................)....))).....))))))....(]..]]].((((((................................)))).))....).))))))).)..	(.(((((((....(.(((.(....................((((...[[[[.))))........))).))((((.((((.(((...(((((((..............................................))))))))....)))..)..)))))).....]..]]].(((((..................................))).))......))))))).)..
RF00162_2_4	239	2	240.882	31	9	6	0.775	0.838	0.805	(.(((((((....(.(((.(.....................(((...[[[[.))).........))).))((((.((.(.(((...............................................................)....))).....))))))....(]..]]].((((((................................)))).))....).))))))).)..	(.(((((((....(.(((.(....................((((...[[[[.))))[..[[[[.))).))((((.((.(.......(....).................................................]]]]]..........)..)))))).....]..]]].(((((.......(.........................)))).))......))))))).)..
RF00162_2_5	239	2	241.482	30	21	7	0.588	0.811	0.682	(.(((((((....(.(((.(.....................(((...[[[[.))).........))).))((((.((.(.(((...............................................................)....))).....))))))....(]..]]].((((((................................)))).))....).))))))).)..	(.(((((((...((.(((.(.....................(((...[[[[.))).........))).).(((.(((.(.(((.((((........(((((((.............................)))))))....))))....)))..)..))))))...))]..]]].((((((......(((....................))))))).))......))))))).)..
RF00162_2_6	239	2	242.043	35	14	2	0.714	0.946	0.814	(.(((((((....(.(((.(.....................(((...[[[[.))).........))).))((((.((.(.(((...............................................................)....))).....))))))....(]..]]].((((((................................)))).))....).))))))).)..	(.(((((((....(.(((.(.((..................(((...[[[..)))....))...))).))((((.((.(.(((.((..(((((..............................................))))))))....))).....))))))...(((..]]].(((((((.....(...)....................))))).)).).)).))))))).)..
RF00162_2_7	239	2	242.59	27	12	10	0.692	0.73	0.711	(.(((((((....(.(((.(.....................(((...[[[[.))).........))).))((((.((.(.(((...............................................................)....))).....))))))....(]..]]].((((((................................)))).))....).))))))).)..	(.(((((((....(.(((.(..[.................[[[[.(({{{{.]......))...))).))(((.(]].].]((...(...........................................................)....))........))))...(.}.)}}}.(((((((..............................))))).))......))))))).)..
RF00162_2_8	239	2	243.15	21	21	16	0.5	0.568	0.532	(.(((((((....(.(((.(.....................(((...[[[[.))).........))).))((((.((.(.(((...............................................................)....))).....))))))....(]..]]].((((((................................)))).))....).))))))).)..	..(((((((......(((.(..(.................((((.....[[.))).)..).[[..<<..[[[[[))))(.(({.{{{{{.......................................................{{{....))).(...>>]]]]]..]]]..])..((}}}........}}}......................}}}..))......)))))))....
RF00162_2_9	239	2	243.761	31	28	6	0.525	0.838	0.646	(.(((((((....(.(((.(.....................(((...[[[[.))).........))).))((((.((.(.(((...............................................................)....))).....))))))....(]..]]].((((((................................)))).))....).))))))).)..	(..((((((.......((.(.(..................((((...[[[[.))))......).)))...(((.(((.(.(((.......(((((....))))).((((.((((...))))))))((((((((...))))))))..)....))...)..)))))).....]..]]].(((((((.....((.....................))))))).))......))))))..)..
RF00162_5_1	239	5	244.322	35	7	2	0.833	0.946	0.886	(.(((((((....(.(((.(.....................(((...[[[[.))).........))).))((((.((.(.(((...............................................................)....))).....))))))....(]..]]].((((((................................)))).))....).))))))).)..	(.(((((((....(.(((.(....................((((...[[[[.))))........))).))((((.((.(.(((...((((((................................................)))))))....))).....)))))).....]..]]].(((((..................................))).))......))))))).)..
RF00162_5_10	239	5	244.876	35	2	2	0.946	0.946	0.946	(.(((((((....(.(((.(.....................(((...[[[[.))).........))).))((((.((.(.(((...............................................................)....))).....))))))....(]..]]].((((((................................)))).))....).))))))).)..	(.(((((((....(.(((.(....................((((...[[[[.))))........))).))((((.((((.((.....................................................................)))..)..)))))).....]..]]].((((((................................)))).))......))))))).)..
RF00162_5_2	239	5	245.446	34	5	3	0.872	0.919	0.895	(.(((((((....(.(((.(.....................(((...[[[[.))).........))).))((((.((.(.(((...............................................................)....))).....))))))....(]..]]].((((((................................)))).))....).))))))).)..	(.(((((((...((.(((.(....................((((...[[[[.))))........))).))((((.((....((...............................................................)....).......))))))....)]..]]].(((((((.....((.....................))))))).))......))))))).)..
RF00162_5_3	239	5	246.012	31	10	6	0.756	0.838	0.795	(.(((((((....(.(((.(.....................(((...[[[[.))).........))).))((((.((.(.(((...............................................................)....))).....))))))....(]..]]].((((((................................)))).))....).))))))).)..	(.(((((((....(.(((.(....................((((...[[[[.))))........))).))(((.(((.(..((.((((......................................................)).))....))...)..)))))).....]..]]].(((((((..............................))))).))......))))))).)..
RF00162_5_4	239	5	246.564	35	3	2	0.921	0.946	0.933	(.(((((((....(.(((.(.....................(((...[[[[.))).........))).))((((.((.(.(((...............................................................)....))).....))))))....(]..]]].((((((................................)))).))....).))))))).)..	(.(((((((....(.(((.(....................((((...[[[[.))))........))).))((((.((.(.(((.((..........................................................)))....))).....)))))).....]..]]].(((((..................................))).))......))))))).)..
RF00162_5_5	239	5	247.166	35	7	2	0.833	0.946	0.886	(.(((((((....(.(((.(.....................(((...[[[[.))).........))).))((((.((.(.(((...............................................................)....))).....))))))....(]..]]].((((((................................)))).))....).))))))).)..	(.(((((((....(.(((.(....................((((...[[[[.))))........))).))((((.((.(.((.........(((((....................................)))))..............))).....)))))).....]..]]].(((((((..............................))))).))......))))))).)..
RF00162_5_6	239	5	247.722	27	12	10	0.692	0.73	0.711	(.(((((((....(.(((.(.....................(((...[[[[.))).........))).))((((.((.(.(((...............................................................)....))).....))))))....(]..]]].((((((................................)))).))....).))))))).)..	..((((((((...(.(((.(....................((((....[[[.))))........))).))(((.(]].].(((.(((........................................................))))....))......[[)))).....]..].(.((((((................................)))).)).)..).)))))))....
RF00162_5_7	239	5	248.277	31	7	6	0.816	0.838	0.827	(.(((((((....(.(((.(.....................(((...[[[[.))).........))).))((((.((.(.(((...............................................................)....))).....))))))....(]..]]].((((((................................)))).))....).))))))).)..	(.(((((((....(.(((.(.[[.................[(((........))).........))).))(((.(((.(.(((.((..........................................................)))....))).....))))))....]]..](..((((((................................)))).))....).))))))).)..
RF00162_5_8	239	5	248.859	31	10	6	0.756	0.838	0.795	(.(((((((....(.(((.(.....................(((...[[[[.))).........))).))((((.((.(.(((...............................................................)....))).....))))))....(]..]]].((((((................................)))).))....).))))))).)..	(.(((((((....(.(((.(.....................(((...[[[[.)))......[[.))).))((((.((.(..((.(((((.....................................................)))))....))...)..))))))...]]]..]]].(((((..................................))).))......))))))).)..
RF00162_5_9	239	5	249.416	29	4	8	0.879	0.784	0.829	(.(((((((....(.(((.(.....................(((...[[[[.))).........))).))((((.((.(.(((...............................................................)....))).....))))))....(]..]]].((((((................................)))).))....).))))))).)..	..(((((((.......((.(....................((((...[[[[.))))........)))...(((.(((.(.(((...............................................................)....).).)...)))))).....]..]]].(((((..................................))).))......)))))))....
RF00162_10_1	239	10	250.023	36	6	1	0.857	0.973	0.911	(.(((((((....(.(((.(.....................(((...[[[[.))).........))).))((((.((.(.(((...............................................................)....))).....))))))....(]..]]].((((((................................)))).))....).))))))).)..	(.(((((((....(.(((.(....................((((...[[[[.))))........))).))((((.((.(.(((.((((......................................................)))))....))).....)))))).....]..]]].(((((((..............................))))).))......))))))).)..
RF00162_10_10	239	10	250.611	35	3	2	0.921	0.946	0.933	(.(((((((....(.(((.(.....................(((...[[[[.))).........))).))((((.((.(.(((...............................................................)....))).....))))))....(]..]]].((((((................................)))).))....).))))))).)..	(.(((((((....(.(((.(.....................(((...[[[[.))).........))).))((((.((.(.(((.(.(........................................................).))....))...)..)))))).....]..]]].((((((................................)))).))......))))))).)..
RF00162_10_2	239	10	251.189	36	1	1	0.973	0.973	0.973	(.(((((((....(.(((.(.....................(((...[[[[.))).........))).))((((.((.(.(((...............................................................)....))).....))))))....(]..]]].((((((................................)))).))....).))))))).)..	(.(((((((....(.(((.(.....................(((...[[[[.))).........))).))((((.((.(.(((...............................................................)....))).....)))))).....]..]]].(((((((..............................))))).))......))))))).)..
RF00162_10_3	239	10	251.8	36	4	1	0.9	0.973	0.935	(.(((((((....(.(((.(.....................(((...[[[[.))).........))).))((((.((.(.(((...............................................................)....))).....))))))....(]..]]].((((((................................)))).))....).))))))).)..	(.(((((((....(.(((.(....................((((...[[[[.))))........))).))((((.((.(.(((.((..........................................................)))....))).....)))))).....]..]]].(((((((..............................))))).))......))))))).)..
RF00162_10_4	239	10	252.397	34	5	3	0.872	0.919	0.895	(.(((((((....(.(((.(.....................(((...[[[[.))).........))).))((((.((.(.(((...............................................................)....))).....))))))....(]..]]].((((((................................)))).))....).))))))).)..	(.(((((((....(.(((.(....................((((....[[[.))))........))).))(((.(((.(.(((.((..........................................................)))....))).....)))))).....]..]]..(((((((..............................))))).))......))))))).)..
RF00162_10_5	239	10	252.959	35	5	2	0.875	0.946	0.909	(.(((((((....(.(((.(.....................(((...[[[[.))).........))).))((((.((.(.(((...............................................................)....))).....))))))....(]..]]].((((((................................)))).))....).))))))).)..	(.(((((((....(.(((.(....................((((...[[[[.))))........))).))((((.((.(.(((.((..........................................................)))....))...)..)))))).....]..]]].(((((((..............................))))).))......))))))).)..
RF00162_10_6	239	10	253.545	35	1	2	0.972	0.946	0.959	(.(((((((....(.(((.(.....................(((...[[[[.))).........))).))((((.((.(.(((...............................................................)....))).....))))))....(]..]]].((((((................................)))).))....).))))))).)..	(.(((((((....(.(((.(....................((((...[[[[.))))........))).))((((.((.(.(((...............................................................)....))).....)))))).....]..]]].(((((..................................))).))......))))))).)..
RF00162_10_7	239	10	254.114	35	4	2	0.897	0.946	0.921	(.(((((((....(.(((.(.....................(((...[[[[.))).........))).))((((.((.(.(((...............................................................)....))).....))))))....(]..]]].((((((................................)))).))....).))))))).)..	(.(((((((....(.(((.(....................((((....[[[.))))........))).))((((.((.(.(((.(((........................................................))))....))).....)))))).....]..]]..((((((................................)))).))......))))))).)..
RF00162_10_8	239	10	254.684	36	4	1	0.9	0.973	0.935	(.(((((((....(.(((.(.....................(((...[[[[.))).........))).))((((.((.(.(((...............................................................)....))).....))))))....(]..]]].((((((................................)))).))....).))))))).)..	(.(((((((....(.(((.(....................((((...[[[[.))))........))).))((((.((.(.(((.((..........................................................)))....))).....)))))).....]..]]].(((((((..............................))))).))......))))))).)..
RF00162_10_9	239	10	255.285	35	4	2	0.897	0.946	0.921	(.(((((((....(.(((.(.....................(((...[[[[.))).........))).))((((.((.(.(((...............................................................)....))).....))))))....(]..]]].((((((................................)))).))....).))))))).)..	(.(((((((....(.(((.(....................((((....[[[.))))........))).))((((.((.(.(((.((..........................................................)))....))).....)))))).....]..]]..(((((((..............................))))).))......))))))).)..
RF00162_20_1	239	20	255.892	35	4	2	0.897	0.946	0.921	(.(((((((....(.(((.(.....................(((...[[[[.))).........))).))((((.((.(.(((...............................................................)....))).....))))))....(]..]]].((((((................................)))).))....).))))))).)..	(.(((((((....(.(((.(....................((((...[[[[.))))........))).))((((.((.(.(((.((..........................................................)))....))...)..)))))).....]..]]].((((((................................)))).))......))))))).)..
RF00162_20_10	239	20	256.483	35	4	2	0.897	0.946	0.921	(.(((((((....(.(((.(.....................(((...[[[[.))).........))).))((((.((.(.(((...............................................................)....))).....))))))....(]..]]].((((((................................)))).))....).))))))).)..	(.(((((((....(.(((.(....................((((...[[[[.))))........))).))((((.((.(.(((.((..........................................................)))....))...)..)))))).....]..]]].((((((................................)))).))......))))))).)..
RF00162_20_2	239	20	257.076	36	1	1	0.973	0.973	0.973	(.(((((((....(.(((.(.....................(((...[[[[.))).........))).))((((.((.(.(((...............................................................)....))).....))))))....(]..]]].((((((................................)))).))....).))))))).)..	(.(((((((....(.(((.(....................((((...[[[[.))))........))).))((((.((.(.(((...............................................................)....))).....)))))).....]..]]].((((((................................)))).))......))))))).)..
RF00162_20_3	239	20	257.676	36	2	1	0.947	0.973	0.96	(.(((((((....(.(((.(.....................(((...[[[[.))).........))).))((((.((.(.(((...............................................................)....))).....))))))....(]..]]].((((((................................)))).))....).))))))).)..	(.(((((((....(.(((.(....................((((...[[[[.))))........))).))((((.((.(.(((.(............................................................))....))).....)))))).....]..]]].((((((................................)))).))......))))))).)..
RF00162_20_4	239	20	258.296	36	3	1	0.923	0.973	0.947	(.(((((((....(.(((.(.....................(((...[[[[.))).........))).))((((.((.(.(((...............................................................)....))).....))))))....(]..]]].((((((................................)))).))....).))))))).)..	(.(((((((....(.(((.(....................((((...[[[[.))))........))).))((((.((.(.(((.(............................................................))....))).....)))))).....]..]]].(((((((..............................))))).))......))))))).)..
RF00162_20_5	239	20	258.906	36	2	1	0.947	0.973	0.96	(.(((((((....(.(((.(.....................(((...[[[[.))).........))).))((((.((.(.(((...............................................................)....))).....))))))....(]..]]].((((((................................)))).))....).))))))).)..	(.(((((((....(.(((.(....................((((...[[[[.))))........))).))((((.((.(.(((.(............................................................))....))).....)))))).....]..]]].((((((................................)))).))......))))))).)..
RF00162_20_6	239	20	259.495	36	1	1	0.973	0.973	0.973	(.(((((((....(.(((.(.....................(((...[[[[.))).........))).))((((.((.(.(((...............................................................)....))).....))))))....(]..]]].((((((................................)))).))....).))))))).)..	(.(((((((....(.(((.(....................((((...[[[[.))))........))).))((((.((.(.(((...............................................................)....))).....)))))).....]..]]].((((((................................)))).))......))))))).)..
RF00162_20_7	239	20	260.094	36	3	1	0.923	0.973	0.947	(.(((((((....(.(((.(.....................(((...[[[[.))).........))).))((((.((.(.(((...............................................................)....))).....))))))....(]..]]].((((((................................)))).))....).))))))).)..	(.(((((((....(.(((.(....................((((...[[[[.))))........))).))((((.((.(.(((.((..........................................................)))....))).....)))))).....]..]]].((((((................................)))).))......))))))).)..
RF00162_20_8	239	20	260.711	36	2	1	0.947	0.973	0.96	(.(((((((....(.(((.(.....................(((...[[[[.))).........))).))((((.((.(.(((...............................................................)....))).....))))))....(]..]]].((((((................................)))).))....).))))))).)..	(.(((((((....(.(((.(....................((((...[[[[.))))........))).))((((.((.(.(((.(............................................................))....))).....)))))).....]..]]].((((((................................)))).))......))))))).)..
RF00162_20_9	239	20	261.314	33	3	4	0.917	0.892	0.904	(.(((((((....(.(((.(.....................(((...[[[[.))).........))).))((((.((.(.(((...............................................................)....))).....))))))....(]..]]].((((((................................)))).))....).))))))).)..	(.(((((((....(.(((.(.....................(((...[[[[.))).........))).))((((.((.(.(.(....................................................................))...)..)))))).....]..]]].(((((((..............................))))).))......))))))).)..
RF00162_30_1	239	30	261.929	36	2	1	0.947	0.973	0.96	(.(((((((....(.(((.(.....................(((...[[[[.))).........))).))((((.((.(.(((...............................................................)....))).....))))))....(]..]]].((((((................................)))).))....).))))))).)..	(.(((((((....(.(((.(....................((((...[[[[.))))........))).))((((.((.(.(((.(............................................................))....))).....)))))).....]..]]].((((((................................)))).))......))))))).)..
RF00162_30_10	239	30	262.549	36	1	1	0.973	0.973	0.973	(.(((((((....(.(((.(.....................(((...[[[[.))).........))).))((((.((.(.(((...............................................................)....))).....))))))....(]..]]].((((((................................)))).))....).))))))).)..	(.(((((((....(.(((.(.....................(((...[[[[.))).........))).))((((.((.(.(((.(............................................................))....))).....)))))).....]..]]].((((((................................)))).))......))))))).)..
RF00162_30_2	239	30	263.178	36	5	1	0.878	0.973	0.923	(.(((((((....(.(((.(.....................(((...[[[[.))).........))).))((((.((.(.(((...............................................................)....))).....))))))....(]..]]].((((((................................)))).))....).))))))).)..	(.(((((((....(.(((.(....................((((...[[[[.))))........))).))((((.((.(.(((.(((........................................................))))....))).....)))))).....]..]]].(((((((..............................))))).))......))))))).)..
RF00162_30_3	239	30	263.784	36	5	1	0.878	0.973	0.923	(.(((((((....(.(((.(.....................(((...[[[[.))).........))).))((((.((.(.(((...............................................................)....))).....))))))....(]..]]].((((((................................)))).))....).))))))).)..	(.(((((((....(.(((.(....................((((...[[[[.))))........))).))((((.((.(.(((.(((........................................................))))....))).....)))))).....]..]]].(((((((..............................))))).))......))))))).)..
RF00162_30_4	239	30	264.391	36	2	1	0.947	0.973	0.96	(.(((((((....(.(((.(.....................(((...[[[[.))).........))).))((((.((.(.(((...............................................................)....))).....))))))....(]..]]].((((((................................)))).))....).))))))).)..	(.(((((((....(.(((.(....................((((...[[[[.))))........))).))((((.((.(.(((...............................................................)....))).....)))))).....]..]]].(((((((..............................))))).))......))))))).)..
RF00162_30_5	239	30	265.022	36	2	1	0.947	0.973	0.96	(.(((((((....(.(((.(.....................(((...[[[[.))).........))).))((((.((.(.(((...............................................................)....))).....))))))....(]..]]].((((((................................)))).))....).))))))).)..	(.(((((((....(.(((.(....................((((...[[[[.))))........))).))((((.((.(.(((.(............................................................))....))).....)))))).....]..]]].((((((................................)))).))......))))))).)..
RF00162_30_6	239	30	265.661	35	1	2	0.972	0.946	0.959	(.(((((((....(.(((.(.....................(((...[[[[.))).........))).))((((.((.(.(((...............................................................)....))).....))))))....(]..]]].((((((................................)))).))....).))))))).)..	(.(((((((....(.(((.(....................((((...[[[[.))))........))).))((((.((.(.((.....................................................................))).....)))))).....]..]]].((((((................................)))).))......))))))).)..
RF00162_30_7	239	30	266.309	36	2	1	0.947	0.973	0.96	(.(((((((....(.(((.(.....................(((...[[[[.))).........))).))((((.((.(.(((...............................................................)....))).....))))))....(]..]]].((((((................................)))).))....).))))))).)..	(.(((((((....(.(((.(....................((((...[[[[.))))........))).))((((.((.(.(((.(............................................................))....))).....)))))).....]..]]].((((((................................)))).))......))))))).)..
RF00162_30_8	239	30	266.932	35	1	2	0.972	0.946	0.959	(.(((((((....(.(((.(.....................(((...[[[[.))).........))).))((((.((.(.(((...............................................................)....))).....))))))....(]..]]].((((((................................)))).))....).))))))).)..	(.(((((((....(.(((.(....................((((...[[[[.))))........))).))((((.((.(.(((...............................................................)....))).....)))))).....]..]]].(((((..................................))).))......))))))).)..
RF00162_30_9	239	30	267.555	35	2	2	0.946	0.946	0.946	(.(((((((....(.(((.(.....................(((...[[[[.))).........))).))((((.((.(.(((...............................................................)....))).....))))))....(]..]]].((((((................................)))).))....).))))))).)..	(.(((((((....(.(((.(....................((((...[[[[.))))........))).))((((.((...(((.(............................................................))....))......)))))).....]..]]].((((((................................)))).))......))))))).)..
RF00162_50_1	239	50	268.229	35	2	2	0.946	0.946	0.946	(.(((((((....(.(((.(.....................(((...[[[[.))).........))).))((((.((.(.(((...............................................................)....))).....))))))....(]..]]].((((((................................)))).))....).))))))).)..	(.(((((((....(.(((.(.....................(((...[[[[.))).........))).))((((.((.(.(((.(............................................................))....))...)..)))))).....]..]]].((((((................................)))).))......))))))).)..
RF00162_50_10	239	50	268.888	36	4	1	0.9	0.973	0.935	(.(((((((....(.(((.(.....................(((...[[[[.))).........))).))((((.((.(.(((...............................................................)....))).....))))))....(]..]]].((((((................................)))).))....).))))))).)..	(.(((((((....(.(((.(....................((((...[[[[.))))........))).))((((.((.(.(((.((..........................................................)))....))).....)))))).....]..]]].(((((((..............................))))).))......))))))).)..
RF00162_50_2	239	50	269.544	36	3	1	0.923	0.973	0.947	(.(((((((....(.(((.(.....................(((...[[[[.))).........))).))((((.((.(.(((...............................................................)....))).....))))))....(]..]]].((((((................................)))).))....).))))))).)..	(.(((((((....(.(((.(....................((((...[[[[.))))........))).))((((.((.(.(((.((..........................................................)))....))).....)))))).....]..]]].((((((................................)))).))......))))))).)..
RF00162_50_3	239	50	270.22	36	2	1	0.947	0.973	0.96	(.(((((((....(.(((.(.....................(((...[[[[.))).........))).))((((.((.(.(((...............................................................)....))).....))))))....(]..]]].((((((................................)))).))....).))))))).)..	(.(((((((....(.(((.(....................((((...[[[[.))))........))).))((((.((.(.(((.(............................................................))....))).....)))))).....]..]]].((((((................................)))).))......))))))).)..
RF00162_50_4	239	50	270.872	36	3	1	0.923	0.973	0.947	(.(((((((....(.(((.(.....................(((...[[[[.))).........))).))((((.((.(.(((...............................................................)....))).....))))))....(]..]]].((((((................................)))).))....).))))))).)..	(.(((((((....(.(((.(....................((((...[[[[.))))........))).))((((.((.(.(((.((..........................................................)))....))).....)))))).....]..]]].((((((................................)))).))......))))))).)..
RF00162_50_5	239	50	271.514	36	3	1	0.923	0.973	0.947	(.(((((((....(.(((.(.....................(((...[[[[.))).........))).))((((.((.(.(((...............................................................)....))).....))))))....(]..]]].((((((................................)))).))....).))))))).)..	(.(((((((....(.(((.(....................((((...[[[[.))))........))).))((((.((.(.(((.(............................................................))....))).....)))))).....]..]]].(((((((..............................))))).))......))))))).)..
RF00162_50_6	239	50	272.179	36	3	1	0.923	0.973	0.947	(.(((((((....(.(((.(.....................(((...[[[[.))).........))).))((((.((.(.(((...............................................................)....))).....))))))....(]..]]].((((((................................)))).))....).))))))).)..	(.(((((((....(.(((.(....................((((...[[[[.))))........))).))((((.((.(.(((.((..........................................................)))....))).....)))))).....]..]]].((((((................................)))).))......))))))).)..
RF00162_50_7	239	50	272.846	36	3	1	0.923	0.973	0.947	(.(((((((....(.(((.(.....................(((...[[[[.))).........))).))((((.((.(.(((...............................................................)....))).....))))))....(]..]]].((((((................................)))).))....).))))))).)..	(.(((((((....(.(((.(....................((((...[[[[.))))........))).))((((.((.(.(((.(............................................................))....))).....)))))).....]..]]].(((((((..............................))))).))......))))))).)..
RF00162_50_8	239	50	273.507	36	2	1	0.947	0.973	0.96	(.(((((((....(.(((.(.....................(((...[[[[.))).........))).))((((.((.(.(((...............................................................)....))).....))))))....(]..]]].((((((................................)))).))....).))))))).)..	(.(((((((....(.(((.(....................((((...[[[[.))))........))).))((((.((.(.(((.(............................................................))....))).....)))))).....]..]]].((((((................................)))).))......))))))).)..
RF00162_50_9	239	50	274.184	36	2	1	0.947	0.973	0.96	(.(((((((....(.(((.(.....................(((...[[[[.))).........))).))((((.((.(.(((...............................................................)....))).....))))))....(]..]]].((((((................................)))).))....).))))))).)..	(.(((((((....(.(((.(....................((((...[[[[.))))........))).))((((.((.(.(((.(............................................................))....))).....)))))).....]..]]].((((((................................)))).))......))))))).)..
RF00162_75_1	239	75	274.891	36	2	1	0.947	0.973	0.96	(.(((((((....(.(((.(.....................(((...[[[[.))).........))).))((((.((.(.(((...............................................................)....))).....))))))....(]..]]].((((((................................)))).))....).))))))).)..	(.(((((((....(.(((.(....................((((...[[[[.))))........))).))((((.((.(.(((.(............................................................))....))).....)))))).....]..]]].((((((................................)))).))......))))))).)..
RF00162_75_10	239	75	275.581	36	3	1	0.923	0.973	0.947	(.(((((((....(.(((.(.....................(((...[[[[.))).........))).))((((.((.(.(((...............................................................)....))).....))))))....(]..]]].((((((................................)))).))....).))))))).)..	(.(((((((....(.(((.(....................((((...[[[[.))))........))).))((((.((.(.(((.((..........................................................)))....))).....)))))).....]..]]].((((((................................)))).))......))))))).)..
RF00162_75_2	239	75	276.306	36	4	1	0.9	0.973	0.935	(.(((((((....(.(((.(.....................(((...[[[[.))).........))).))((((.((.(.(((...............................................................)....))).....))))))....(]..]]].((((((................................)))).))....).))))))).)..	(.(((((((....(.(((.(....................((((...[[[[.))))........))).))((((.((.(.(((.((..........................................................)))....))).....)))))).....]..]]].(((((((..............................))))).))......))))))).)..
RF00162_75_3	239	75	277.012	36	3	1	0.923	0.973	0.947	(.(((((((....(.(((.(.....................(((...[[[[.))).........))).))((((.((.(.(((...............................................................)....))).....))))))....(]..]]].((((((................................)))).))....).))))))).)..	(.(((((((....(.(((.(....................((((...[[[[.))))........))).))((((.((.(.(((.(............................................................))....))).....)))))).....]..]]].(((((((..............................))))).))......))))))).)..
RF00162_75_4	239	75	277.73	36	2	1	0.947	0.973	0.96	(.(((((((....(.(((.(.....................(((...[[[[.))).........))).))((((.((.(.(((...............................................................)....))).....))))))....(]..]]].((((((................................)))).))....).))))))).)..	(.(((((((....(.(((.(....................((((...[[[[.))))........))).))((((.((.(.(((.(............................................................))....))).....)))))).....]..]]].((((((................................)))).))......))))))).)..
RF00162_75_5	239	75	278.451	36	4	1	0.9	0.973	0.935	(.(((((((....(.(((.(.....................(((...[[[[.))).........))).))((((.((.(.(((...............................................................)....))).....))))))....(]..]]].((((((................................)))).))....).))))))).)..	(.(((((((....(.(((.(....................((((...[[[[.))))........))).))((((.((.(.(((.((..........................................................)))....))).....)))))).....]..]]].(((((((..............................))))).))......))))))).)..
RF00162_75_6	239	75	279.183	36	3	1	0.923	0.973	0.947	(.(((((((....(.(((.(.....................(((...[[[[.))).........))).))((((.((.(.(((...............................................................)....))).....))))))....(]..]]].((((((................................)))).))....).))))))).)..	(.(((((((....(.(((.(....................((((...[[[[.))))........))).))((((.((.(.(((.((..........................................................)))....))).....)))))).....]..]]].((((((................................)))).))......))))))).)..
RF00162_75_7	239	75	279.894	36	3	1	0.923	0.973	0.947	(.(((((((....(.(((.(.....................(((...[[[[.))).........))).))((((.((.(.(((...............................................................)....))).....))))))....(]..]]].((((((................................)))).))....).))))))).)..	(.(((((((....(.(((.(....................((((...[[[[.))))........))).))((((.((.(.(((.(............................................................))....))).....)))))).....]..]]].(((((((..............................))))).))......))))))).)..
RF00162_75_8	239	75	280.596	36	3	1	0.923	0.973	0.947	(.(((((((....(.(((.(.....................(((...[[[[.))).........))).))((((.((.(.(((...............................................................)....))).....))))))....(]..]]].((((((................................)))).))....).))))))).)..	(.(((((((....(.(((.(....................((((...[[[[.))))........))).))((((.((.(.(((.((..........................................................)))....))).....)))))).....]..]]].((((((................................)))).))......))))))).)..
RF00162_75_9	239	75	281.318	36	4	1	0.9	0.973	0.935	(.(((((((....(.(((.(.....................(((...[[[[.))).........))).))((((.((.(.(((...............................................................)....))).....))))))....(]..]]].((((((................................)))).))....).))))))).)..	(.(((((((....(.(((.(....................((((...[[[[.))))........))).))((((.((.(.(((.((..........................................................)))....))).....)))))).....]..]]].(((((((..............................))))).))......))))))).)..
RF00162_100_1	239	100	282.097	36	3	1	0.923	0.973	0.947	(.(((((((....(.(((.(.....................(((...[[[[.))).........))).))((((.((.(.(((...............................................................)....))).....))))))....(]..]]].((((((................................)))).))....).))))))).)..	(.(((((((....(.(((.(....................((((...[[[[.))))........))).))((((.((.(.(((.((..........................................................)))....))).....)))))).....]..]]].((((((................................)))).))......))))))).)..
RF00162_100_10	239	100	282.859	36	3	1	0.923	0.973	0.947	(.(((((((....(.(((.(.....................(((...[[[[.))).........))).))((((.((.(.(((...............................................................)....))).....))))))....(]..]]].((((((................................)))).))....).))))))).)..	(.(((((((....(.(((.(....................((((...[[[[.))))........))).))((((.((.(.(((.(............................................................))....))).....)))))).....]..]]].(((((((..............................))))).))......))))))).)..
RF00162_100_2	239	100	283.614	36	3	1	0.923	0.973	0.947	(.(((((((....(.(((.(.....................(((...[[[[.))).........))).))((((.((.(.(((...............................................................)....))).....))))))....(]..]]].((((((................................)))).))....).))))))).)..	(.(((((((....(.(((.(....................((((...[[[[.))))........))).))((((.((.(.(((.((..........................................................)))....))).....)))))).....]..]]].((((((................................)))).))......))))))).)..
RF00162_100_3	239	100	284.38	36	2	1	0.947	0.973	0.96	(.(((((((....(.(((.(.....................(((...[[[[.))).........))).))((((.((.(.(((...............................................................)....))).....))))))....(]..]]].((((((................................)))).))....).))))))).)..	(.(((((((....(.(((.(....................((((...[[[[.))))........))).))((((.((.(.(((.(............................................................))....))).....)))))).....]..]]].((((((................................)))).))......))))))).)..
RF00162_100_4	239	100	285.141	36	3	1	0.923	0.973	0.947	(.(((((((....(.(((.(.....................(((...[[[[.))).........))).))((((.((.(.(((...............................................................)....))).....))))))....(]..]]].((((((................................)))).))....).))))))).)..	(.(((((((....(.(((.(....................((((...[[[[.))))........))).))((((.((.(.(((.(............................................................))....))).....)))))).....]..]]].(((((((..............................))))).))......))))))).)..
RF00162_100_5	239	100	285.912	36	3	1	0.923	0.973	0.947	(.(((((((....(.(((.(.....................(((...[[[[.))).........))).))((((.((.(.(((...............................................................)....))).....))))))....(]..]]].((((((................................)))).))....).))))))).)..	(.(((((((....(.(((.(....................((((...[[[[.))))........))).))((((.((.(.(((.(............................................................))....))).....)))))).....]..]]].(((((((..............................))))).))......))))))).)..
RF00162_100_6	239	100	286.679	36	2	1	0.947	0.973	0.96	(.(((((((....(.(((.(.....................(((...[[[[.))).........))).))((((.((.(.(((...............................................................)....))).....))))))....(]..]]].((((((................................)))).))....).))))))).)..	(.(((((((....(.(((.(....................((((...[[[[.))))........))).))((((.((.(.(((.(............................................................))....))).....)))))).....]..]]].((((((................................)))).))......))))))).)..
RF00162_100_7	239	100	287.425	36	3	1	0.923	0.973	0.947	(.(((((((....(.(((.(.....................(((...[[[[.))).........))).))((((.((.(.(((...............................................................)....))).....))))))....(]..]]].((((((................................)))).))....).))))))).)..	(.(((((((....(.(((.(....................((((...[[[[.))))........))).))((((.((.(.(((.((..........................................................)))....))).....)))))).....]..]]].((((((................................)))).))......))))))).)..
RF00162_100_8	239	100	288.181	36	3	1	0.923	0.973	0.947	(.(((((((....(.(((.(.....................(((...[[[[.))).........))).))((((.((.(.(((...............................................................)....))).....))))))....(]..]]].((((((................................)))).))....).))))))).)..	(.(((((((....(.(((.(....................((((...[[[[.))))........))).))((((.((.(.(((.((..........................................................)))....))).....)))))).....]..]]].((((((................................)))).))......))))))).)..
RF00162_100_9	239	100	288.946	36	2	1	0.947	0.973	0.96	(.(((((((....(.(((.(.....................(((...[[[[.))).........))).))((((.((.(.(((...............................................................)....))).....))))))....(]..]]].((((((................................)))).))....).))))))).)..	(.(((((((....(.(((.(....................((((...[[[[.))))........))).))((((.((.(.(((.(............................................................))....))).....)))))).....]..]]].((((((................................)))).))......))))))).)..
RF00162_150_1	239	150	289.779	36	2	1	0.947	0.973	0.96	(.(((((((....(.(((.(.....................(((...[[[[.))).........))).))((((.((.(.(((...............................................................)....))).....))))))....(]..]]].((((((................................)))).))....).))))))).)..	(.(((((((....(.(((.(....................((((...[[[[.))))........))).))((((.((.(.(((.(............................................................))....))).....)))))).....]..]]].((((((................................)))).))......))))))).)..
RF00162_150_10	239	150	290.614	36	2	1	0.947	0.973	0.96	(.(((((((....(.(((.(.....................(((...[[[[.))).........))).))((((.((.(.(((...............................................................)....))).....))))))....(]..]]].((((((................................)))).))....).))))))).)..	(.(((((((....(.(((.(....................((((...[[[[.))))........))).))((((.((.(.(((.(............................................................))....))).....)))))).....]..]]].((((((................................)))).))......))))))).)..
RF00162_150_2	239	150	291.464	36	2	1	0.947	0.973	0.96	(.(((((((....(.(((.(.....................(((...[[[[.))).........))).))((((.((.(.(((...............................................................)....))).....))))))....(]..]]].((((((................................)))).))....).))))))).)..	(.(((((((....(.(((.(....................((((...[[[[.))))........))).))((((.((.(.(((.(............................................................))....))).....)))))).....]..]]].((((((................................)))).))......))))))).)..
RF00162_150_3	239	150	292.327	36	2	1	0.947	0.973	0.96	(.(((((((....(.(((.(.....................(((...[[[[.))).........))).))((((.((.(.(((...............................................................)....))).....))))))....(]..]]].((((((................................)))).))....).))))))).)..	(.(((((((....(.(((.(....................((((...[[[[.))))........))).))((((.((.(.(((.(............................................................))....))).....)))))).....]..]]].((((((................................)))).))......))))))).)..
RF00162_150_4	239	150	293.185	36	2	1	0.947	0.973	0.96	(.(((((((....(.(((.(.....................(((...[[[[.))).........))).))((((.((.(.(((...............................................................)....))).....))))))....(]..]]].((((((................................)))).))....).))))))).)..	(.(((((((....(.(((.(....................((((...[[[[.))))........))).))((((.((.(.(((.(............................................................))....))).....)))))).....]..]]].((((((................................)))).))......))))))).)..
RF00162_150_5	239	150	294.02	36	2	1	0.947	0.973	0.96	(.(((((((....(.(((.(.....................(((...[[[[.))).........))).))((((.((.(.(((...............................................................)....))).....))))))....(]..]]].((((((................................)))).))....).))))))).)..	(.(((((((....(.(((.(....................((((...[[[[.))))........))).))((((.((.(.(((.(............................................................))....))).....)))))).....]..]]].((((((................................)))).))......))))))).)..
RF00162_150_6	239	150	294.872	36	2	1	0.947	0.973	0.96	(.(((((((....(.(((.(.....................(((...[[[[.))).........))).))((((.((.(.(((...............................................................)....))).....))))))....(]..]]].((((((................................)))).))....).))))))).)..	(.(((((((....(.(((.(....................((((...[[[[.))))........))).))((((.((.(.(((.(............................................................))....))).....)))))).....]..]]].((((((................................)))).))......))))))).)..
RF00162_150_7	239	150	295.755	36	2	1	0.947	0.973	0.96	(.(((((((....(.(((.(.....................(((...[[[[.))).........))).))((((.((.(.(((...............................................................)....))).....))))))....(]..]]].((((((................................)))).))....).))))))).)..	(.(((((((....(.(((.(....................((((...[[[[.))))........))).))((((.((.(.(((.(............................................................))....))).....)))))).....]..]]].((((((................................)))).))......))))))).)..
RF00162_150_8	239	150	296.605	36	2	1	0.947	0.973	0.96	(.(((((((....(.(((.(.....................(((...[[[[.))).........))).))((((.((.(.(((...............................................................)....))).....))))))....(]..]]].((((((................................)))).))....).))))))).)..	(.(((((((....(.(((.(....................((((...[[[[.))))........))).))((((.((.(.(((.(............................................................))....))).....)))))).....]..]]].((((((................................)))).))......))))))).)..
RF00162_150_9	239	150	297.493	36	4	1	0.9	0.973	0.935	(.(((((((....(.(((.(.....................(((...[[[[.))).........))).))((((.((.(.(((...............................................................)....))).....))))))....(]..]]].((((((................................)))).))....).))))))).)..	(.(((((((....(.(((.(....................((((...[[[[.))))........))).))((((.((.(.(((.((..........................................................)))....))).....)))))).....]..]]].(((((((..............................))))).))......))))))).)..
RF00162_200_1	239	200	298.42	36	4	1	0.9	0.973	0.935	(.(((((((....(.(((.(.....................(((...[[[[.))).........))).))((((.((.(.(((...............................................................)....))).....))))))....(]..]]].((((((................................)))).))....).))))))).)..	(.(((((((....(.(((.(....................((((...[[[[.))))........))).))((((.((.(.(((.((..........................................................)))....))).....)))))).....]..]]].(((((((..............................))))).))......))))))).)..
RF00162_200_10	239	200	299.346	36	2	1	0.947	0.973	0.96	(.(((((((....(.(((.(.....................(((...[[[[.))).........))).))((((.((.(.(((...............................................................)....))).....))))))....(]..]]].((((((................................)))).))....).))))))).)..	(.(((((((....(.(((.(....................((((...[[[[.))))........))).))((((.((.(.(((.(............................................................))....))).....)))))).....]..]]].((((((................................)))).))......))))))).)..
RF00162_200_2	239	200	300.294	36	2	1	0.947	0.973	0.96	(.(((((((....(.(((.(.....................(((...[[[[.))).........))).))((((.((.(.(((...............................................................)....))).....))))))....(]..]]].((((((................................)))).))....).))))))).)..	(.(((((((....(.(((.(....................((((...[[[[.))))........))).))((((.((.(.(((.(............................................................))....))).....)))))).....]..]]].((((((................................)))).))......))))))).)..
RF00162_200_3	239	200	301.24	36	3	1	0.923	0.973	0.947	(.(((((((....(.(((.(.....................(((...[[[[.))).........))).))((((.((.(.(((...............................................................)....))).....))))))....(]..]]].((((((................................)))).))....).))))))).)..	(.(((((((....(.(((.(....................((((...[[[[.))))........))).))((((.((.(.(((.(............................................................))....))).....)))))).....]..]]].(((((((..............................))))).))......))))))).)..
RF00162_200_4	239	200	302.15	36	2	1	0.947	0.973	0.96	(.(((((((....(.(((.(.....................(((...[[[[.))).........))).))((((.((.(.(((...............................................................)....))).....))))))....(]..]]].((((((................................)))).))....).))))))).)..	(.(((((((....(.(((.(....................((((...[[[[.))))........))).))((((.((.(.(((.(............................................................))....))).....)))))).....]..]]].((((((................................)))).))......))))))).)..
RF00162_200_5	239	200	303.082	36	2	1	0.947	0.973	0.96	(.(((((((....(.(((.(.....................(((...[[[[.))).........))).))((((.((.(.(((...............................................................)....))).....))))))....(]..]]].((((((................................)))).))....).))))))).)..	(.(((((((....(.(((.(....................((((...[[[[.))))........))).))((((.((.(.(((.(............................................................))....))).....)))))).....]..]]].((((((................................)))).))......))))))).)..
RF00162_200_6	239	200	304.009	36	3	1	0.923	0.973	0.947	(.(((((((....(.(((.(.....................(((...[[[[.))).........))).))((((.((.(.(((...............................................................)....))).....))))))....(]..]]].((((((................................)))).))....).))))))).)..	(.(((((((....(.(((.(....................((((...[[[[.))))........))).))((((.((.(.(((.((..........................................................)))....))).....)))))).....]..]]].((((((................................)))).))......))))))).)..
RF00162_200_7	239	200	304.91	36	2	1	0.947	0.973	0.96	(.(((((((....(.(((.(.....................(((...[[[[.))).........))).))((((.((.(.(((...............................................................)....))).....))))))....(]..]]].((((((................................)))).))....).))))))).)..	(.(((((((....(.(((.(....................((((...[[[[.))))........))).))((((.((.(.(((.(............................................................))....))).....)))))).....]..]]].((((((................................)))).))......))))))).)..
RF00162_200_8	239	200	305.863	36	2	1	0.947	0.973	0.96	(.(((((((....(.(((.(.....................(((...[[[[.))).........))).))((((.((.(.(((...............................................................)....))).....))))))....(]..]]].((((((................................)))).))....).))))))).)..	(.(((((((....(.(((.(....................((((...[[[[.))))........))).))((((.((.(.(((.(............................................................))....))).....)))))).....]..]]].((((((................................)))).))......))))))).)..
RF00162_200_9	239	200	306.776	36	2	1	0.947	0.973	0.96	(.(((((((....(.(((.(.....................(((...[[[[.))).........))).))((((.((.(.(((...............................................................)....))).....))))))....(]..]]].((((((................................)))).))....).))))))).)..	(.(((((((....(.(((.(....................((((...[[[[.))))........))).))((((.((.(.(((.(............................................................))....))).....)))))).....]..]]].((((((................................)))).))......))))))).)..
RF00162_300_1	239	300	307.85	36	2	1	0.947	0.973	0.96	(.(((((((....(.(((.(.....................(((...[[[[.))).........))).))((((.((.(.(((...............................................................)....))).....))))))....(]..]]].((((((................................)))).))....).))))))).)..	(.(((((((....(.(((.(....................((((...[[[[.))))........))).))((((.((.(.(((.(............................................................))....))).....)))))).....]..]]].((((((................................)))).))......))))))).)..
RF00162_300_10	239	300	308.873	36	2	1	0.947	0.973	0.96	(.(((((((....(.(((.(.....................(((...[[[[.))).........))).))((((.((.(.(((...............................................................)....))).....))))))....(]..]]].((((((................................)))).))....).))))))).)..	(.(((((((....(.(((.(....................((((...[[[[.))))........))).))((((.((.(.(((.(............................................................))....))).....)))))).....]..]]].((((((................................)))).))......))))))).)..
RF00162_300_2	239	300	309.925	36	2	1	0.947	0.973	0.96	(.(((((((....(.(((.(.....................(((...[[[[.))).........))).))((((.((.(.(((...............................................................)....))).....))))))....(]..]]].((((((................................)))).))....).))))))).)..	(.(((((((....(.(((.(....................((((...[[[[.))))........))).))((((.((.(.(((.(............................................................))....))).....)))))).....]..]]].((((((................................)))).))......))))))).)..
RF00162_300_3	239	300	310.968	36	4	1	0.9	0.973	0.935	(.(((((((....(.(((.(.....................(((...[[[[.))).........))).))((((.((.(.(((...............................................................)....))).....))))))....(]..]]].((((((................................)))).))....).))))))).)..	(.(((((((....(.(((.(....................((((...[[[[.))))........))).))((((.((.(.(((.((..........................................................)))....))).....)))))).....]..]]].(((((((..............................))))).))......))))))).)..
RF00162_300_4	239	300	312.016	36	2	1	0.947	0.973	0.96	(.(((((((....(.(((.(.....................(((...[[[[.))).........))).))((((.((.(.(((...............................................................)....))).....))))))....(]..]]].((((((................................)))).))....).))))))).)..	(.(((((((....(.(((.(....................((((...[[[[.))))........))).))((((.((.(.(((.(............................................................))....))).....)))))).....]..]]].((((((................................)))).))......))))))).)..
RF00162_300_5	239	300	313.122	36	2	1	0.947	0.973	0.96	(.(((((((....(.(((.(.....................(((...[[[[.))).........))).))((((.((.(.(((...............................................................)....))).....))))))....(]..]]].((((((................................)))).))....).))))))).)..	(.(((((((....(.(((.(....................((((...[[[[.))))........))).))((((.((.(.(((.(............................................................))....))).....)))))).....]..]]].((((((................................)))).))......))))))).)..
RF00162_300_6	239	300	314.216	36	2	1	0.947	0.973	0.96	(.(((((((....(.(((.(.....................(((...[[[[.))).........))).))((((.((.(.(((...............................................................)....))).....))))))....(]..]]].((((((................................)))).))....).))))))).)..	(.(((((((....(.(((.(....................((((...[[[[.))))........))).))((((.((.(.(((.(............................................................))....))).....)))))).....]..]]].((((((................................)))).))......))))))).)..
RF00162_300_7	239	300	315.271	36	2	1	0.947	0.973	0.96	(.(((((((....(.(((.(.....................(((...[[[[.))).........))).))((((.((.(.(((...............................................................)....))).....))))))....(]..]]].((((((................................)))).))....).))))))).)..	(.(((((((....(.(((.(....................((((...[[[[.))))........))).))((((.((.(.(((.(............................................................))....))).....)))))).....]..]]].((((((................................)))).))......))))))).)..
RF00162_300_8	239	300	316.35	36	2	1	0.947	0.973	0.96	(.(((((((....(.(((.(.....................(((...[[[[.))).........))).))((((.((.(.(((...............................................................)....))).....))))))....(]..]]].((((((................................)))).))....).))))))).)..	(.(((((((....(.(((.(....................((((...[[[[.))))........))).))((((.((.(.(((.(............................................................))....))).....)))))).....]..]]].((((((................................)))).))......))))))).)..
RF00162_300_9	239	300	317.436	36	2	1	0.947	0.973	0.96	(.(((((((....(.(((.(.....................(((...[[[[.))).........))).))((((.((.(.(((...............................................................)....))).....))))))....(]..]]].((((((................................)))).))....).))))))).)..	(.(((((((....(.(((.(....................((((...[[[[.))))........))).))((((.((.(.(((.(............................................................))....))).....)))))).....]..]]].((((((................................)))).))......))))))).)..
RF01854_2_1	315	2	318.45	28	66	70	0.298	0.286	0.292	(((((((((((.((((((((...)))))))).....((((((..........)))))).)))).......(((.((((..((((((...(((((.(((((....((...((((((..((.(((..........(((((((((...((((((...((.(((((..((((.(((...(((((....(((....)))....))))).)))))))..))))).))......)))))).....)).))))))).......)))..))..))))))...))...)))))..)))))...)))))).)))).))))))))))	((((((......(((((..<<<[[[.........(.((.(....]]][[[[.[[))))..........)))))..]]].]]](((((...[[[[[[.......(((((.((((((.....(.{...{{{.{..)((((((((...((((((...((((((((.....(.(((...))))((...<<<.)).(([[[[{{........>>>.))))))).).))....))))))..)).]].)))))).........>>.>.}}...]]]]..]]]].))))))..)))))..)))))}}}}}.......))))))
RF01854_2_10	315	2	319.47	44	51	54	0.463	0.449	0.456	(((((((((((.((((((((...)))))))).....((((((..........)))))).)))).......(((.((((..((((((...(((((.(((((....((...((((((..((.(((..........(((((((((...((((((...((.(((((..((((.(((...(((((....(((....)))....))))).)))))))..))))).))......)))))).....)).))))))).......)))..))..))))))...))...)))))..)))))...)))))).)))).))))))))))	(((.......{.(((.....[[[[[..)))......(((((...]]]]]....)))))..........{{{{{.[(((.].((((((.((.(((.((((({..[<[.(.(((((...<(.(((...[[[.[..[((((((((...((((((...AA((((((..(..].((...}..>....[[[.....}}}}}..>[[[[[..))]]]]])))))).).......))))))..)))]].]))))).............))).))))))..)]]]]})))))..)))))..))))))...)))....aa]])))
RF01854_2_2	315	2	320.072	21	14	77	0.6	0.214	0.316	(((((((((((.((((((((...)))))))).....((((((..........)))))).)))).......(((.((((..((((((...(((((.(((((....((...((((((..((.(((..........(((((((((...((((((...((.(((((..((((.(((...(((((....(((....)))....))))).)))))))..))))).))......)))))).....)).))))))).......)))..))..))))))...))...)))))..)))))...)))))).)))).))))))))))	.....................................................................................................................................(((((((((...((((((...(((((((...(.....(.....([[[[)((((((]].........]].....)))))))))))).).))....)))))).....)).)))))))...................................................................
RF01854_2_3	315	2	321.02	38	47	60	0.447	0.388	0.415	(((((((((((.((((((((...)))))))).....((((((..........)))))).)))).......(((.((((..((((((...(((((.(((((....((...((((((..((.(((..........(((((((((...((((((...((.(((((..((((.(((...(((((....(((....)))....))))).)))))))..))))).))......)))))).....)).))))))).......)))..))..))))))...))...)))))..)))))...)))))).)))).))))))))))	.....[[([[[.[[[[{{(((((((.{{........[[[[[...)))))))..]]]]]...[[.....{{{{.....)...[[[..(..((((.((((((.....]..]].(((((<<<<<<<...........((((((((....(((((...]]((((..........(...]]]]]]]]].(((}}}}))).}}{{......)..>>>>>>>))).)[[....<))))).....[)).)))))).........}}..}}.)))))...]]]....))))).>))))))........................
RF01854_2_4	315	2	322.02	30	63	68	0.323	0.306	0.314	(((((((((((.((((((((...)))))))).....((((((..........)))))).)))).......(((.((((..((((((...(((((.(((((....((...((((((..((.(((..........(((((((((...((((((...((.(((((..((((.(((...(((((....(((....)))....))))).)))))))..))))).))......)))))).....)).))))))).......)))..))..))))))...))...)))))..)))))...)))))).)))).))))))))))	((((((...((.(((...........{.........)))))...(((((((.(((.((.(((........[[[.[[[....[[[[[[.[[[..[.[[[[)).)))))..]]]]]......(((...(((.(...((((((((.......[{...{.((((((....((...].[[[..(((.<<[[[.)))]]].[[[}}..{{{{{))..>>))))).)(]]...])....]..]].)).)))))).].....]]]].]]]].}}}}}....))))))))))..)))))..}........]]].]]].))))))
RF01854_2_5	315	2	323.02	22	72	76	0.234	0.224	0.229	(((((((((((.((((((((...)))))))).....((((((..........)))))).)))).......(((.((((..((((((...(((((.(((((....((...((((((..((.(((..........(((((((((...((((((...((.(((((..((((.(((...(((((....(((....)))....))))).)))))))..))))).))......)))))).....)).))))))).......)))..))..))))))...))...)))))..)))))...)))))).)))).))))))))))	((((((((((((........[[[..(((...))).......(((((]]]....(((((.(((........[[[.[[[....[[[[[[...((.(.((((....[[[[[.)))))))..............{{..[[[..))).[[)))))((((((((((((.(.(((.((......]]..[[[}}([[[.)..{{{{{{{....)))))...)))))).))....)))))))..)))]].]}}}}}...]]].]]]........}}.........)))))))..]]]]]..]]]]]]...]]].]]]..)))))
RF01854_2_6	315	2	324.012	53	49	45	0.52	0.541	0.53	(((((((((((.((((((((...)))))))).....((((((..........)))))).)))).......(((.((((..((((((...(((((.(((((....((...((((((..((.(((..........(((((((((...((((((...((.(((((..((((.(((...(((((....(((....)))....))))).)))))))..))))).))......)))))).....)).))))))).......)))..))..))))))...))...)))))..)))))...)))))).)))).))))))))))	(((((((.....((((({{[[[[[[.(((((((....{{{{...]]]]]]...))))).))........)){{.[)))..).(((((..((((.(((((([.[[[[.(((((((((.(((......[[[.....(((...((...((((((...((((((((...(((.(((]]])(((.]]]]](<<<}}.).[}}}})))...))))).}}))))).).))....)))))).....)).>>>)))..........].)))).))))))).).....)))))..))))))..))))......].....))))))
RF01854_2_7	315	2	325.004	40	56	58	0.417	0.408	0.412	(((((((((((.((((((((...)))))))).....((((((..........)))))).)))).......(((.((((..((((((...(((((.(((((....((...((((((..((.(((..........(((((((((...((((((...((.(((((..((((.(((...(((((....(((....)))....))))).)))))))..))))).))......)))))).....)).))))))).......)))..))..))))))...))...)))))..)))))...)))))).)))).))))))))))	((((((....<{((((((.[[[[..[[[..}.....)..]]]..[[[[[.......[[.[[[......)))))((((....((((((.((.(((.((((]].]]]{{(.((((((([((..][...[[[...((((((([[....{{........(((((((..>]]......((((.<<<))))......}}..}}]]]]...]]]]]...[))))).).)A...AA........].....)))))))......]]].]))).))))))..)......))))..)))))..))))))>>>)))).aaa))))))
RF01854_2_8	315	2	325.916	38	59	60	0.392	0.388	0.39	(((((((((((.((((((((...)))))))).....((((((..........)))))).)))).......(((.((((..((((((...(((((.(((((....((...((((((..((.(((..........(((((((((...((((((...((.(((((..((((.(((...(((((....(((....)))....))))).)))))))..))))).))......)))))).....)).))))))).......)))..))..))))))...))...)))))..)))))...)))))).)))).))))))))))	({{{{{{.....(((((...[[[[[)))))......((((....]]]]].....)))).[[[[[...[[.(((((((....((((((.((.........((.(([[[<.<<<}}}}}}............((((((((((((...((((((...((((((((.....(.(((AAA))))[[((((((.]].....]]]{{]]]]]]]))))))))))).).))....))))))..)...).))))))))......}}...))).)))>>>..>....aaa........))..))))))...)))))))......)
RF01854_2_9	315	2	326.508	18	19	80	0.486	0.184	0.267	(((((((((((.((((((((...)))))))).....((((((..........)))))).)))).......(((.((((..((((((...(((((.(((((....((...((((((..((.(((..........(((((((((...((((((...((.(((((..((((.(((...(((((....(((....)))....))))).)))))))..))))).))......)))))).....)).))))))).......)))..))..))))))...))...)))))..)))))...)))))).)))).))))))))))	......................................................................................................................................((((((((...{{((((...((((((((..[[[[.{[[(..]]((((((...))))))...[..........}}}.)..))))).).))...]))))]]..]].)).))))))....................................................................
RF01854_5_1	315	5	327.463	30	48	68	0.385	0.306	0.341	(((((((((((.((((((((...)))))))).....((((((..........)))))).)))).......(((.((((..((((((...(((((.(((((....((...((((((..((.(((..........(((((((((...((((((...((.(((((..((((.(((...(((((....(((....)))....))))).)))))))..))))).))......)))))).....)).))))))).......)))..))..))))))...))...)))))..)))))...)))))).)))).))))))))))	((((((...[[..{{..(({((((((......AA..[[[[[)..)))))....]]]]]...<........))(.(((....{{{{((.((.........>[.[[[[....................<<<.<<..((((((.(...(((((....((....((...(((.((.}}}}....]]]]]((....))[[[[[[......)))))}..))}}....)).....)))))..)..........))).....)))....]].]]]].....aa..]].........))..))..>>>>>))).)...))))))
RF01854_5_10	315	5	328.376	28	27	70	0.509	0.286	0.366	(((((((((((.((((((((...)))))))).....((((((..........)))))).)))).......(((.((((..((((((...(((((.(((((....((...((((((..((.(((..........(((((((((...((((((...((.(((((..((((.(((...(((((....(((....)))....))))).)))))))..))))).))......)))))).....)).))))))).......)))..))..))))))...))...)))))..)))))...)))))).)))).))))))))))	(((((([[[...(((((...(((((...................)))))...................)))))............((.((...........................................(((((((((...((((((...((((((((.......((.......((((..{[[))))..}...........))]]....))))).).))....))))))..)...).))))))..............................).]]]......))..))...............))))))
RF01854_5_2	315	5	329.362	52	41	46	0.559	0.531	0.545	(((((((((((.((((((((...)))))))).....((((((..........)))))).)))).......(((.((((..((((((...(((((.(((((....((...((((((..((.(((..........(((((((((...((((((...((.(((((..((((.(((...(((((....(((....)))....))))).)))))))..))))).))......)))))).....)).))))))).......)))..))..))))))...))...)))))..)))))...)))))).)))).))))))))))	((((((....[.[....[[[(((((((..........[[[))..))))).....]]][.[[[........(((.(((......((((.(({(((.((((((.....)(.((((((............{..<<..(((((]]]...](((((....(((((((...(((.((((}{{[[[)))}}(((....)))...{.]]]....))))]]]))))).).)[...[)))))(......).....]])).....))).....}.))))))..).}.]])))))..)))))..))))>>...))).))).))))))
RF01854_5_3	315	5	330.296	22	27	76	0.449	0.224	0.299	(((((((((((.((((((((...)))))))).....((((((..........)))))).)))).......(((.((((..((((((...(((((.(((((....((...((((((..((.(((..........(((((((((...((((((...((.(((((..((((.(((...(((((....(((....)))....))))).)))))))..))))).))......)))))).....)).))))))).......)))..))..))))))...))...)))))..)))))...)))))).)))).))))))))))	...................[[[[[[.(((((((....{{{{...]]]]]]...))))).))................................................((.......................(((([[[[...((((((...((((((((....((.((((]]]][[))).............}}}}]].....)))....))))).).))....))))))..........)))).....................)).............................................
RF01854_5_4	315	5	331.353	39	55	59	0.415	0.398	0.406	(((((((((((.((((((((...)))))))).....((((((..........)))))).)))).......(((.((((..((((((...(((((.(((((....((...((((((..((.(((..........(((((((((...((((((...((.(((((..((((.(((...(((((....(((....)))....))))).)))))))..))))).))......)))))).....)).))))))).......)))..))..))))))...))...)))))..)))))...)))))).)))).))))))))))	(((((((((((.(.......[[[[[.{{((......(((((...]]]]]....))))).}}{........[[[.[[[....{{{{[[.[[[[.(.((...(...A.)[.[[))).............<<.<<.<[[[[((((...((((((...((((((((...(((.((.}}}}..>..a[[[((}...)){{{{{{......)))))...))))).).))....))))))..)))....)))]]]].....]]]....}}.}}}}]]..]]]])))))).......]..]]..>>>>.]]].]]].))))))
RF01854_5_5	315	5	332.295	53	33	45	0.616	0.541	0.576	(((((((((((.((((((((...)))))))).....((((((..........)))))).)))).......(((.((((..((((((...(((((.(((((....((...((((((..((.(((..........(((((((((...((((((...((.(((((..((((.(((...(((((....(((....)))....))))).)))))))..))))).))......)))))).....)).))))))).......)))..))..))))))...))...)))))..)))))...)))))).)))).))))))))))	((((((....(.((..(((.[[[[[...))).....(((((...]]]]]....)))))..))).......(((.(((....((((((.((.(...((([[[.[[[[.(.(((((((.((...............((((([[(...((((((...((((((((...]]...(..((((....))))((....))............)]]]]]]]))))).).))....))))))..)......))))).............))).))))))..).......)))....)))..))))))...))).))).))))))
RF01854_5_6	315	5	333.252	56	34	42	0.622	0.571	0.596	(((((((((((.((((((((...)))))))).....((((((..........)))))).)))).......(((.((((..((((((...(((((.(((((....((...((((((..((.(((..........(((((((((...((((((...((.(((((..((((.(((...(((((....(((....)))....))))).)))))))..))))).))......)))))).....)).))))))).......)))..))..))))))...))...)))))..)))))...)))))).)))).))))))))))	((((((.............((((((((([[[[[......)))..))))))...]]]]]............(((.((..........(..(((((.(((((..{{{....((((((..((...[...[[[.[[..((((((((...((((((...((((((((....((.((.....((([[}}}(((.]].)))[[[..)))...))))....))))).).))....))))))..))....))))))........]]]..))..))))))........)))))..)))))..)...]]]]]])).))).))))))
RF01854_5_7	315	5	334.241	56	37	42	0.602	0.571	0.586	(((((((((((.((((((((...)))))))).....((((((..........)))))).)))).......(((.((((..((((((...(((((.(((((....((...((((((..((.(((..........(((((((((...((((((...((.(((((..((((.(((...(((((....(((....)))....))))).)))))))..))))).))......)))))).....)).))))))).......)))..))..))))))...))...)))))..)))))...)))))).)))).))))))))))	((((((....(.[[((...(((((((..]]......[[[[[)..))))))...]]]]].[[[........[[[.))...).((((((.(.((((.((((([.[[[[<(.(((((((.((...{...{{{.....((((((((...((((((...((((((((...(((.((.....(...]]]]].....]]]..>.}}}})...)))))...))))).).))....))))))..))]]].)))))).............))).))))))..).....)))))..)))))..))))))...........))))))
RF01854_5_8	315	5	335.316	35	52	63	0.402	0.357	0.378	(((((((((((.((((((((...)))))))).....((((((..........)))))).)))).......(((.((((..((((((...(((((.(((((....((...((((((..((.(((..........(((((((((...((((((...((.(((((..((((.(((...(((((....(((....)))....))))).)))))))..))))).))......)))))).....)).))))))).......)))..))..))))))...))...)))))..)))))...)))))).)))).))))))))))	(((((([[[[[.[..((((((((((.[[......[.[[.<<...)))))......]]].)))......))(((.(((..[[[[[[((....(((.............(.((((((..[[.[[<...<............(((...((((((...((((((......(..((...]]]]{{{...({{{{....)...AA>>....)).)]]]]]]))).).))....))))))..)))>>.}}}}]]..............aa.))))))..)...]]]]]]...)))....))....}}}))).))).))))))
RF01854_5_9	315	5	336.168	7	2	91	0.778	0.071	0.131	(((((((((((.((((((((...)))))))).....((((((..........)))))).)))).......(((.((((..((((((...(((((.(((((....((...((((((..((.(((..........(((((((((...((((((...((.(((((..((((.(((...(((((....(((....)))....))))).)))))))..))))).))......)))))).....)).))))))).......)))..))..))))))...))...)))))..)))))...)))))).)))).))))))))))	..............................................................................................................................................................................[[((((....(((]]..)))....)))).................................................................................................................
RF01854_10_1	315	10	337.131	61	20	37	0.753	0.622	0.682	(((((((((((.((((((((...)))))))).....((((((..........)))))).)))).......(((.((((..((((((...(((((.(((((....((...((((((..((.(((..........(((((((((...((((((...((.(((((..((((.(((...(((((....(((....)))....))))).)))))))..))))).))......)))))).....)).))))))).......)))..))..))))))...))...)))))..)))))...)))))).)))).))))))))))	((((((......(((.....[[[[[..)))......(((((...]]]]]....)))))............(((.............(..(((((.(((((....{..(.((((((...(..............(((((((((...((((((....(((((((....((.((...[[((((((]][[[))).]]].[[}.)))...))))....))))).).)]...])))))).....)).)))))))............)...))))))..).....)))))..)))))..)............))).))))))
RF01854_10_10	315	10	338.18	63	22	35	0.741	0.643	0.689	(((((((((((.((((((((...)))))))).....((((((..........)))))).)))).......(((.((((..((((((...(((((.(((((....((...((((((..((.(((..........(((((((((...((((((...((.(((((..((((.(((...(((((....(((....)))....))))).)))))))..))))).))......)))))).....)).))))))).......)))..))..))))))...))...)))))..)))))...)))))).)))).))))))))))	((((((..............(((((...........[[[[[...)))))....]]]]]............(((.(......{{((((..(((((.(((((.......(.(((((((.((...{...[[[.[...((((...(...((((((...((((((((...(((.((..}}}((((.[[[(((....)))....))))...)))))...))))).).))....))))))..)...].]])))).............))).))))))..)]]]].)))))..)))))..)))).......).))).))))))
RF01854_10_2	315	10	339.155	58	18	40	0.763	0.592	0.667	(((((((((((.((((((((...)))))))).....((((((..........)))))).)))).......(((.((((..((((((...(((((.(((((....((...((((((..((.(((..........(((((((((...((((((...((.(((((..((((.(((...(((((....(((....)))....))))).)))))))..))))).))......)))))).....)).))))))).......)))..))..))))))...))...)))))..)))))...)))))).)))).))))))))))	((((((.............[[[[[[.(((........((((...]]]]]]...))))).))....................(((.....(((...(((((...[[[.(.(((((((..................((((((((...((((((...((((((((...(((.(((...)((((]]].(((....)))....))))...)))))...))))).).))....)))))).....)).))))))...............).))))))..).....)))))....))).....)))...........))))))
RF01854_10_3	315	10	340.14	52	33	46	0.612	0.531	0.568	(((((((((((.((((((((...)))))))).....((((((..........)))))).)))).......(((.((((..((((((...(((((.(((((....((...((((((..((.(((..........(((((((((...((((((...((.(((((..((((.(((...(((((....(((....)))....))))).)))))))..))))).))......)))))).....)).))))))).......)))..))..))))))...))...)))))..)))))...)))))).)))).))))))))))	((([[[[..[[.[[[[...[[[[[[...(((.....(((((...]]]]]]...)))))......................))).(.(..((((.(((((({.{{{{.(.((((((..(((.......[[.....((((((((...((((((...((((((((...(((.((.]]]]]]]]}}}}}((....)).]]]].......)))))...))))).).))....)))))).....)).))))))............)))..))))))..).....)))))..))))))...).................)))
RF01854_10_4	315	10	341.035	52	13	46	0.8	0.531	0.638	(((((((((((.((((((((...)))))))).....((((((..........)))))).)))).......(((.((((..((((((...(((((.(((((....((...((((((..((.(((..........(((((((((...((((((...((.(((((..((((.(((...(((((....(((....)))....))))).)))))))..))))).))......)))))).....)).))))))).......)))..))..))))))...))...)))))..)))))...)))))).)))).))))))))))	((((((..............(((((...........[[[[....))))).....]]]]...............................((((..(((((..........((((....................((((((((...((((((....(((((((...(((.((.....((((((..[[[))).]]].[[..)))...)))))...))))).).)]...]))))))..)...).))))))..................)))).........)))))...))))...................))))))
RF01854_10_5	315	10	342.059	51	28	47	0.646	0.52	0.576	(((((((((((.((((((((...)))))))).....((((((..........)))))).)))).......(((.((((..((((((...(((((.(((((....((...((((((..((.(((..........(((((((((...((((((...((.(((((..((((.(((...(((((....(((....)))....))))).)))))))..))))).))......)))))).....)).))))))).......)))..))..))))))...))...)))))..)))))...)))))).)))).))))))))))	((((((..............(((((...........[[[[....))))).....]]]]............(((.(((......((((.((.(((..((((...[[[[(.(((((................{{..((((((((...((((((...((((((((....((.(((...))))((((.[[))))..]].]]]].........)....))))).).))....))))))..))....))))))..................)))))..).....))))...)))))..))))}}...))).))).))))))
RF01854_10_6	315	10	343.047	72	23	26	0.758	0.735	0.746	(((((((((((.((((((((...)))))))).....((((((..........)))))).)))).......(((.((((..((((((...(((((.(((((....((...((((((..((.(((..........(((((((((...((((((...((.(((((..((((.(((...(((((....(((....)))....))))).)))))))..))))).))......)))))).....)).))))))).......)))..))..))))))...))...)))))..)))))...)))))).)))).))))))))))	((((((...((.(((.....[[[[[...)))))...(((((...]]]]]....)))))............(((.(((....((((((..(((((.(((((...[[[[(.(((((((.((..............(((((((((...((((((...((((((((...(((.(([[.((({{]])))(((....))).]]]]}}....)))))...))))).).))....))))))..)...).)))))))............))).))))))..).....)))))..)))))..))))))...))).))).))))))
RF01854_10_7	315	10	344.031	64	16	34	0.8	0.653	0.719	(((((((((((.((((((((...)))))))).....((((((..........)))))).)))).......(((.((((..((((((...(((((.(((((....((...((((((..((.(((..........(((((((((...((((((...((.(((((..((((.(((...(((((....(((....)))....))))).)))))))..))))).))......)))))).....)).))))))).......)))..))..))))))...))...)))))..)))))...)))))).)))).))))))))))	((((((..............(((((...........[[[[[...)))))....]]]]]............(((.(((....((((((.(...((.(((((.......(.((((((...(...............((((((((...((((((....(((((((....((.((.....((((((..[[[))).]]].[[..)))...))))....))))).).)]...]))))))..)...).)))))).............)...))))))..).....)))))..))..)..))))))...))).))).))))))
RF01854_10_8	315	10	344.952	62	14	36	0.816	0.633	0.713	(((((((((((.((((((((...)))))))).....((((((..........)))))).)))).......(((.((((..((((((...(((((.(((((....((...((((((..((.(((..........(((((((((...((((((...((.(((((..((((.(((...(((((....(((....)))....))))).)))))))..))))).))......)))))).....)).))))))).......)))..))..))))))...))...)))))..)))))...)))))).)))).))))))))))	((((((.............((((((...................))))))....................(((.((.....((((((..(((((.(((((.........((((((..................(((((((((...((((((....(((((((...(((.((.....((([[...(((....))).[[..)))...)))))...))))).).)]...]))))))..)...).)))))))].....].........))))))........)))))..)))))..))))))....)).))).))))))
RF01854_10_9	315	10	345.883	58	14	40	0.806	0.592	0.682	(((((((((((.((((((((...)))))))).....((((((..........)))))).)))).......(((.((((..((((((...(((((.(((((....((...((((((..((.(((..........(((((((((...((((((...((.(((((..((((.(((...(((((....(((....)))....))))).)))))))..))))).))......)))))).....)).))))))).......)))..))..))))))...))...)))))..)))))...)))))).)))).))))))))))	((((((.............((((((...........[[[[[...))))))...]]]]]............(((.((.....(((..(..(((((.(((((..................................((((((((...((((((....(((((((...(((.(([[...(((]]...(((....))).[[..)))...)))))...))))).).)]...]))))))..)...).))))))...............................)))))..)))))..)..)))....)).))).))))))
RF01854_20_1	315	20	346.916	75	22	23	0.773	0.765	0.769	(((((((((((.((((((((...)))))))).....((((((..........)))))).)))).......(((.((((..((((((...(((((.(((((....((...((((((..((.(((..........(((((((((...((((((...((.(((((..((((.(((...(((((....(((....)))....))))).)))))))..))))).))......)))))).....)).))))))).......)))..))..))))))...))...)))))..)))))...)))))).)))).))))))))))	((((((...((.((((...[[[[[[..))))))...(((((...]]]]]]...)))))............(((.(((....((((((..(((((.(((((..[[[[.(.((((((..((.[[[...........((((((((...((((((....(((((((...(((.((..]]]((((]]]](((....)))[[[.))))...)))))...))))).).)]...])))))).....)).))))))..........]..))..))))))..).....)))))..)))))..))))))...))).))).))))))
RF01854_20_10	315	20	347.943	61	18	37	0.772	0.622	0.689	(((((((((((.((((((((...)))))))).....((((((..........)))))).)))).......(((.((((..((((((...(((((.(((((....((...((((((..((.(((..........(((((((((...((((((...((.(((((..((((.(((...(((((....(((....)))....))))).)))))))..))))).))......)))))).....)).))))))).......)))..))..))))))...))...)))))..)))))...)))))).)))).))))))))))	((((((......(((....[[[[[[...))).....(((((...]]]]]]...)))))............................(..(((((.(((((...[[..(.((((((..((...............((((((((...((((((....(((((((....((.((...[[(((((.]][[[.)).]]].{{]])))...))))....))))).).)}...})))))).....)).)))))).............))..))))))..).....)))))..)))))..)................))))))
RF01854_20_2	315	20	349.002	68	24	30	0.739	0.694	0.716	(((((((((((.((((((((...)))))))).....((((((..........)))))).)))).......(((.((((..((((((...(((((.(((((....((...((((((..((.(((..........(((((((((...((((((...((.(((((..((((.(((...(((((....(((....)))....))))).)))))))..))))).))......)))))).....)).))))))).......)))..))..))))))...))...)))))..)))))...)))))).)))).))))))))))	((((((......(((.....[[[[[...))).....(((((...]]]]]....)))))............(((.(((......((((.(.((((.(((((...[[[[(.(((((((.((...........{{..((((((((...((((((...((((((((...(((.(([[((({{{]].)))((....))..]]]]}}}...)))))...))))).).))....))))))..)...).)))))).............))).))))))..).....)))))..)))))..))))}}...))).))).))))))
RF01854_20_3	315	20	349.989	67	21	31	0.761	0.684	0.72	(((((((((((.((((((((...)))))))).....((((((..........)))))).)))).......(((.((((..((((((...(((((.(((((....((...((((((..((.(((..........(((((((((...((((((...((.(((((..((((.(((...(((((....(((....)))....))))).)))))))..))))).))......)))))).....)).))))))).......)))..))..))))))...))...)))))..)))))...)))))).)))).))))))))))	((((((..............(((((...........[[[[[...)))))....]]]]]............(((.(((....((((((...((((.(((((...[[[[(.(((((((.((...............((((((((...((((((...((((((((....((.((...[[((((((]][[[))).]]].]]]])))...))))....))))).).))....))))))..)...).)))))).............))).))))))..).....)))))..))))...))))))...))).))).))))))
RF01854_20_4	315	20	350.984	66	16	32	0.805	0.673	0.733	(((((((((((.((((((((...)))))))).....((((((..........)))))).)))).......(((.((((..((((((...(((((.(((((....((...((((((..((.(((..........(((((((((...((((((...((.(((((..((((.(((...(((((....(((....)))....))))).)))))))..))))).))......)))))).....)).))))))).......)))..))..))))))...))...)))))..)))))...)))))).)))).))))))))))	((((((..............(((((...........[[[[[...)))))....]]]]]............(((........((((((..(((((.(((((...[[[.(.((((((..((...............((((((((...((((((....(((((((....((.(((...)((((]]].(((....))).[[.))))...))))....))))).).)]...]))))))..)...).)))))).............))..))))))..).....)))))..)))))..)))))).......))).))))))
RF01854_20_5	315	20	352.029	71	21	27	0.772	0.724	0.747	(((((((((((.((((((((...)))))))).....((((((..........)))))).)))).......(((.((((..((((((...(((((.(((((....((...((((((..((.(((..........(((((((((...((((((...((.(((((..((((.(((...(((((....(((....)))....))))).)))))))..))))).))......)))))).....)).))))))).......)))..))..))))))...))...)))))..)))))...)))))).)))).))))))))))	((((((......((......[[[[[....)).....(((((...]]]]]....)))))............(((.(((....((((((.(.((((.(((((..[[[[{(.(((((((.((.......[[[.....((((((((...((((((...((((((((...(((.((.]]].((((]]]](((....))).}..))))...)))))...))))).).))....))))))..)...).)))))).............))).))))))..).....)))))..)))))..))))))...))).))).))))))
RF01854_20_6	315	20	352.976	60	13	38	0.822	0.612	0.702	(((((((((((.((((((((...)))))))).....((((((..........)))))).)))).......(((.((((..((((((...(((((.(((((....((...((((((..((.(((..........(((((((((...((((((...((.(((((..((((.(((...(((((....(((....)))....))))).)))))))..))))).))......)))))).....)).))))))).......)))..))..))))))...))...)))))..)))))...)))))).)))).))))))))))	((((((..............(((((...........[[[[[...)))))....]]]]]............(((...........((.....((..(((((.........(((((...((...............((((((((...((((((....(((((((...(((.((...(([[[[[.))(((.]].))).{{..]]]...)))))...))))).).)}...})))))).....)).)))))).............))...)))))........)))))...)).....))..........))).))))))
RF01854_20_7	315	20	353.958	69	14	29	0.831	0.704	0.762	(((((((((((.((((((((...)))))))).....((((((..........)))))).)))).......(((.((((..((((((...(((((.(((((....((...((((((..((.(((..........(((((((((...((((((...((.(((((..((((.(((...(((((....(((....)))....))))).)))))))..))))).))......)))))).....)).))))))).......)))..))..))))))...))...)))))..)))))...)))))).)))).))))))))))	((((((...((.((((....[[[[[..))))))...(((((...]]]]]....)))))............(((.(((.............((((.(((((.......(.((((((..((..............(((((((((...((((((...((((((((...(((.((...[[((((..]](((....)))....))))...)))))...))))).).))....))))))..)...).)))))))............))..))))))..).....)))))..))))............))).))).))))))
RF01854_20_8	315	20	354.973	58	18	40	0.763	0.592	0.667	(((((((((((.((((((((...)))))))).....((((((..........)))))).)))).......(((.((((..((((((...(((((.(((((....((...((((((..((.(((..........(((((((((...((((((...((.(((((..((((.(((...(((((....(((....)))....))))).)))))))..))))).))......)))))).....)).))))))).......)))..))..))))))...))...)))))..)))))...)))))).)))).))))))))))	((((((..............(((((...........[[[[[...)))))....]]]]].........................((((...((...(((((.......(.((((((..((...........[[..((((((((...((((((....(((((((...(((.((((.[[{{{)).]](((....))).[[..}}}...)))))...))))).).)]...]))))))..)...).)))))).............))..))))))..).....)))))....))...))))]]...........))))))
RF01854_20_9	315	20	356.008	66	20	32	0.767	0.673	0.717	(((((((((((.((((((((...)))))))).....((((((..........)))))).)))).......(((.((((..((((((...(((((.(((((....((...((((((..((.(((..........(((((((((...((((((...((.(((((..((((.(((...(((((....(((....)))....))))).)))))))..))))).))......)))))).....)).))))))).......)))..))..))))))...))...)))))..)))))...)))))).)))).))))))))))	((((((..............[[[[[.(((........((((...]]]]]....))))).)).........((.........((((((..(((((.(((((..[[[[.(.(((((((.((...............((((((((...((((((....(((((((...(((.(((...)((((]]]](((....))).[[.))))...)))))...))))).).)]...])))))).....)).)))))).............))).))))))..).....)))))..)))))..))))))........)).))))))
RF01854_30_1	315	30	357.093	66	19	32	0.776	0.673	0.721	(((((((((((.((((((((...)))))))).....((((((..........)))))).)))).......(((.((((..((((((...(((((.(((((....((...((((((..((.(((..........(((((((((...((((((...((.(((((..((((.(((...(((((....(((....)))....))))).)))))))..))))).))......)))))).....)).))))))).......)))..))..))))))...))...)))))..)))))...)))))).)))).))))))))))	((((((..............(((((...........[[[[[...)))))....]]]]]............(((.(((....((((((....(((.(((((...[[[.(.(((((((.((...............((((((((...((((((...((((((((....((.((...[[(((((.]][[[.)).]]]..]]])))...))))....))))).).))....))))))..)...).)))))).............))).))))))..).....)))))..)))....))))))...))).))).))))))
RF01854_30_10	315	30	358.176	63	15	35	0.808	0.643	0.716	(((((((((((.((((((((...)))))))).....((((((..........)))))).)))).......(((.((((..((((((...(((((.(((((....((...((((((..((.(((..........(((((((((...((((((...((.(((((..((((.(((...(((((....(((....)))....))))).)))))))..))))).))......)))))).....)).))))))).......)))..))..))))))...))...)))))..)))))...)))))).)))).))))))))))	((((((.......((.....[[[[[...))......(((((...]]]]]....)))))..........................(((..(((((.(((((.......(.(((((((.((...............((((((((...((((((....(((((((...(((.((...[[((((..]](((....))).[[.))))...)))))...))))).).)]...]))))))..)...).)))))).............))).))))))..).....)))))..)))))..)))..............))))))
RF01854_30_2	315	30	359.194	72	17	26	0.809	0.735	0.77	(((((((((((.((((((((...)))))))).....((((((..........)))))).)))).......(((.((((..((((((...(((((.(((((....((...((((((..((.(((..........(((((((((...((((((...((.(((((..((((.(((...(((((....(((....)))....))))).)))))))..))))).))......)))))).....)).))))))).......)))..))..))))))...))...)))))..)))))...)))))).)))).))))))))))	((((((...((.((((....[[[[[..))))))...(((((...]]]]]....)))))............(((.(((....((((((..(((((.(((((.......(.((((((..((...............((((((((...((((((...((((((((....((.((...(([[[[[.))(((.]].))).....]]]...))))....))))).).))....))))))..)...).)))))).............))..))))))..).....)))))..)))))..))))))...))).))).))))))
RF01854_30_3	315	30	360.227	68	16	30	0.81	0.694	0.747	(((((((((((.((((((((...)))))))).....((((((..........)))))).)))).......(((.((((..((((((...(((((.(((((....((...((((((..((.(((..........(((((((((...((((((...((.(((((..((((.(((...(((((....(((....)))....))))).)))))))..))))).))......)))))).....)).))))))).......)))..))..))))))...))...)))))..)))))...)))))).)))).))))))))))	((((((..............(((((...........[[[[[...)))))....]]]]]............(((.(((....((((((..((((..(((((.......(.(((((((.((...............((((((((...((((((...((((((((...(((.((...(([[[[[.))(((.]].))).....]]]...)))))...))))).).))....))))))..)...).)))))).............))).))))))..).....)))))...))))..))))))...))).))).))))))
RF01854_30_4	315	30	361.259	66	16	32	0.805	0.673	0.733	(((((((((((.((((((((...)))))))).....((((((..........)))))).)))).......(((.((((..((((((...(((((.(((((....((...((((((..((.(((..........(((((((((...((((((...((.(((((..((((.(((...(((((....(((....)))....))))).)))))))..))))).))......)))))).....)).))))))).......)))..))..))))))...))...)))))..)))))...)))))).)))).))))))))))	((((((..............(((((...........[[[[[...)))))....]]]]]............(((.(((....((((((..((((..(((((.......(.(((((...((...............((((((((...((((((....(((((((....((.((...(([[[[[.))(((.]].))).{{..]]]...))))....))))).).)}...}))))))..)...).)))))).............))...)))))..).....)))))...))))..))))))...))).))).))))))
RF01854_30_5	315	30	362.314	66	18	32	0.786	0.673	0.725	(((((((((((.((((((((...)))))))).....((((((..........)))))).)))).......(((.((((..((((((...(((((.(((((....((...((((((..((.(((..........(((((((((...((((((...((.(((((..((((.(((...(((((....(((....)))....))))).)))))))..))))).))......)))))).....)).))))))).......)))..))..))))))...))...)))))..)))))...)))))).)))).))))))))))	((((((..............(((((...........[[[[[...)))))....]]]]]............(((.(((....((((((.(..(((.(((((.....[.(.((((((..((...............((((((((...((((((...((((((((...(((.((..[[[(((((.]]][[.)).]]...]..)))...)))))...))))).).))....))))))..)...).)))))).............))..))))))..).....)))))..))).)..))))))...))).))).))))))
RF01854_30_6	315	30	363.357	63	12	35	0.84	0.643	0.728	(((((((((((.((((((((...)))))))).....((((((..........)))))).)))).......(((.((((..((((((...(((((.(((((....((...((((((..((.(((..........(((((((((...((((((...((.(((((..((((.(((...(((((....(((....)))....))))).)))))))..))))).))......)))))).....)).))))))).......)))..))..))))))...))...)))))..)))))...)))))).)))).))))))))))	((((((..............(((((...........[[[[[...)))))....]]]]]............(((.(.........((....(((..(((((.......(.((((((..((...............((((((((...((((((...((((((((...(((.((...[[((((..]](((....)))....))))...)))))...))))).).))....))))))..)...).)))))).............))..))))))..).....)))))...)))....))........).))).))))))
RF01854_30_7	315	30	364.377	68	19	30	0.782	0.694	0.735	(((((((((((.((((((((...)))))))).....((((((..........)))))).)))).......(((.((((..((((((...(((((.(((((....((...((((((..((.(((..........(((((((((...((((((...((.(((((..((((.(((...(((((....(((....)))....))))).)))))))..))))).))......)))))).....)).))))))).......)))..))..))))))...))...)))))..)))))...)))))).)))).))))))))))	((((((......(((.....[[[[[..)))......(((((...]]]]]....)))))............(((.(((....((((((.(.((((.(((((.......(.((((((..((...............((((((((...((((((...((((((((...(((.(([[.{{(((]].}}(((....))).....)))...)))))...))))).).))....))))))..)...).)))))).............))..))))))..).....)))))..)))))..))))))...))).))).))))))
RF01854_30_8	315	30	365.45	67	17	31	0.798	0.684	0.736	(((((((((((.((((((((...)))))))).....((((((..........)))))).)))).......(((.((((..((((((...(((((.(((((....((...((((((..((.(((..........(((((((((...((((((...((.(((((..((((.(((...(((((....(((....)))....))))).)))))))..))))).))......)))))).....)).))))))).......)))..))..))))))...))...)))))..)))))...)))))).)))).))))))))))	((((((......(((.....[[[[[...))).....(((((...]]]]]....)))))............([(........((((((..(((((.((((([.[[[[.(.((((((..((...............((((((((...((((((...((((((((...(((.((.....((((]]]]](.....]).....))))...)))))...))))).).))....))))))..)...).)))))).............))..))))))..).....)))))..)))))..)))))).......).).))))))
RF01854_30_9	315	30	366.477	69	16	29	0.812	0.704	0.754	(((((((((((.((((((((...)))))))).....((((((..........)))))).)))).......(((.((((..((((((...(((((.(((((....((...((((((..((.(((..........(((((((((...((((((...((.(((((..((((.(((...(((((....(((....)))....))))).)))))))..))))).))......)))))).....)).))))))).......)))..))..))))))...))...)))))..)))))...)))))).)))).))))))))))	((((((.......(((....[[[[[..)))......(((((...]]]]]....)))))............(((.((.....((((((...((((.(((((.......(.((((((...(...............((((((((...((((((....(((((((...(((.((((.[[{{{)).]](((....))).[[..}}}...)))))...))))).).)]...]))))))..)...).)))))).............)...))))))..).....)))))..))))...))))))....)).))).))))))
RF01854_50_1	315	50	367.641	66	17	32	0.795	0.673	0.729	(((((((((((.((((((((...)))))))).....((((((..........)))))).)))).......(((.((((..((((((...(((((.(((((....((...((((((..((.(((..........(((((((((...((((((...((.(((((..((((.(((...(((((....(((....)))....))))).)))))))..))))).))......)))))).....)).))))))).......)))..))..))))))...))...)))))..)))))...)))))).)))).))))))))))	((((((..............(((((...........[[[[[...)))))....]]]]]............(((.(((....((((((.(..(((.(((((.......(.(((((((.((...............((((((((...((((((...((((((((....((.((...(([[[[[.))(((.]].))).....]]]...))))....))))).).))....))))))..)...).)))))).............))).))))))..).....)))))..))).)..))))))...))).))).))))))
RF01854_50_10	315	50	368.85	69	20	29	0.775	0.704	0.738	(((((((((((.((((((((...)))))))).....((((((..........)))))).)))).......(((.((((..((((((...(((((.(((((....((...((((((..((.(((..........(((((((((...((((((...((.(((((..((((.(((...(((((....(((....)))....))))).)))))))..))))).))......)))))).....)).))))))).......)))..))..))))))...))...)))))..)))))...)))))).)))).))))))))))	((((((...((.(((.....[[[[[...)))))...(((((...]]]]]....)))))............[[(.(((....((((((..(((((.(((((..[[[[.(.(((((((.((...............((((((((...((((((...((((((((...(((.((.....((((]]]](......]])....))))...)))))...))))).).))....))))))..)...).)))))).............))).))))))..).....)))))..)))))..))))))...))).)...))))))
RF01854_50_2	315	50	369.954	56	16	42	0.778	0.571	0.659	(((((((((((.((((((((...)))))))).....((((((..........)))))).)))).......(((.((((..((((((...(((((.(((((....((...((((((..((.(((..........(((((((((...((((((...((.(((((..((((.(((...(((((....(((....)))....))))).)))))))..))))).))......)))))).....)).))))))).......)))..))..))))))...))...)))))..)))))...)))))).)))).))))))))))	((((((..............(((((...........[[[[[...)))))....]]]]]............................(...(((..(((((.......(.((((((..((...............((((((((...((((((....(((((((...(((.((((.[[{{{)).]](((....))).[[..}}}...)))))...))))).).)]...]))))))..)...).)))))).............))..))))))..).....)))))...)))...)................))))))
RF01854_50_3	315	50	371.059	70	14	28	0.833	0.714	0.769	(((((((((((.((((((((...)))))))).....((((((..........)))))).)))).......(((.((((..((((((...(((((.(((((....((...((((((..((.(((..........(((((((((...((((((...((.(((((..((((.(((...(((((....(((....)))....))))).)))))))..))))).))......)))))).....)).))))))).......)))..))..))))))...))...)))))..)))))...)))))).)))).))))))))))	((((((..............(((((...........[[[[[...)))))....]]]]]............(((.(((....((((((..(((((.(((((.......(.(((((((.((...............((((((((...((((((...((((((((...(((.((...[[((((..]](((....)))....))))...)))))...))))).).))....))))))..)...).)))))).............))).))))))..).....)))))..)))))..))))))...))).))).))))))
RF01854_50_4	315	50	372.197	70	15	28	0.824	0.714	0.765	(((((((((((.((((((((...)))))))).....((((((..........)))))).)))).......(((.((((..((((((...(((((.(((((....((...((((((..((.(((..........(((((((((...((((((...((.(((((..((((.(((...(((((....(((....)))....))))).)))))))..))))).))......)))))).....)).))))))).......)))..))..))))))...))...)))))..)))))...)))))).)))).))))))))))	((((((..............(((((...........[[[[[...)))))....]]]]]............(((.(((....((((((..(((((.(((((....{{.(.((((((..((...............((((((((...((((((...((((((((...(((.((...[[((((}}]](((....)))....))))...)))))...))))).).))....))))))..)...).)))))).............))..))))))..).....)))))..)))))..))))))...))).))).))))))
RF01854_50_5	315	50	373.349	70	15	28	0.824	0.714	0.765	(((((((((((.((((((((...)))))))).....((((((..........)))))).)))).......(((.((((..((((((...(((((.(((((....((...((((((..((.(((..........(((((((((...((((((...((.(((((..((((.(((...(((((....(((....)))....))))).)))))))..))))).))......)))))).....)).))))))).......)))..))..))))))...))...)))))..)))))...)))))).)))).))))))))))	((((((..............(((((...........[[[[[...)))))....]]]]]............(((.(((....((((((..(((((.(((((.......(.(((((((.((...[...........((((((((...((((((...((((((((...(((.((..][[((((..]](((....)))....))))...)))))...))))).).))....))))))..)...).)))))).............))).))))))..).....)))))..)))))..))))))...))).))).))))))
RF01854_50_6	315	50	374.474	69	16	29	0.812	0.704	0.754	(((((((((((.((((((((...)))))))).....((((((..........)))))).)))).......(((.((((..((((((...(((((.(((((....((...((((((..((.(((..........(((((((((...((((((...((.(((((..((((.(((...(((((....(((....)))....))))).)))))))..))))).))......)))))).....)).))))))).......)))..))..))))))...))...)))))..)))))...)))))).)))).))))))))))	((((((..............(((((...........[[[[[...)))))....]]]]]............(((.(((....((((((..(((((.(((((.......(.((((((..((...............((((((((...((((((....(((((((...(((.((((.[[{{{)).]](((....))).[[..}}}...)))))...))))).).)]...]))))))..)...).)))))).............))..))))))..).....)))))..)))))..))))))...))).))).))))))
RF01854_50_7	315	50	375.67	68	17	30	0.8	0.694	0.743	(((((((((((.((((((((...)))))))).....((((((..........)))))).)))).......(((.((((..((((((...(((((.(((((....((...((((((..((.(((..........(((((((((...((((((...((.(((((..((((.(((...(((((....(((....)))....))))).)))))))..))))).))......)))))).....)).))))))).......)))..))..))))))...))...)))))..)))))...)))))).)))).))))))))))	((((((..............(((((...........[[[[[...)))))....]]]]]............([(.(((....((((((..(((((.(((((..[[[[.(.(((((((.((...............((((((((...((((((...((((((((...(((.((.....((((]]]]((.....]))....))))...)))))...))))).).))....))))))..)...).)))))).............))).))))))..).....)))))..)))))..))))))...))).).).))))))
RF01854_50_8	315	50	376.83	68	20	30	0.773	0.694	0.731	(((((((((((.((((((((...)))))))).....((((((..........)))))).)))).......(((.((((..((((((...(((((.(((((....((...((((((..((.(((..........(((((((((...((((((...((.(((((..((((.(((...(((((....(((....)))....))))).)))))))..))))).))......)))))).....)).))))))).......)))..))..))))))...))...)))))..)))))...)))))).)))).))))))))))	((((((..............(((((...........[[[[[...)))))....]]]]]............(((.(((....((((((..(((((.(((((...[[[[(.(((((((.((...............((((((((...((((((...((((((((....((.((((.[[{{{)).]](((....))).]]]]}}}...))))....))))).).))....))))))..)...).)))))).............))).))))))..).....)))))..)))))..))))))...))).))).))))))
RF01854_50_9	315	50	377.992	70	17	28	0.805	0.714	0.757	(((((((((((.((((((((...)))))))).....((((((..........)))))).)))).......(((.((((..((((((...(((((.(((((....((...((((((..((.(((..........(((((((((...((((((...((.(((((..((((.(((...(((((....(((....)))....))))).)))))))..))))).))......)))))).....)).))))))).......)))..))..))))))...))...)))))..)))))...)))))).)))).))))))))))	((((((..............(((((...........[[[[[...)))))....]]]]]............(((.(((....((((((..(((((.(((((....[[[(.(((((((.((...............((((((((...((((((...((((((((...(((.((...[[((((..]](((....))).]]]))))...)))))...))))).).))....))))))..)...).)))))).............))).))))))..).....)))))..)))))..))))))...))).))).))))))
RF01854_75_1	315	75	379.323	70	14	28	0.833	0.714	0.769	(((((((((((.((((((((...)))))))).....((((((..........)))))).)))).......(((.((((..((((((...(((((.(((((....((...((((((..((.(((..........(((((((((...((((((...((.(((((..((((.(((...(((((....(((....)))....))))).)))))))..))))).))......)))))).....)).))))))).......)))..))..))))))...))...)))))..)))))...)))))).)))).))))))))))	((((((..............(((((...........[[[[[...)))))....]]]]]............(((.(((....((((((..(((((.(((((.......(.(((((((.((...............((((((((...((((((...((((((((...(((.((...[[((((..]](((....)))....))))...)))))...))))).).))....))))))..)...).)))))).............))).))))))..).....)))))..)))))..))))))...))).))).))))))
RF01854_75_10	315	75	380.543	70	14	28	0.833	0.714	0.769	(((((((((((.((((((((...)))))))).....((((((..........)))))).)))).......(((.((((..((((((...(((((.(((((....((...((((((..((.(((..........(((((((((...((((((...((.(((((..((((.(((...(((((....(((....)))....))))).)))))))..))))).))......)))))).....)).))))))).......)))..))..))))))...))...)))))..)))))...)))))).)))).))))))))))	((((((..............(((((...........[[[[[...)))))....]]]]]............(((.(((....((((((..(((((.(((((.......(.((((((..((...............((((((((...((((((....(((((((...(((.((...[[((((..]](((....))).[[.))))...)))))...))))).).)]...]))))))..)...).)))))).............))..))))))..).....)))))..)))))..))))))...))).))).))))))
RF01854_75_2	315	75	381.776	70	16	28	0.814	0.714	0.761	(((((((((((.((((((((...)))))))).....((((((..........)))))).)))).......(((.((((..((((((...(((((.(((((....((...((((((..((.(((..........(((((((((...((((((...((.(((((..((((.(((...(((((....(((....)))....))))).)))))))..))))).))......)))))).....)).))))))).......)))..))..))))))...))...)))))..)))))...)))))).)))).))))))))))	((((((...((.........[[[[[......))...(((((...]]]]]....)))))............(((.(((....((((((..(((((.(((((.......(.((((((..((...............((((((((...((((((....(((((((...(((.((...[[((((..]](((....))).[[.))))...)))))...))))).).)]...]))))))..)...).)))))).............))..))))))..).....)))))..)))))..))))))...))).))).))))))
RF01854_75_3	315	75	383.056	68	16	30	0.81	0.694	0.747	(((((((((((.((((((((...)))))))).....((((((..........)))))).)))).......(((.((((..((((((...(((((.(((((....((...((((((..((.(((..........(((((((((...((((((...((.(((((..((((.(((...(((((....(((....)))....))))).)))))))..))))).))......)))))).....)).))))))).......)))..))..))))))...))...)))))..)))))...)))))).)))).))))))))))	((((((..............(((((...........[[[[[...)))))....]]]]]............(((.(((....((((((..(((((.(((((.......(.((((((..((...............((((((((...((((((....(((((((....((.((...(([[[[[.))(((.]].))).{{..]]]...))))....))))).).)}...}))))))..)...).)))))).............))..))))))..).....)))))..)))))..))))))...))).))).))))))
RF01854_75_4	315	75	384.369	70	14	28	0.833	0.714	0.769	(((((((((((.((((((((...)))))))).....((((((..........)))))).)))).......(((.((((..((((((...(((((.(((((....((...((((((..((.(((..........(((((((((...((((((...((.(((((..((((.(((...(((((....(((....)))....))))).)))))))..))))).))......)))))).....)).))))))).......)))..))..))))))...))...)))))..)))))...)))))).)))).))))))))))	((((((..............(((((...........[[[[[...)))))....]]]]]............(((.(((....((((((..(((((.(((((.......(.(((((((.((...............((((((((...((((((...((((((((...(((.((...[[((((..]](((....)))....))))...)))))...))))).).))....))))))..)...).)))))).............))).))))))..).....)))))..)))))..))))))...))).))).))))))
RF01854_75_5	315	75	385.633	70	14	28	0.833	0.714	0.769	(((((((((((.((((((((...)))))))).....((((((..........)))))).)))).......(((.((((..((((((...(((((.(((((....((...((((((..((.(((..........(((((((((...((((((...((.(((((..((((.(((...(((((....(((....)))....))))).)))))))..))))).))......)))))).....)).))))))).......)))..))..))))))...))...)))))..)))))...)))))).)))).))))))))))	((((((..............(((((...........[[[[[...)))))....]]]]]............(((.(((....((((((..(((((.(((((.......(.((((((..((...............((((((((...((((((....(((((((...(((.((...[[((((..]](((....))).[[.))))...)))))...))))).).)]...]))))))..)...).)))))).............))..))))))..).....)))))..)))))..))))))...))).))).))))))
RF01854_75_6	315	75	386.871	70	14	28	0.833	0.714	0.769	(((((((((((.((((((((...)))))))).....((((((..........)))))).)))).......(((.((((..((((((...(((((.(((((....((...((((((..((.(((..........(((((((((...((((((...((.(((((..((((.(((...(((((....(((....)))....))))).)))))))..))))).))......)))))).....)).))))))).......)))..))..))))))...))...)))))..)))))...)))))).)))).))))))))))	((((((..............(((((...........[[[[[...)))))....]]]]]............(((.(((....((((((..(((((.(((((.......(.((((((..((...............((((((((...((((((....(((((((...(((.((...[[((((..]](((....))).[[.))))...)))))...))))).).)]...]))))))..)...).)))))).............))..))))))..).....)))))..)))))..))))))...))).))).))))))
RF01854_75_7	315	75	388.096	73	18	25	0.802	0.745	0.772	(((((((((((.((((((((...)))))))).....((((((..........)))))).)))).......(((.((((..((((((...(((((.(((((....((...((((((..((.(((..........(((((((((...((((((...((.(((((..((((.(((...(((((....(((....)))....))))).)))))))..))))).))......)))))).....)).))))))).......)))..))..))))))...))...)))))..)))))...)))))).)))).))))))))))	((((((...((.((((....[[[[[..))))))...(((((...]]]]]....)))))............(((.(((....((((((..(((((.(((((.......(.((((((..((...............((((((((...((((((....(((((((...(((.((...(([[[[[.))(((.]].))).{{..]]]...)))))...))))).).)}...}))))))..)...).)))))).............))..))))))..).....)))))..)))))..))))))...))).))).))))))
RF01854_75_8	315	75	389.349	70	13	28	0.843	0.714	0.773	(((((((((((.((((((((...)))))))).....((((((..........)))))).)))).......(((.((((..((((((...(((((.(((((....((...((((((..((.(((..........(((((((((...((((((...((.(((((..((((.(((...(((((....(((....)))....))))).)))))))..))))).))......)))))).....)).))))))).......)))..))..))))))...))...)))))..)))))...)))))).)))).))))))))))	((((((..............(((((...........[[[[[...)))))....]]]]]............(((.(((....((((((..(((((.(((((.......(.((((((..((...............((((((((...((((((...((((((((...(((.((...[[((((..]](((....)))....))))...)))))...))))).).))....))))))..)...).)))))).............))..))))))..).....)))))..)))))..))))))...))).))).))))))
RF01854_75_9	315	75	390.634	73	16	25	0.82	0.745	0.781	(((((((((((.((((((((...)))))))).....((((((..........)))))).)))).......(((.((((..((((((...(((((.(((((....((...((((((..((.(((..........(((((((((...((((((...((.(((((..((((.(((...(((((....(((....)))....))))).)))))))..))))).))......)))))).....)).))))))).......)))..))..))))))...))...)))))..)))))...)))))).)))).))))))))))	((((((...((.((((....[[[[[..))))))...(((((...]]]]]....)))))............(((.(((....((((((...((((.(((((.......(.((((((..((...............((((((((...((((((....(((((((...(((.((...[[((((..]](((....))).[[.))))...)))))...))))).).)]...]))))))..)...).)))))).............))..))))))..).....)))))..))))...))))))...))).))).))))))
RF00024_2_1	777	2	393.829	67	88	40	0.432	0.626	0.511	........................((((((((..((((((..(((((.............................................................(((((....................................(((((((((........[[[[[[[[[))))))))).....))))).........................................................................................................]]].]]]..]]]...........))).)).....)))))))))))....)))......................(((((((...........................................................(((((((((................(((((((....(((((.................(((((.((((...(((......................)))....))))))))).((((.......))))..........)))))......))))))).............))))..)))))............................................))))))).................((((((.((((((...............(((((...((((..........))))....))))).....)))))).).)))))........	.....[[........<<<..<...<<<<........((([[.[[..[....[[..(..(((..[........))))((...[[..........(..(.........{{{((((..................>>>>>.............((((((((({{{{{{[[[[[[[[...))))))))).....))))...{{..{{{{{.)..)).).................................................................{{{{{....................]]]..]]].]].........]].].....((((..............(...(..................]]].AAA.........................................................(((((((((((.(.........((.(((((((((.....((((]]]].........((((((((((.(((((.[[[(...).......)...)....(]]]...)))))))))).....(....})}}}}....))))..))).).>>>..)))))))))...))....).))))..)))))))..........................}}}}}}))}.......aaa..)).))}}}}}}....]]..((...((((((((........[..}}}(((((((..((([.[..[[.....)))...))))))..)..)))))..)))]]))]].))).]
RF00024_2_10	777	2	397.116	67	77	40	0.465	0.626	0.534	........................((((((((..((((((..(((((.............................................................(((((....................................(((((((((........[[[[[[[[[))))))))).....))))).........................................................................................................]]].]]]..]]]...........))).)).....)))))))))))....)))......................(((((((...........................................................(((((((((................(((((((....(((((.................(((((.((((...(((......................)))....))))))))).((((.......))))..........)))))......))))))).............))))..)))))............................................))))))).................((((((.((((((...............(((((...((((..........))))....))))).....)))))).).)))))........	.................(((....[[[[[[[....[((((..{{(((.....((((..(((....]......))))....(((..........((((....).))).((((((........(....((]].....(.............(((((((((.....[[[[[[[[[...))))))))).)))))))))))))..((..............))...............................................................)))...................]]]..]]].]]].......))).{{....)...(((((.]]....]]]...((...................([[(..........................................................(((((((((((......<<<.....(((((((((.....((((.............(((([..}}[..)))....(......................)}}....{{{].{{{].(((((.....)))))<<<....)..))).)......))))).)))...).......))))..)))))))...........................)..)))...........]].)).)))...........[.[[}}}[[}}}[[[........))))))(((((((..((((..........))))...))))))..)..]]].....]]..]]]>>>.>>>
RF00024_2_2	777	2	400.562	12	136	95	0.081	0.112	0.094	........................((((((((..((((((..(((((.............................................................(((((....................................(((((((((........[[[[[[[[[))))))))).....))))).........................................................................................................]]].]]]..]]]...........))).)).....)))))))))))....)))......................(((((((...........................................................(((((((((................(((((((....(((((.................(((((.((((...(((......................)))....))))))))).((((.......))))..........)))))......))))))).............))))..)))))............................................))))))).................((((((.((((((...............(((((...((((..........))))....))))).....)))))).).)))))........	......[[((((((.{{{..{...(((((((...(((AAA............((((.......]][[[[[[[[[[..................[[[((((((.(....]]]<<........<]].].{{....................{{{{{{{{((((((...{{((({..))){{{{{{{..{{))))))[[[[..[.........).)))))).................................................................>>>....)))....)...............[[.......[[[.[[...[[....)))))))....)))...........................[[[[[}}}.....................................................}}}.}}}.......(((....................]]]]..].<<.......<<<<<]]]]]]]]]]].]]])))......))(......(((((((.(......(((((.((]]].]]].]..))}.[[}})...))))....a...aa))))......))))....).......................................>>>>.>>>]]}...}}}((((.(((...........(.(<<<.......))...........[[[[[[.....))))).))...}}}.}}}]].}]]]]}}..}......))).).>>>.........
RF00024_2_3	777	2	402.778	63	80	44	0.441	0.589	0.504	........................((((((((..((((((..(((((.............................................................(((((....................................(((((((((........[[[[[[[[[))))))))).....))))).........................................................................................................]]].]]]..]]]...........))).)).....)))))))))))....)))......................(((((((...........................................................(((((((((................(((((((....(((((.................(((((.((((...(((......................)))....))))))))).((((.......))))..........)))))......))))))).............))))..)))))............................................))))))).................((((((.((((((...............(((((...((((..........))))....))))).....)))))).).)))))........	.....................(((((...(((..(((((((..(................{{{...(((.....[[[[...............(((((((((.(.(((({{{{..(.................................(((((((((.......[[[[[[[...)))))))))..)......)))))..)))))..))))............................................................................................]]]..]]]])))[[[[[[[..).)......))))))))).......)))))(((((((((.....]]]]]]][[[[[[[[.........................................................(((((((((..............(((((((.....(((((.....(.[.....(((([[[.[[{{)))).)(((..((...........))...)))..(((]]}}..]]](}}}}..).........{{)))..].))))).......)))))))...........)))))..))))..................................)))))]]]...]]]]](((}}....]].....]].[[[[[.)............................))))).)....(((.((......}}}................]]]]])))))...
RF00024_2_4	777	2	405.778	55	106	52	0.342	0.514	0.41	........................((((((((..((((((..(((((.............................................................(((((....................................(((((((((........[[[[[[[[[))))))))).....))))).........................................................................................................]]].]]]..]]]...........))).)).....)))))))))))....)))......................(((((((...........................................................(((((((((................(((((((....(((((.................(((((.((((...(((......................)))....))))))))).((((.......))))..........)))))......))))))).............))))..)))))............................................))))))).................((((((.((((((...............(((((...((((..........))))....))))).....)))))).).)))))........	......(((.((((.((((((...((.(((((..(((((((.....(...((((((..[[[[.........(((((((...............(((((.{{{.{{{)))))))........)..))))......................(([((((([[[[[.[.{{{{{{<<.)))))]))..]...]]]]..[((..(...[.))).....]....((((....)..................................................))..........)).....))))))}}}..}}}.(..........).......]))))))))))))....)).......................[[[[[[[[[[[[[......................................................)).))))((..............(((((((((((.(((([..[[..........(([[[[[[[...))).)))))).........(...((}}}}}}(.(............[{{{[.))..]{{.]....]]]...]]]]..)))..))))))))..))......].]]....]]]]]....................................))))]...]]]]]]]...>>..)).....)...}}(.(.((((((...........]..(((((((.(.(((..........)))..).))))))..)..)))))).)..)}}}]]]]....
RF00024_2_5	777	2	409.73	51	124	56	0.291	0.477	0.362	........................((((((((..((((((..(((((.............................................................(((((....................................(((((((((........[[[[[[[[[))))))))).....))))).........................................................................................................]]].]]]..]]]...........))).)).....)))))))))))....)))......................(((((((...........................................................(((((((((................(((((((....(((((.................(((((.((((...(((......................)))....))))))))).((((.......))))..........)))))......))))))).............))))..)))))............................................))))))).................((((((.((((((...............(((((...((((..........))))....))))).....)))))).).)))))........	...............((((((..(((((((((...(((((.((((((.....((((.........{{.....))))...............{{(((((((((..(((({{{{(............(..(...[..........[[[[..(((((((((.......[[[[[[[[[[)))))))))))...)....).))).))))).).)))....(((......)))......(((((........))))).......((((....................))))..............]]]]]]..]]].][[[......))).)))[)...)))).)))))....))))....[[[[[[[..........)))))..)(...........................((((((((((((...................(((((((((.....]]]]}.......}}}}}...((((([..[[[........[(((..[...[[)))..[(((((((...........)))....]<......]]..(((((....)))))..{{....))))...])))).)...]>.]]]].............)))))..))))....]]]........))))))))))))....]..)(((.((.......)){{...............(.((((........)......]]])))).)))((....((}}.(}}....).}})).....)).......(((.........)))..]]]]]
RF00024_2_6	777	2	413.033	26	115	81	0.184	0.243	0.21	........................((((((((..((((((..(((((.............................................................(((((....................................(((((((((........[[[[[[[[[))))))))).....))))).........................................................................................................]]].]]]..]]]...........))).)).....)))))))))))....)))......................(((((((...........................................................(((((((((................(((((((....(((((.................(((((.((((...(((......................)))....))))))))).((((.......))))..........)))))......))))))).............))))..)))))............................................))))))).................((((((.((((((...............(((((...((((..........))))....))))).....)))))).).)))))........	......[[[[((............((((((((..(((((((.(((((...(((........]]]].[[)))))(((((...............(....]][[.[[)...))))........)...{{{(....................{{....[[[[[[[[[[[(((((...)))))...[[[[)...[[[[[[[[..[...).))))).)..................................................................(((((.............................[[.......[[[.[[..))))).))))))))....)))......................((((((((..(((.....................................................(((.(.......................((((....(....................((((]]]]]]]]].]]]]]]].....]]]].....[...[[[..((((....))))........(.(((.....))))...)))))......))))]]].........]...))).).)))..........................................)...))))))).]]]]]]]].....]]]((((..(((((((..........((...]]]])).....[.[...[[...)))).).)))......}.}}}}....].])))]].))...
RF00024_2_7	777	2	415.547	55	91	52	0.377	0.514	0.435	........................((((((((..((((((..(((((.............................................................(((((....................................(((((((((........[[[[[[[[[))))))))).....))))).........................................................................................................]]].]]]..]]]...........))).)).....)))))))))))....)))......................(((((((...........................................................(((((((((................(((((((....(((((.................(((((.((((...(((......................)))....))))))))).((((.......))))..........)))))......))))))).............))))..)))))............................................))))))).................((((((.((((((...............(((((...((((..........))))....))))).....)))))).).)))))........	.................((((...((.(((((..(((((((.......................(((......[[[[[...............(((((((((..(((.(((((........((....{{....................((((((((([[[[[[[[[[[[[[...)))))))))))}}.))))).)))..)))))..)))))))..........((((...............................................................))....))....]]]..]]]]....................))))))))))))....)).......................[[[[[[[[{...............................................................((((..............(((((((.((..([[[[...............[(((((((.((]]].]]((..((...........))...)).....[[[[[))..((((((.......)))).)).)))...)))))))}....)))))))..))........))........)...........................))).]]]]..]..]...]]]]]]]..]]]]]]]......(.((.......)))...............[[[[[[[..........(((((.(((((..]]]]]]..]......]]]]..])))))))))).
RF00024_2_8	777	2	418.395	43	90	64	0.323	0.402	0.358	........................((((((((..((((((..(((((.............................................................(((((....................................(((((((((........[[[[[[[[[))))))))).....))))).........................................................................................................]]].]]]..]]]...........))).)).....)))))))))))....)))......................(((((((...........................................................(((((((((................(((((((....(((((.................(((((.((((...(((......................)))....))))))))).((((.......))))..........)))))......))))))).............))))..)))))............................................))))))).................((((((.((((((...............(((((...((((..........))))....))))).....)))))).).)))))........	............................[[[[[.[[[[[.......[...[[..((..((....((((...]]]))))....[[[[........(((......((((((((((...........(........................(((((((((.....[[[[[[[[[...))))))))).).(.((((((((((........((.....{{.................)))))))........((..((((((.............................................]]]..]]].]]]........)).))..))))}}))))))........................................]]]]..............................................................................((((((.....(((((.......(.....(((..(....)(((.....]]]]]..................]]].]].)))...((((([[[.))))).]]][[[...)))).))))).......)))))).........)))........................................))))))).................)))....)))...)((((((((([.(.........[.....((]((((((.(((............)))).).)..)))......))))].).)))))))]]]...
RF00024_2_9	777	2	421.403	50	104	57	0.325	0.467	0.383	........................((((((((..((((((..(((((.............................................................(((((....................................(((((((((........[[[[[[[[[))))))))).....))))).........................................................................................................]]].]]]..]]]...........))).)).....)))))))))))....)))......................(((((((...........................................................(((((((((................(((((((....(((((.................(((((.((((...(((......................)))....))))))))).((((.......))))..........)))))......))))))).............))))..)))))............................................))))))).................((((((.((((((...............(((((...((((..........))))....))))).....)))))).).)))))........	......((((((((......{......[[{{{{..{{{{{.{.............{..{....[[((((..}}))))(...............(......AA..))....(((....(......(..A.....................(((((((((..[[[[[........[.))))))))).).).)))[[[[[[..[[[[[.[[[................)))..................................................)))))((((..{{{..........<<<<...[[.)).........)).}}}...}}}}}}..}}}}(...(((((....................(((((((((((.(((.((.................................................}(((.(.......................((((..(((((......((.....(((({{{{{{..)))).))..............................]].}}}}}}.(((((.....)))))..........)))))..))).])]]]]].......]]]]].]])]..)))..............................)))))..)))..)...))))))).))]]]]]].((.......(.....]].........)]])){{{.a(((aa.(((((.[[[[[[[..)))))....))))..)).)}}}...].]]]]]]>>>>...
RF00024_5_1	777	5	424.52	102	31	5	0.767	0.953	0.85	........................((((((((..((((((..(((((.............................................................(((((....................................(((((((((........[[[[[[[[[))))))))).....))))).........................................................................................................]]].]]]..]]]...........))).)).....)))))))))))....)))......................(((((((...........................................................(((((((((................(((((((....(((((.................(((((.((((...(((......................)))....))))))))).((((.......))))..........)))))......))))))).............))))..)))))............................................))))))).................((((((.((((((...............(((((...((((..........))))....))))).....)))))).).)))))........	........................((((((((..((((((..(((((..............................................(((((((((......(((((......................(.............(((((((((.[[[[[[[[[[[[[...))))))))).)...)))))......)))))..))))............................................................................................]]]..]]].]]........))).)).....)))))))))))....)))....(.................(((((((...((......................................................(((((((((................(((((((....(((((.............(((((((((.((((...((((((((...........))))).)))....))))))))).(((((.....)))))....))))..)))))......))))))).............))))..)))))..............................))............))))))).)...]]]]].....(.((((((..(((((...............((((....((((..........)))).....)))).....)))))..).)))))).......
RF00024_5_10	777	5	427.587	98	46	9	0.681	0.916	0.781	........................((((((((..((((((..(((((.............................................................(((((....................................(((((((((........[[[[[[[[[))))))))).....))))).........................................................................................................]]].]]]..]]]...........))).)).....)))))))))))....)))......................(((((((...........................................................(((((((((................(((((((....(((((.................(((((.((((...(((......................)))....))))))))).((((.......))))..........)))))......))))))).............))))..)))))............................................))))))).................((((((.((((((...............(((((...((((..........))))....))))).....)))))).).)))))........	......................((((((((((..((((((.((((((...(((........................((((...........................((((((........[..........................(((((((((......[[[[[[[[...)))))))))...).))))))))).........................................................................................))).............]]]..]]].]]........))).)))....)))))))))))....)))))....................((((((((............................((((((((((((.................(((((((((((...............(((((((....(((((.......(.....(((((((((.(((((.....]...........................)))))))))).((((.......))))[[[.))))).)))))......)))))))............)))))..)))))).............))))))))))))[[[[.............))))))))...........(.....((((((..((((.........]]]](((((((....((((..........)))).....))))..))).))))..).))))))]]]....
RF00024_5_2	777	5	430.446	99	39	8	0.717	0.925	0.808	........................((((((((..((((((..(((((.............................................................(((((....................................(((((((((........[[[[[[[[[))))))))).....))))).........................................................................................................]]].]]]..]]]...........))).)).....)))))))))))....)))......................(((((((...........................................................(((((((((................(((((((....(((((.................(((((.((((...(((......................)))....))))))))).((((.......))))..........)))))......))))))).............))))..)))))............................................))))))).................((((((.((((((...............(((((...((((..........))))....))))).....)))))).).)))))........	........................(((((((...(((((((.(((((................(((...........................(((((((((......(((((..................((................(((((((((.[[[...[[[[[[[...))))))))).))..)))))......)))))..)))).....................................................................)))....................]]]..]]].].........))).))...).)))))).))))....)))......................(((((((.((((.....................................................((((((((((...............((((((((....(((((.............(((([[[[[[..)))).(((......................))).((((..]]]]]][(((((.]...)))))..))))....)))))......))))))))............))))..)))))).............................))))..........))))))).......]]]....((.((((((.((((((...............((((((..((((..........))))...)))))).....)))))).).)))))))......
RF00024_5_3	777	5	433.468	91	52	16	0.636	0.85	0.728	........................((((((((..((((((..(((((.............................................................(((((....................................(((((((((........[[[[[[[[[))))))))).....))))).........................................................................................................]]].]]]..]]]...........))).)).....)))))))))))....)))......................(((((((...........................................................(((((((((................(((((((....(((((.................(((((.((((...(((......................)))....))))))))).((((.......))))..........)))))......))))))).............))))..)))))............................................))))))).................((((((.((((((...............(((((...((((..........))))....))))).....)))))).).)))))........	........................((.(((((..(((((((.(((((................(((...........................(((((((((......(((((........(...........................(((((((((.....[[[[[[[[[...))))))))).)...)))))......)))))..)))).)))........................................................................................]]]..]]].]]].......))).))....))))))))))))....)).......................((((((((............................((((((((((((...................(((((((((..............((((((((....(((((..[[.........[[[[((((((..]]]].[[(...(.............)....).........)))))).(((((.....)))))..........)))))......))))))))...........)))))..))))...............))))))))))))..............)...)))))))...............((((((.(.((((((..............(((((((..((]]...]].[[[...))...))))))..)..)))))).)..))))))]]]...
RF00024_5_4	777	5	436.417	47	72	60	0.395	0.439	0.416	........................((((((((..((((((..(((((.............................................................(((((....................................(((((((((........[[[[[[[[[))))))))).....))))).........................................................................................................]]].]]]..]]]...........))).)).....)))))))))))....)))......................(((((((...........................................................(((((((((................(((((((....(((((.................(((((.((((...(((......................)))....))))))))).((((.......))))..........)))))......))))))).............))))..)))))............................................))))))).................((((((.((((((...............(((((...((((..........))))....))))).....)))))).).)))))........	....(((..................((((((...(...((..(((((..................<<<.((((....................((((.((((......(((((....................................[[[[[[[(({{{{{.......(...)))[[[[[[[[....)))))......))))...))))...........)))).................................................................}.....}}}}.....................))).)).....))...).{{{.....{{{......................{{{{{{{....]].....................................................]]]{]]][[................[[[[[[[.......))..))))........[[((((((((((]](.(((.........)))).................)))....(((((((.....))))).)).)))...)))).......]]]]]]].............]].....}................................>>>............}}}}}}}.................<..........)).......)]]]]]]].(((....((((...[[[[[..)))).....)))}..}}..}}}...]].]]]>........
RF00024_5_5	777	5	439.337	83	62	24	0.572	0.776	0.659	........................((((((((..((((((..(((((.............................................................(((((....................................(((((((((........[[[[[[[[[))))))))).....))))).........................................................................................................]]].]]]..]]]...........))).)).....)))))))))))....)))......................(((((((...........................................................(((((((((................(((((((....(((((.................(((((.((((...(((......................)))....))))))))).((((.......))))..........)))))......))))))).............))))..)))))............................................))))))).................((((((.((((((...............(((((...((((..........))))....))))).....)))))).).)))))........	....[[[[[[..............((((((((..((((((..(...(..............]]]]]]..........................[[[[[[[[[...[[.[[[[[........[......[....................[[[[[[[[[{{{{{..(((((((...]]]]]]]]]]]...]]]]]..]]..]]]]]..]]]].....................................................................[[[....................)))..))).).........)[[.[).....)))))))))))....)))......................(((((((((.(((......................................................{(.({{..(.............(((((((((....(((((..............(]]].{[[[<<<.)(.((((...)....))))..............(((.....})))(((((.....)))))....]]]...)))))......))))))))).).........))}}..)))}..................................)...>>>)...)))))))....}}}}}......((((((.(.((((((..............(((((((.(((((....]]]...)))))..))))))..)..)))))).)..))))))......
RF00024_5_6	777	5	442.252	101	51	6	0.664	0.944	0.78	........................((((((((..((((((..(((((.............................................................(((((....................................(((((((((........[[[[[[[[[))))))))).....))))).........................................................................................................]]].]]]..]]]...........))).)).....)))))))))))....)))......................(((((((...........................................................(((((((((................(((((((....(((((.................(((((.((((...(((......................)))....))))))))).((((.......))))..........)))))......))))))).............))))..)))))............................................))))))).................((((((.((((((...............(((((...((((..........))))....))))).....)))))).).)))))........	........................((((((((..((((((.((((((.....(((................(((...................(((.......)))..(((((.............((.....................(((((((((..{{{[[[[[[[[[...)))))))))..)).))))).)))...................................................................................................)))...]]]..]]].]]].......))).)))....)))))))))))....)))......................((((((((((((........................((((((((((((................((((((((((((..............((((((((....(((((.............((((((((((.(((...(((......................)))....)))))))))..((((.....))))[[[[.))))..)))))......))))))))...........)))))..)))))))............)))))))))))).....))))........))))))))......}}}......(.((((((.(((((...............((((((...((((..........))))....)))))..)...))))).).))))))]]]]...
RF00024_5_7	777	5	444.434	93	50	14	0.65	0.869	0.744	........................((((((((..((((((..(((((.............................................................(((((....................................(((((((((........[[[[[[[[[))))))))).....))))).........................................................................................................]]].]]]..]]]...........))).)).....)))))))))))....)))......................(((((((...........................................................(((((((((................(((((((....(((((.................(((((.((((...(((......................)))....))))))))).((((.......))))..........)))))......))))))).............))))..)))))............................................))))))).................((((((.((((((...............(((((...((((..........))))....))))).....)))))).).)))))........	.........................(((((((..(((((((((((((...(.........{{..(((..........................(((((((((....(.(((((...............(....................(((((((((.[[[[[[[[[[[[[...)))))))))..)..))))).)}}..)))))..))))))).........................................................................................]]]..]]]].)...[[[[.))).)))...))))))))))))....))...................]]]]((((((((...........................................................(((((((((..............((((((((....(((((.............((((((((((.(((...((((..((...........))...))))....))))))))).((((.......))))....))))..)))))......))))))))..).........))))..)))).........................................)...)))))))....]]]]]].......((((((.((..................(((((((..((........[[[.[[))...))))))..).......))).)))))]]]]]...
RF00024_5_8	777	5	447.541	71	74	36	0.49	0.664	0.563	........................((((((((..((((((..(((((.............................................................(((((....................................(((((((((........[[[[[[[[[))))))))).....))))).........................................................................................................]]].]]]..]]]...........))).)).....)))))))))))....)))......................(((((((...........................................................(((((((((................(((((((....(((((.................(((((.((((...(((......................)))....))))))))).((((.......))))..........)))))......))))))).............))))..)))))............................................))))))).................((((((.((((((...............(((((...((((..........))))....))))).....)))))).).)))))........	..................((((((((((((((..(((((((.((((...............................................(((((((((......(((((........{.....((....................((((((((([[[[[[[[[[[[[[...))))))))).})).)))))......)))))..))))............................................................................................]]]..]]]............)).))....))))))))))))....))))))[[.................[[[[[[[[[[[{{......................................................)).)(((((.............(((((((((.((.((((....{{........{(((((....)))))).))))).((......{....))...........]]]}......(((((.....))))).}}}]]]...]]]]]]]....))))))))).).........))))..}}...............................................{{......]]]]]]]]......(.((((.(.((((((..........[[[.(((((((..((........[[[.}}))...))))))..)..)))))).)..))))).]]]]]]
RF00024_5_9	777	5	449.872	89	46	18	0.659	0.832	0.736	........................((((((((..((((((..(((((.............................................................(((((....................................(((((((((........[[[[[[[[[))))))))).....))))).........................................................................................................]]].]]]..]]]...........))).)).....)))))))))))....)))......................(((((((...........................................................(((((((((................(((((((....(((((.................(((((.((((...(((......................)))....))))))))).((((.......))))..........)))))......))))))).............))))..)))))............................................))))))).................((((((.((((((...............(((((...((((..........))))....))))).....)))))).).)))))........	........................(.((((((..((((((..((((...............................................(((((((((...((.(((((..............((....................(((((((((.....{{[[[[[[[...)))))))))..)).))))).))...)))))..))))............................................................................................]]]..]]]].....[[[[..)).)).....)))))))))))....).)..................]]]](((((((...........................................................(((((((((...............((((((((....(((((..(..........(((((([[[[)))))).((((..((...........))...)))).......]]]][[[((((..]]]..)))).[[[).....)))))......)))))))).)..........)).)..)))))............................................)))))))....}}.....(.....((((((...(((................((((....((((.]]]{.[[[.)))).....))))......)))}..).)))))).]]]...
RF00024_10_1	777	10	452.84	98	32	9	0.754	0.916	0.827	........................((((((((..((((((..(((((.............................................................(((((....................................(((((((((........[[[[[[[[[))))))))).....))))).........................................................................................................]]].]]]..]]]...........))).)).....)))))))))))....)))......................(((((((...........................................................(((((((((................(((((((....(((((.................(((((.((((...(((......................)))....))))))))).((((.......))))..........)))))......))))))).............))))..)))))............................................))))))).................((((((.((((((...............(((((...((((..........))))....))))).....)))))).).)))))........	........................((((((((..((((((.((((((.....(((......................................(((.(((((......(((((........(...........................(((((((((..[[...[[[[[[[...))))))))).)...)))))......)))))...)))......................................................................................)))...]]]..]]].].........))).)))....)))))))))))....)))......................((((((((..........................................................(((((((((................(((((((....(((((..(((.........[[[((((((..]]](.(([..........))).........].........)))))).(((((.....))))){{))).....)))))......))))))).............))))..)))))........................................)...))))))).......]]........((((((.((((((..............((((((...((((......[...))))....)))))..)..)))))).).)))))..}}]...
RF00024_10_10	777	10	455.942	102	36	5	0.739	0.953	0.833	........................((((((((..((((((..(((((.............................................................(((((....................................(((((((((........[[[[[[[[[))))))))).....))))).........................................................................................................]]].]]]..]]]...........))).)).....)))))))))))....)))......................(((((((...........................................................(((((((((................(((((((....(((((.................(((((.((((...(((......................)))....))))))))).((((.......))))..........)))))......))))))).............))))..)))))............................................))))))).................((((((.((((((...............(((((...((((..........))))....))))).....)))))).).)))))........	........................((((((((..((((((.((((((..............................................((((...........(((((.............((.....................(((((((((.....[[[[[[[[[...)))))))))..)).))))).............))))............................................................................................]]]..]]].]]].......))).)))....)))))))))))....)))......................((((((((.............................(((((((((((................((((((((((((...............(((((((....(((((..............((([[[[[.[[)))..(((...(.............)....)))....((]]]]]]].(((((.....)))))[[..))....)))))......)))))))............)))))..)))))))............)))))))))))..................))))))))...............((((((((.((((((...............(((((...((((..........))))....))))).....)))))).).)))))))]]....
RF00024_10_2	777	10	458.759	95	34	12	0.736	0.888	0.805	........................((((((((..((((((..(((((.............................................................(((((....................................(((((((((........[[[[[[[[[))))))))).....))))).........................................................................................................]]].]]]..]]]...........))).)).....)))))))))))....)))......................(((((((...........................................................(((((((((................(((((((....(((((.................(((((.((((...(((......................)))....))))))))).((((.......))))..........)))))......))))))).............))))..)))))............................................))))))).................((((((.((((((...............(((((...((((..........))))....))))).....)))))).).)))))........	.......................(((((((((..((((((..(((((..............................................(((((((((......(((((....................................(((.((((({{{{..{[[[[[[[...)))))}))).....)))))......)))))..))))......................................................................................}}}}..]]]..]]].].........))).)).....)))))))))))....)))).....................(((((((((.(.......................................................(((((((((...............((((((((....(((((..(((.........[[[((((((..]]]........((...........))..............)))))).(((((.....)))))..))).....)))))......))))))))............))))..)))))...............................).)......)...)))))))...............(.((((.(.((((((...............(((((...((((......[[[.))))....))))).....)))))).)..))))).]]]...
RF00024_10_3	777	10	461.826	85	49	22	0.634	0.794	0.705	........................((((((((..((((((..(((((.............................................................(((((....................................(((((((((........[[[[[[[[[))))))))).....))))).........................................................................................................]]].]]]..]]]...........))).)).....)))))))))))....)))......................(((((((...........................................................(((((((((................(((((((....(((((.................(((((.((((...(((......................)))....))))))))).((((.......))))..........)))))......))))))).............))))..)))))............................................))))))).................((((((.((((((...............(((((...((((..........))))....))))).....)))))).).)))))........	........................((((((((..((((((..(((((..............................................(((((((((...[[[[[(((........(......(....................((((((((([[[[[[[.[[[[[[...)))))))))))...)))........)))))..))))............................................................................................]]]..]]]...........))).)).....)))))))))))....)))......................((((((((...[.......................................................((.(((((...............((((((((....(..................[[(((((((.((]](.(((.[[[[....))))...]]]]..........)).......(((((.....)))))....)))...)))))......))))))))............))))..)])).........................................)...)))))))..]]]]]]].......(((((.(.((((((..........]]]]]((((((..((((......[[[.))))...)))))).....)))))).)..))))).]]]...
RF00024_10_4	777	10	464.601	97	28	10	0.776	0.907	0.836	........................((((((((..((((((..(((((.............................................................(((((....................................(((((((((........[[[[[[[[[))))))))).....))))).........................................................................................................]]].]]]..]]]...........))).)).....)))))))))))....)))......................(((((((...........................................................(((((((((................(((((((....(((((.................(((((.((((...(((......................)))....))))))))).((((.......))))..........)))))......))))))).............))))..)))))............................................))))))).................((((((.((((((...............(((((...((((..........))))....))))).....)))))).).)))))........	........................((((((((..((((((..(((((..............................................(((((((((......(((((....................................((((((((([[[[[.[[[[[[[[...))))))))).....)))))......)))))..))))............................................................................................]]]..]]].]]........))).)).....)))))))))))....)))......................((((((((..........................................................(((((((((................(((((((....(((((..............[[[(((((.((]]]..((((((((...........))))).)))......))))))).((((.......))))..........)))))......))))))).............))))..)))))........................................)...)))))))....]]]]]........((((.(....((................(((((...((((......[[[.))))....)))))......))....)..))))..]]]...
RF00024_10_5	777	10	467.435	97	32	10	0.752	0.907	0.822	........................((((((((..((((((..(((((.............................................................(((((....................................(((((((((........[[[[[[[[[))))))))).....))))).........................................................................................................]]].]]]..]]]...........))).)).....)))))))))))....)))......................(((((((...........................................................(((((((((................(((((((....(((((.................(((((.((((...(((......................)))....))))))))).((((.......))))..........)))))......))))))).............))))..)))))............................................))))))).................((((((.((((((...............(((((...((((..........))))....))))).....)))))).).)))))........	........................((((((((..((((((..(((((...........(..................................(((((((((......(((((........(...........................(((((((((.....[[[[[[[[[...))))))))).)...)))))......))))).).)))...............................................................................)............]]]..]]].].........))).)).....)))))))))))....)))......................((((((((.........................................................((((((((((...............((((((((....(((((..............[[[((((((..]]](.((((...)....))))...................)))))).(((((.....)))))..........)))))......))))))))............))))..)))))).......................................)...)))))))..]]............(((((((.((((((..............((((((...((((......[[[.))))....)))))..)..)))))).).)))))).]]]...
RF00024_10_6	777	10	470.758	100	50	7	0.667	0.935	0.778	........................((((((((..((((((..(((((.............................................................(((((....................................(((((((((........[[[[[[[[[))))))))).....))))).........................................................................................................]]].]]]..]]]...........))).)).....)))))))))))....)))......................(((((((...........................................................(((((((((................(((((((....(((((.................(((((.((((...(((......................)))....))))))))).((((.......))))..........)))))......))))))).............))))..)))))............................................))))))).................((((((.((((((...............(((((...((((..........))))....))))).....)))))).).)))))........	........................((((((((..((((((.((((((.....(........................................(((((((((......(((((.............((.......(.............(((((((((..[[.[[[[[[[[[...))))))))).))).)))))......)))))..))))........................................................................................)...]]]..]]].]]].......))).)))....)))))))))))....)))......................((((((((..((.........................(((((((((((.................(((((((((((.............(((((((((....(((((...((........[[[[((((((..]]]].(((......................)))....[[.)))))).(((((.....))))){{))]]....)))))......)))))))))..........)))))..)))))).............))))))))))).....))...........)))))))).......]].......(((((((.((((((...............(((((...((((..........))))....))))).....)))))).).)))))).}}....
RF00024_10_7	777	10	473.517	92	37	15	0.713	0.86	0.78	........................((((((((..((((((..(((((.............................................................(((((....................................(((((((((........[[[[[[[[[))))))))).....))))).........................................................................................................]]].]]]..]]]...........))).)).....)))))))))))....)))......................(((((((...........................................................(((((((((................(((((((....(((((.................(((((.((((...(((......................)))....))))))))).((((.......))))..........)))))......))))))).............))))..)))))............................................))))))).................((((((.((((((...............(((((...((((..........))))....))))).....)))))).).)))))........	........................(((..(((..((((((..(((((..............................................(((((((((......(((((....................................(((((((((..[[[[[[[[[[[[...))))))))).....)))))......)))))..))))............................................................................................]]]..]]].]]........))).)).....)))))))))......)))......................((((((((.........................................................((((((((((................(((((((....(((((.............(((([[[[[[..)))).((((..(.............)...)))).((....]]]]]][((((..]....)))).{{{))....)))))......))))))).............))))..)))))).......................................)...))))))).....]]]].......(((((((.((..................((((((...((((.}}}..[[[.))))....)))))..).......))).)))))).]]]...
RF00024_10_8	777	10	476.428	97	29	10	0.77	0.907	0.833	........................((((((((..((((((..(((((.............................................................(((((....................................(((((((((........[[[[[[[[[))))))))).....))))).........................................................................................................]]].]]]..]]]...........))).)).....)))))))))))....)))......................(((((((...........................................................(((((((((................(((((((....(((((.................(((((.((((...(((......................)))....))))))))).((((.......))))..........)))))......))))))).............))))..)))))............................................))))))).................((((((.((((((...............(((((...((((..........))))....))))).....)))))).).)))))........	........................((((((((..((((((.((((((......................(.......................(((.(((((......(((((........(...........................(((((((((..[[....[[[[[[...))))))))).)...)))))......)))))...)))..............).............................................................................]]]..]]]...........))).)))....)))))))))))....)))......................((((((((..........................................................((((((((((...............(((((((....(((((.............(([[(((((.((]].(.((((...)....))))..................))))))).(((((.....))))){{....))..)))))......)))))))............)))))..)))))........................................)...))))))).......]]........(((((...(((((..............((((((...((((......[...))))....)))))..)..)))))....)))))..}}]...
RF00024_10_9	777	10	478.995	99	25	8	0.798	0.925	0.857	........................((((((((..((((((..(((((.............................................................(((((....................................(((((((((........[[[[[[[[[))))))))).....))))).........................................................................................................]]].]]]..]]]...........))).)).....)))))))))))....)))......................(((((((...........................................................(((((((((................(((((((....(((((.................(((((.((((...(((......................)))....))))))))).((((.......))))..........)))))......))))))).............))))..)))))............................................))))))).................((((((.((((((...............(((((...((((..........))))....))))).....)))))).).)))))........	........................((((((((..((((((..(((((..............................................((((.((((......(((((....................................(((((((((.....[[[[[[[[[...))))))))).....)))))......))))...))))............................................................................................]]]..]]].]]].......))).)).....)))))))))))....)))......................(((((((.........................................................(((((((((((................(((((((....(((((..............[[[((((((..]]]..(((......................))).......))))))[((((..]....))))..........)))))......))))))).............))))..)))))))..........................................)))))))...............((((((.(.((((((..............(((((((..((((......[[[.))))...))))))..)..)))))).)..))))))]]]...
RF00024_20_1	777	20	481.876	100	31	7	0.763	0.935	0.84	........................((((((((..((((((..(((((.............................................................(((((....................................(((((((((........[[[[[[[[[))))))))).....))))).........................................................................................................]]].]]]..]]]...........))).)).....)))))))))))....)))......................(((((((...........................................................(((((((((................(((((((....(((((.................(((((.((((...(((......................)))....))))))))).((((.......))))..........)))))......))))))).............))))..)))))............................................))))))).................((((((.((((((...............(((((...((((..........))))....))))).....)))))).).)))))........	.......................(((((((((..((((((..(((((..............................................(((((((((......(((((....................................(((((((((.......[[[[[[[...))))))))).....)))))......)))))..))))............................................................................................]]]..]]].].........))).)).....)))))))))))....)))).....................(((((((.(((......................................................((((((((((................(((((((....(((((.............([[[((((((..]]]..(((.(((.............)))..))).......)))))).(((((.....))))).[[[...)..)))))......))))))).............))))..))))))..............................)))..........))))))).................((((((.((((((..............((((((...((((.]]]..[[[.))))....)))))..)..)))))).).)))))..]]]...
RF00024_20_10	777	20	484.884	102	27	5	0.791	0.953	0.864	........................((((((((..((((((..(((((.............................................................(((((....................................(((((((((........[[[[[[[[[))))))))).....))))).........................................................................................................]]].]]]..]]]...........))).)).....)))))))))))....)))......................(((((((...........................................................(((((((((................(((((((....(((((.................(((((.((((...(((......................)))....))))))))).((((.......))))..........)))))......))))))).............))))..)))))............................................))))))).................((((((.((((((...............(((((...((((..........))))....))))).....)))))).).)))))........	........................((((((((..((((((..(((((..............................................(((((((((......(((((....................................(((((((((..[[[[[[[[[[[[...))))))))).....)))))......)))))..))))............................................................................................]]]..]]].]]........))).)).....)))))))))))....)))......................((((((((.........................................................((((((((((................(((((((....(((((..............[[[(((((.((]]]..(((......................)))......))))))).(((((.....)))))..........)))))......))))))).............))))..)))))).......................................)...))))))).....]]]].......(((((((.((((((..............(((((((..((((......[[[.))))...))))))..)..)))))).).)))))).]]]...
RF00024_20_2	777	20	488.132	99	31	8	0.762	0.925	0.835	........................((((((((..((((((..(((((.............................................................(((((....................................(((((((((........[[[[[[[[[))))))))).....))))).........................................................................................................]]].]]]..]]]...........))).)).....)))))))))))....)))......................(((((((...........................................................(((((((((................(((((((....(((((.................(((((.((((...(((......................)))....))))))))).((((.......))))..........)))))......))))))).............))))..)))))............................................))))))).................((((((.((((((...............(((((...((((..........))))....))))).....)))))).).)))))........	........................((((((((..((((((..(((((..............................................(((((((((......(((((........(...........................(((((((((.......[[[[[[[...))))))))).)...)))))......)))))..))))............................................................................................]]]..]]].].........))).)).....)))))))))))....)))......................((((((((..(.......................................................(((((((((...............((((((((....(((((..((..........[[[(((((.((]]](.((((...)....))))..................))))))).(((((.....)))))[[.)).....)))))......))))))))............))))..)))))...............................)........)...)))))))...............(.((((((.((((((..............(((((((..((((......{...))))...))))))..)..)))))).).)))))).]]}...
RF00024_20_3	777	20	491.33	97	26	10	0.789	0.907	0.843	........................((((((((..((((((..(((((.............................................................(((((....................................(((((((((........[[[[[[[[[))))))))).....))))).........................................................................................................]]].]]]..]]]...........))).)).....)))))))))))....)))......................(((((((...........................................................(((((((((................(((((((....(((((.................(((((.((((...(((......................)))....))))))))).((((.......))))..........)))))......))))))).............))))..)))))............................................))))))).................((((((.((((((...............(((((...((((..........))))....))))).....)))))).).)))))........	........................((((((((..((((((..(((((..............................................(((((((((......(((((........(...........................(((((((((.......[[[[[[[...))))))))).)...)))))......)))))..))))............................................................................................]]]..]]].].........))).)).....)))))))))))....)))......................((((((((..........................................................(((((((((................(((((((....(((((..............[[[((((((..]]](.(((.........))))...................)))))).(((((.....)))))[[........)))))......))))))).............))))..)))))........................................)...)))))))................(((((((.((((((..............((((((...((((......{...))))....)))))..)..)))))).).)))))).]]}...
RF00024_20_4	777	20	494.414	101	27	6	0.789	0.944	0.86	........................((((((((..((((((..(((((.............................................................(((((....................................(((((((((........[[[[[[[[[))))))))).....))))).........................................................................................................]]].]]]..]]]...........))).)).....)))))))))))....)))......................(((((((...........................................................(((((((((................(((((((....(((((.................(((((.((((...(((......................)))....))))))))).((((.......))))..........)))))......))))))).............))))..)))))............................................))))))).................((((((.((((((...............(((((...((((..........))))....))))).....)))))).).)))))........	........................((((((((..((((((.((((((..............................................(((((((((......(((((....................................(((((((((..{{...[[[[[[[...))))))))).....)))))......)))))..))))............................................................................................]]]..]]]]..........))).)))....)))))))))))....)))......................((((((((.........................................................((((((((((...............((((((((....(((((..............[[[(((((.((]]]..(((......................)))......))))))).(((((.....))))).[[[......)))))......))))))))............))))..)))))).......................................)...))))))).......}}........((((((..(((((..............((((((...((((.]]]..[[[.))))....)))))..)..)))))..).)))))..]]]...
RF00024_20_5	777	20	497.589	97	30	10	0.764	0.907	0.829	........................((((((((..((((((..(((((.............................................................(((((....................................(((((((((........[[[[[[[[[))))))))).....))))).........................................................................................................]]].]]]..]]]...........))).)).....)))))))))))....)))......................(((((((...........................................................(((((((((................(((((((....(((((.................(((((.((((...(((......................)))....))))))))).((((.......))))..........)))))......))))))).............))))..)))))............................................))))))).................((((((.((((((...............(((((...((((..........))))....))))).....)))))).).)))))........	........................((((((((..((((((.((((((..............................................(((((((((......(((((........(...........................(((((((((......[[[[[[[[...))))))))).)...)))))......)))))..))))............................................................................................]]]..]]].]]........))).)))....)))))))))))....)))......................((((((((..........................................................((((((((((...............(((((((....(((((..............[[[((((((..]]]......((((...........))))............)))))).(((((.....)))))[[........)))))......)))))))............)))))..)))))........................................)...)))))))................(((((((.((((((..............(((((((..((((......{...))))...))))))..)..)))))).).)))))).]]}...
RF00024_20_6	777	20	500.613	98	36	9	0.731	0.916	0.813	........................((((((((..((((((..(((((.............................................................(((((....................................(((((((((........[[[[[[[[[))))))))).....))))).........................................................................................................]]].]]]..]]]...........))).)).....)))))))))))....)))......................(((((((...........................................................(((((((((................(((((((....(((((.................(((((.((((...(((......................)))....))))))))).((((.......))))..........)))))......))))))).............))))..)))))............................................))))))).................((((((.((((((...............(((((...((((..........))))....))))).....)))))).).)))))........	........................((((((((..((((((..(((((..............................................(((((((((......(((((....................................(((((((((..[[[[.[[[[[[[...))))))))).....)))))......)))))..))))............................................................................................]]]..]]].].........))).)).....)))))))))))....)))......................(((((((((((......................................................((((((((((...............((((((((....(((((..............[[[((((((..]]]..([[.((((....]].....))))....).......)))))).(((((.....)))))..........)))))......))))))))............))))..))))))..............................)))......)...))))))).....]]]].......(((((((.((((((..............((((((...((((......[[[.))))....)))))..)..)))))).).)))))).]]]...
RF00024_20_7	777	20	503.865	97	27	10	0.782	0.907	0.84	........................((((((((..((((((..(((((.............................................................(((((....................................(((((((((........[[[[[[[[[))))))))).....))))).........................................................................................................]]].]]]..]]]...........))).)).....)))))))))))....)))......................(((((((...........................................................(((((((((................(((((((....(((((.................(((((.((((...(((......................)))....))))))))).((((.......))))..........)))))......))))))).............))))..)))))............................................))))))).................((((((.((((((...............(((((...((((..........))))....))))).....)))))).).)))))........	........................((((((((..((((((..(((((..............................................(((((((((......(((((........(...........................(((((((((.......[[[[[[[...))))))))).)...)))))......)))))..))))............................................................................................]]]..]]].].........))).)).....)))))))))))....)))......................((((((((..........................................................((((((((((...............(((((((....(((((..............[[[((((((..]]]..((...[[......)).....]].............)))))).(((((.....)))))[[........)))))......)))))))............)))))..)))))........................................)...)))))))...............(.((((((.((((((..............(((((((..((((..........))))...))))))..)..)))))).).)))))).]]....
RF00024_20_8	777	20	507.116	99	32	8	0.756	0.925	0.832	........................((((((((..((((((..(((((.............................................................(((((....................................(((((((((........[[[[[[[[[))))))))).....))))).........................................................................................................]]].]]]..]]]...........))).)).....)))))))))))....)))......................(((((((...........................................................(((((((((................(((((((....(((((.................(((((.((((...(((......................)))....))))))))).((((.......))))..........)))))......))))))).............))))..)))))............................................))))))).................((((((.((((((...............(((((...((((..........))))....))))).....)))))).).)))))........	........................((((((((..((((((..(((((..............................................(((((((((......(((((........(...........................(((((((((......[[[[[[[[...))))))))).)...)))))......)))))..))))............................................................................................]]]..]]].]]........))).)).....)))))))))))....)))......................((((((((..........................................................(((((((((...............((((((((....(((((..............[[[(((((.((]]](.(((.[[[[....))))...]]]]...........))))))).(((((.....)))))..........)))))......))))))))............))))..)))))........................................)...)))))))...............(.((((((.((((((..............(((((((..((((......[[[.))))...))))))..)..)))))).).)))))).]]]...
RF00024_20_9	777	20	510.143	100	32	7	0.758	0.935	0.837	........................((((((((..((((((..(((((.............................................................(((((....................................(((((((((........[[[[[[[[[))))))))).....))))).........................................................................................................]]].]]]..]]]...........))).)).....)))))))))))....)))......................(((((((...........................................................(((((((((................(((((((....(((((.................(((((.((((...(((......................)))....))))))))).((((.......))))..........)))))......))))))).............))))..)))))............................................))))))).................((((((.((((((...............(((((...((((..........))))....))))).....)))))).).)))))........	........................((((((((..((((((.((((((..............................................(((((((((......(((((....................................(((((((((..[[[[[[[[[[[[...))))))))).....)))))......)))))..))))............................................................................................]]]..]]].]]........))).)))....)))))))))))....)))......................((((((((..........................................................(((((((((................(((((((....(((((..............[[[((((((..]]]..(((.((((...........))))..))).......)))))).((((.......))))..........)))))......))))))).............))))..)))))........................................)...))))))).....]]]]......((((((((.((((((..............(((((((..((((......[[[.))))...))))))..)..)))))).).)))))))]]]...
RF00024_30_1	777	30	513.636	100	32	7	0.758	0.935	0.837	........................((((((((..((((((..(((((.............................................................(((((....................................(((((((((........[[[[[[[[[))))))))).....))))).........................................................................................................]]].]]]..]]]...........))).)).....)))))))))))....)))......................(((((((...........................................................(((((((((................(((((((....(((((.................(((((.((((...(((......................)))....))))))))).((((.......))))..........)))))......))))))).............))))..)))))............................................))))))).................((((((.((((((...............(((((...((((..........))))....))))).....)))))).).)))))........	........................((((((((..((((((.((((((..............................................(((((((((......(((((....................................(((((((((..[[[[[[[[[[[[...))))))))).....)))))......)))))..))))............................................................................................]]]..]]].].........))).)))....)))))))))))....)))......................(((((((..........................................................((((((((((...............((((((((....(((((..............[[[((((((..]]]..(((...((...........))....))).......)))))).((((.......)))).{{.......)))))......))))))))............))))..))))))...........................................)))))))....]]]]].......(((((((.((((((..............(((((((..((((..}}..[[[.))))...))))))..)..)))))).).)))))).]]]...
RF00024_30_10	777	30	516.928	100	29	7	0.775	0.935	0.847	........................((((((((..((((((..(((((.............................................................(((((....................................(((((((((........[[[[[[[[[))))))))).....))))).........................................................................................................]]].]]]..]]]...........))).)).....)))))))))))....)))......................(((((((...........................................................(((((((((................(((((((....(((((.................(((((.((((...(((......................)))....))))))))).((((.......))))..........)))))......))))))).............))))..)))))............................................))))))).................((((((.((((((...............(((((...((((..........))))....))))).....)))))).).)))))........	........................((((((((..((((((.((((((..............................................(((((((((......(((((....................................(((((((((..[[[[[[[[[[[[...))))))))).....)))))......)))))..))))............................................................................................]]]..]]].]]........))).)))....)))))))))))....)))......................(((((((...........................................................(((((((((...............((((((((....(((((..............[[[((((((..]]]..(((......................))).......)))))).(((((.....)))))..{.......)))))......))))))))............))))..)))))............................................))))))).....]]]].......(((((((.((((((..............(((((((..((((..}...[[[.))))...))))))..)..)))))).).)))))).]]]...
RF00024_30_2	777	30	520.26	100	28	7	0.781	0.935	0.851	........................((((((((..((((((..(((((.............................................................(((((....................................(((((((((........[[[[[[[[[))))))))).....))))).........................................................................................................]]].]]]..]]]...........))).)).....)))))))))))....)))......................(((((((...........................................................(((((((((................(((((((....(((((.................(((((.((((...(((......................)))....))))))))).((((.......))))..........)))))......))))))).............))))..)))))............................................))))))).................((((((.((((((...............(((((...((((..........))))....))))).....)))))).).)))))........	........................((((((((..((((((.((((((..............................................(((((((((......(((((....................................(((((((((.......[[[[[[[...))))))))).....)))))......)))))..))))............................................................................................]]]..]]].].........))).)))....)))))))))))....)))......................((((((((.........................................................((((((((((...............((((((((....(((((..............[[[((((((..]]]..(((...(.............)....))).......)))))).(((((.....))))).[[.......)))))......))))))))............))))..)))))).......................................)...)))))))................(((((((.((((((..............(((((((..((((..]]..[[[.))))...))))))..)..)))))).).)))))).]]]...
RF00024_30_3	777	30	523.479	99	24	8	0.805	0.925	0.861	........................((((((((..((((((..(((((.............................................................(((((....................................(((((((((........[[[[[[[[[))))))))).....))))).........................................................................................................]]].]]]..]]]...........))).)).....)))))))))))....)))......................(((((((...........................................................(((((((((................(((((((....(((((.................(((((.((((...(((......................)))....))))))))).((((.......))))..........)))))......))))))).............))))..)))))............................................))))))).................((((((.((((((...............(((((...((((..........))))....))))).....)))))).).)))))........	........................((((((((..((((((..(((((..............................................(((((((((......(((((....................................(((((((((..[[...[[[[[[[...))))))))).....)))))......)))))..))))............................................................................................]]]..]]].].........))).)).....)))))))))))....)))......................(((((((...........................................................(((((((((................(((((((....(((((..............[[[((((((..]]]...((......................))........)))))).(((((.....))))).{{.......)))))......))))))).............))))..)))))............................................))))))).......]].......(((((((.((((((..............((((((...((((..}}..[[[.))))....)))))..)..)))))).).)))))).]]]...
RF00024_30_4	777	30	526.634	100	24	7	0.806	0.935	0.866	........................((((((((..((((((..(((((.............................................................(((((....................................(((((((((........[[[[[[[[[))))))))).....))))).........................................................................................................]]].]]]..]]]...........))).)).....)))))))))))....)))......................(((((((...........................................................(((((((((................(((((((....(((((.................(((((.((((...(((......................)))....))))))))).((((.......))))..........)))))......))))))).............))))..)))))............................................))))))).................((((((.((((((...............(((((...((((..........))))....))))).....)))))).).)))))........	........................((((((((..((((((..(((((..............................................(((((((((......(((((....................................(((((((((.......[[[[[[[...))))))))).....)))))......)))))..))))............................................................................................]]]..]]].].........))).)).....)))))))))))....)))......................(((((((...........................................................(((((((((................(((((((....(((((..............[[[((((((..]]]..(((...(.............)....))).......)))))).(((((.....))))).[[.......)))))......))))))).............))))..)))))............................................)))))))................(((((((.((((((..............(((((((..((((..]]..[[[.))))...))))))..)..)))))).).)))))).]]]...
RF00024_30_5	777	30	530.103	100	29	7	0.775	0.935	0.847	........................((((((((..((((((..(((((.............................................................(((((....................................(((((((((........[[[[[[[[[))))))))).....))))).........................................................................................................]]].]]]..]]]...........))).)).....)))))))))))....)))......................(((((((...........................................................(((((((((................(((((((....(((((.................(((((.((((...(((......................)))....))))))))).((((.......))))..........)))))......))))))).............))))..)))))............................................))))))).................((((((.((((((...............(((((...((((..........))))....))))).....)))))).).)))))........	........................((((((((..((((((..(((((..............................................(((((((((......(((((....................................(((((((((..[[[[.[[[[[[[...))))))))).....)))))......)))))..))))............................................................................................]]]..]]].].........))).)).....)))))))))))....)))......................((((((((..........................................................(((((((((...............((((((((....(((((..((..........[[[((((((..]]]..(((......................))).......)))))).(((((.....)))))...)).....)))))......))))))))............))))..)))))........................................)...))))))).....]]]].......(((((((.((((((..............(((((((..((((......[[[.))))...))))))..)..)))))).).)))))).]]]...
RF00024_30_6	777	30	533.324	100	25	7	0.8	0.935	0.862	........................((((((((..((((((..(((((.............................................................(((((....................................(((((((((........[[[[[[[[[))))))))).....))))).........................................................................................................]]].]]]..]]]...........))).)).....)))))))))))....)))......................(((((((...........................................................(((((((((................(((((((....(((((.................(((((.((((...(((......................)))....))))))))).((((.......))))..........)))))......))))))).............))))..)))))............................................))))))).................((((((.((((((...............(((((...((((..........))))....))))).....)))))).).)))))........	........................((((((((..((((((..(((((..............................................(((((((((......(((((....................................(((((((((.......[[[[[[[...))))))))).....)))))......)))))..))))............................................................................................]]]..]]].].........))).)).....)))))))))))....)))......................((((((((..........................................................(((((((((...............((((((((....(((((..............[[[((((((..]]]..(((......................))).......)))))).(((((.....))))).[[.......)))))......))))))))............))))..)))))........................................)...)))))))................(((((((.((((((..............(((((((..((((..]]..[[[.))))...))))))..)..)))))).).)))))).]]]...
RF00024_30_7	777	30	536.78	97	30	10	0.764	0.907	0.829	........................((((((((..((((((..(((((.............................................................(((((....................................(((((((((........[[[[[[[[[))))))))).....))))).........................................................................................................]]].]]]..]]]...........))).)).....)))))))))))....)))......................(((((((...........................................................(((((((((................(((((((....(((((.................(((((.((((...(((......................)))....))))))))).((((.......))))..........)))))......))))))).............))))..)))))............................................))))))).................((((((.((((((...............(((((...((((..........))))....))))).....)))))).).)))))........	........................((((((((..((((((.((((((..............................................(((((((((......(((((....................................(((((((((..[[...[[[[[[[...))))))))).....)))))......)))))..))))............................................................................................]]]..]]].].........))).)))....)))))))))))....)))......................((((((((..........................................................(((((((((...............((((((((....(((((..............[[[((((((..]]]...((.........)).....................)))))).(((((.....))))).{{.......)))))......))))))))............))))..)))))........................................)...))))))).......]].......(((((((.((((((..............(((((((..((((..}}..[[[.))))...))))))..)..)))))).).)))))).]]]...
RF00024_30_8	777	30	540.024	100	29	7	0.775	0.935	0.847	........................((((((((..((((((..(((((.............................................................(((((....................................(((((((((........[[[[[[[[[))))))))).....))))).........................................................................................................]]].]]]..]]]...........))).)).....)))))))))))....)))......................(((((((...........................................................(((((((((................(((((((....(((((.................(((((.((((...(((......................)))....))))))))).((((.......))))..........)))))......))))))).............))))..)))))............................................))))))).................((((((.((((((...............(((((...((((..........))))....))))).....)))))).).)))))........	........................((((((((..((((((.((((((..............................................(((((((((......(((((....................................(((((((((..[[[[.[[[[[[[...))))))))).....)))))......)))))..))))............................................................................................]]]..]]].].........))).)))....)))))))))))....)))......................(((((((...........................................................(((((((((................(((((((....(((((..............[[[((((((..]]]..(((...((...........))....))).......)))))).((((.......)))).{{.......)))))......))))))).............))))..)))))............................................))))))).....]]]].......(((((((.((((((..............(((((((..((((..}}..[[[.))))...))))))..)..)))))).).)))))).]]]...
RF00024_30_9	777	30	543.471	99	25	8	0.798	0.925	0.857	........................((((((((..((((((..(((((.............................................................(((((....................................(((((((((........[[[[[[[[[))))))))).....))))).........................................................................................................]]].]]]..]]]...........))).)).....)))))))))))....)))......................(((((((...........................................................(((((((((................(((((((....(((((.................(((((.((((...(((......................)))....))))))))).((((.......))))..........)))))......))))))).............))))..)))))............................................))))))).................((((((.((((((...............(((((...((((..........))))....))))).....)))))).).)))))........	........................((((((((..((((((..(((((..............................................(((((((((......(((((....................................(((((((((.......[[[[[[[...))))))))).....)))))......)))))..))))............................................................................................]]]..]]].].........))).)).....)))))))))))....)))......................(((((((...........................................................(((((((((...............((((((((....(((((..............[[[((((((..]]]...((...(.............)....))........)))))).(((((.....))))).[[.......)))))......))))))))............))))..)))))............................................)))))))................(((((((.((((((..............(((((((..((((..]]..[[[.))))...))))))..)..)))))).).)))))).]]]...
RF00028_2_1	891	2	545.353	41	122	20	0.252	0.672	0.366	....(((((((((...............................)))))))))...(((......................................................)))..............................................................................................................(((((.((...((.((((....(((((...................................................................................................................................................................)))))...)).))))((...((((....(((((...............................)))))...))))...))...[.[[[[[.......................................................)).))))).(((((((((..........................................................................................................................................................................................................................................................................)))))))))........]]]]]]......(((((....)))))..	..(((((((((((...............................)))))))..((.(((......(((((((.[...[))))))............................))))))......(((((((((((......{{{{{{{))))))))................................................................)))...[[[[[[[[..(((.((((......(((.<((......[[[[[[.[[............................................(([[[....(((((.(((((.((((....)))))))))..((((...........).)))...)))))....))))]]])))..........................)).)))))...))))...(.((((((.(((...))....................))))))))..}}}}}}}((((..(((((((((................]]]]]]]])))).......................]]]]]]]]((((((((]((((((((.......(((((((((....)))))))))...((((((((................))))))))...((((((......)))))))))))).......................................................................................................................................................................))])))))))).....>.)))))))))..((((((....)))))).
RF00028_2_10	891	2	547.218	27	86	34	0.239	0.443	0.31	....(((((((((...............................)))))))))...(((......................................................)))..............................................................................................................(((((.((...((.((((....(((((...................................................................................................................................................................)))))...)).))))((...((((....(((((...............................)))))...))))...))...[.[[[[[.......................................................)).))))).(((((((((..........................................................................................................................................................................................................................................................................)))))))))........]]]]]]......(((((....)))))..	.((((((((((((............................[[[)))))))))...(((......(((((((......))))))............................))))[.......[[[[(((((((....[[[[[[[[[)))))))..................................................................{{.{{..[[[[[[....[.[[.........)))..............................................................((]]]....(((((.(((((.((((....)))))))))..((}}.}}...........))...)))))....))]]]]]]((.................{{{{{{...............))......((((((.(((...))....................)))))))...]]]]]]]]]...]]]]](.......................................................((((]]]..(((((((((..........................................................................................................................................................................................................................................................................)))))))))....)))))....}.}}}}}(((((....)))))..
RF00028_2_2	891	2	549.047	29	103	32	0.22	0.475	0.301	....(((((((((...............................)))))))))...(((......................................................)))..............................................................................................................(((((.((...((.((((....(((((...................................................................................................................................................................)))))...)).))))((...((((....(((((...............................)))))...))))...))...[.[[[[[.......................................................)).))))).(((((((((..........................................................................................................................................................................................................................................................................)))))))))........]]]]]]......(((((....)))))..	....(((((((..............................[[[))))..((((((((.......................................................)))))))).......................................................................................................)))(((((((..(((.((((......(((((...((((((.((............[[[[[[[[)).))))).......................................................................................................................))...)))).)).)))))((...((((((...[[[[[[..................................))))))..)){{{{..{{{{{((((((......]]]]]]........))))))..(((((.......)))))....)))))))((((((...(((((((((.......(((((((((....)))))))))...((((((((...]]]]]]]].....))))))))...((((((......)))))))))))).......................................................................................................................................................................)))...))))))......}}}}}}}}}.(((((((.]]])))))))
RF00028_2_3	891	2	552.324	4	136	57	0.029	0.066	0.04	....(((((((((...............................)))))))))...(((......................................................)))..............................................................................................................(((((.((...((.((((....(((((...................................................................................................................................................................)))))...)).))))((...((((....(((((...............................)))))...))))...))...[.[[[[[.......................................................)).))))).(((((((((..........................................................................................................................................................................................................................................................................)))))))))........]]]]]]......(((((....)))))..	...[[[.A...A[............................[[((((((...[[[[[[[((.....................................................]]]]]]].<(....................................................................................................((<<..)))((((((.((........)).))...)))).........................................................................................................................................................((((((......{{{{{.]]]((((((<((.]]]..))....[[[[[[[[[[[}}}.........}}.....))))))((.....................................................................[[[[)){{{{{......({{{{([..........[[.((((.(((((((]].....].]]]](((((((..........(((((]]]]]]]]]]](((((........................)))))..[[[[[[[[[.....{......)))))))))))))))))))))))[[[[[[[})....).(((((...>.......)))))..a.]]]]]]]]]]]]]]]].........}}}}...a.................[[...>>...>...........}}}}}...........)).))))]].))..))))))....
RF00028_2_4	891	2	554.853	26	179	35	0.127	0.426	0.195	....(((((((((...............................)))))))))...(((......................................................)))..............................................................................................................(((((.((...((.((((....(((((...................................................................................................................................................................)))))...)).))))((...((((....(((((...............................)))))...))))...))...[.[[[[[.......................................................)).))))).(((((((((..........................................................................................................................................................................................................................................................................)))))))))........]]]]]]......(((((....)))))..	..((((((([[[..................................)))).(...(((..(...................................................))))]]])((....((((((...))))))))(((......(((((((((((((([[[[))))))))).)))))(((.....))).)))..]]]]...[[[..[[[[[[...[[[.(((((((..[[[.[[.((...(((..((...((.....((((.((((((((...))))))))))))((((((((...........................................................................................................................((.]]]]]{..))(((((((((]]]]]].......((((...))))............))).))))))...}......{{{{{)))))))).....]]].......))))))))).......]]].............)))))))((((((({{{{{[[[[[[[[[......([[[[[[[(.(((((((.]]]]]]][......}}}}}...[[[[.(((((((((((((((((((((((....]]]].............]..))))))))]]]]]]]]])))...)))))))))))).....))))))))...(((((((........(((((...........)))))....)))))))...........................................................)....)))))))..))).}}}}}.....(((((((....)))))))
RF00028_2_5	891	2	556.578	37	118	24	0.239	0.607	0.343	....(((((((((...............................)))))))))...(((......................................................)))..............................................................................................................(((((.((...((.((((....(((((...................................................................................................................................................................)))))...)).))))((...((((....(((((...............................)))))...))))...))...[.[[[[[.......................................................)).))))).(((((((((..........................................................................................................................................................................................................................................................................)))))))))........]]]]]]......(((((....)))))..	.(..(((..((((.......[[[................[[...)))){{)))((.(((......(((((((...<<<))))))............................))))))(((((....((((((((....[[..[[[[[))))))))[...............................................................[[[...((((((((..(((.((((.........(((.((((((((((((.(......................)))))))))).......)))))).((((((((((((((((((({((((....))))))....]]]](...........)...))))))))....})))))))))(...................)}}....)).)))))............((((((.(((...))....................)))))))...]]]]]{{]]....{{{{{.......................................................))))))))[[[[[...>>(......(((((((.((((((((((....))))))))))...))))))).)......................................................................................................................................................................................................................>)))))]]]]]..]]]]]}}}}})......(((((....)))))}}
RF00028_2_6	891	2	559.662	23	136	38	0.145	0.377	0.209	....(((((((((...............................)))))))))...(((......................................................)))..............................................................................................................(((((.((...((.((((....(((((...................................................................................................................................................................)))))...)).))))((...((((....(((((...............................)))))...))))...))...[.[[[[[.......................................................)).))))).(((((((((..........................................................................................................................................................................................................................................................................)))))))))........]]]]]]......(((((....)))))..	..((((((((..(............................{..)[[[[[..(((((((((...................................................)))))))))..........................................................................................................((((((...(((.((((..(.(((((.[...[[[[..........................................................................................................................................................))))))..)).)))))((..(((((((((...........(((....)))..................))))))))).))]]]]]...]]].....................................................]].))))))((((((....[[[[[(([[[[.((((((]]]]))))))....((([[[...)))(((...((...)...)]]]))).(((((((((]]]]]))))))...[[[[[[.........{{{{[[[[[[.((((((((((..(((....(((.((((((((....))))))))..)))...))).....((((((((...].......))))))))....)))))))))).....))).)).....((.((((.......}}}}.....]]]]].)))...).)).))))))}.....)))))).))..........]]]]]]...
RF00028_2_7	891	2	561.486	25	111	36	0.184	0.41	0.254	....(((((((((...............................)))))))))...(((......................................................)))..............................................................................................................(((((.((...((.((((....(((((...................................................................................................................................................................)))))...)).))))((...((((....(((((...............................)))))...))))...))...[.[[[[[.......................................................)).))))).(((((((((..........................................................................................................................................................................................................................................................................)))))))))........]]]]]]......(((((....)))))..	(...((((((((...............................)))))))((((((((.......................................................)))))))).........................................................................................................)(((((((...((.((((.((.((....)...)))...<<<<<.<<.......[[[[[[[[((([[[.........................................................................................................................[[[..)))..)).)).]]]....(((((([[[[[[[.[(.............................)...))))))...({{{{.){{{{{(((((.......]]]]]]]]>>>>>>>))))).......))..............)))))))(((((((((({{((((((...]]].(((((((((}}..)))))))))...((((((((...]]]]]]]].....))))))))...((((((......))))))))))))......................................................................................................................................................................)))...))))))).....)}}}}}}}}}.(((((((....)))))))
RF00028_2_8	891	2	563.814	31	139	30	0.182	0.508	0.268	....(((((((((...............................)))))))))...(((......................................................)))..............................................................................................................(((((.((...((.((((....(((((...................................................................................................................................................................)))))...)).))))((...((((....(((((...............................)))))...))))...))...[.[[[[[.......................................................)).))))).(((((((((..........................................................................................................................................................................................................................................................................)))))))))........]]]]]]......(((((....)))))..	..(((.....[[[............................[...((.....(((((((((.<<<...............................................)))))))))(....((((((...)))))))((((......(((((((((((((([[[[))))))))).)))))(((.....))).)))).]]]]...(((..((((((...(((.[[[[[[[..(((.(((([.(.((((([{...{{{{...((((.((((((((...))))))))))))..[[[[[[...................................................................................................................))))))..)).)))))[[...[[[[[[[[.))))))................................]]]]]]]]..]]}}}}}.{{{{{]]]]]].......)))...>>>....]...]........)))...........))]]]]]]]((((((..(.[[[[[....(((.(......[[[[[{){{{)))((]]]]].)).((((((((...)...)))))))....((((((]]]]]))))))....................................................................................................................................................................................}}}})))))))......}}}}}).))..((((.]]]]...)))).
RF00028_2_9	891	2	565.434	38	87	23	0.304	0.623	0.409	....(((((((((...............................)))))))))...(((......................................................)))..............................................................................................................(((((.((...((.((((....(((((...................................................................................................................................................................)))))...)).))))((...((((....(((((...............................)))))...))))...))...[.[[[[[.......................................................)).))))).(((((((((..........................................................................................................................................................................................................................................................................)))))))))........]]]]]]......(((((....)))))..	.((((((((((.................................))))))))....(((......(((((((......))))))............................))))........(((((((((((....{{{{{{{{.))))))))................................................................)))....[[[[[[[...((.((((....((((...((...........................................................((.......(((((.(((((.((((....)))))))))..((((...........).)))...)))))....)))).........................))))...)).))))[[[....((((..((((((.(((...))....................)))))))))))}}}}}}}}))..((((((((((.....................))))....(((((....]]])))))....]]]]]]](((((((((..............................................................................................................................................................................................................................................................................))))))))).....)))))).....(((((((....)))))))
RF00028_5_1	891	5	567.652	42	76	19	0.356	0.689	0.469	....(((((((((...............................)))))))))...(((......................................................)))..............................................................................................................(((((.((...((.((((....(((((...................................................................................................................................................................)))))...)).))))((...((((....(((((...............................)))))...))))...))...[.[[[[[.......................................................)).))))).(((((((((..........................................................................................................................................................................................................................................................................)))))))))........]]]]]]......(((((....)))))..	.....((((((((...............................))))))))((((((.......................................................)))))).....(((..............................(((((((((....))))))))).........................................)))....[[[[[[[..(((.((((....(((..............((((.((((((((...))))))))))))........................(((.(((((((((..((((.((((....))))))))...(((..............)))...))))).....)))))))......................)))...)).)))))((...(((((((((.....................................)))))))))..))((((..((((((((((......................))))).......................]]]]]]]((((((((................................................................................................................................................................................................................................................................................))))))))......))))))))).(((((((....)))))))
RF00028_5_10	891	5	569.68	47	72	14	0.395	0.77	0.522	....(((((((((...............................)))))))))...(((......................................................)))..............................................................................................................(((((.((...((.((((....(((((...................................................................................................................................................................)))))...)).))))((...((((....(((((...............................)))))...))))...))...[.[[[[[.......................................................)).))))).(((((((((..........................................................................................................................................................................................................................................................................)))))))))........]]]]]]......(((((....)))))..	....(((((((((...............................)))))))))((((((......(((((((......))))))............................)))).)))........(((((((....[[..[[...)))))))..................................................................[[.[[[{{{{{{{..(((.((((..(.(((..(((...............................................................)))...(((((.(((((.((((....)))))))))..(]]].]]............)...)))))..................................))))..)).)))))((...((((((.((((((.(...........................)))))))))))))]]))]]....(((((.......................................................}}}}}}}(((((((((((...............(((..............))).........((((............))))..........................................................................................................................................................................................................)))))))))))......))))).......(((((.[[.)))))]]
RF00028_5_2	891	5	571.801	39	60	22	0.394	0.639	0.487	....(((((((((...............................)))))))))...(((......................................................)))..............................................................................................................(((((.((...((.((((....(((((...................................................................................................................................................................)))))...)).))))((...((((....(((((...............................)))))...))))...))...[.[[[[[.......................................................)).))))).(((((((((..........................................................................................................................................................................................................................................................................)))))))))........]]]]]]......(((((....)))))..	....(..((((((...............................))))))..(((((((((...................................................)))))))))....................................(((((((((....)))))))))................................................(((((((..(((.((((....((((([[...[[.....((((.((((((((...))))))))))))...........................................................................................................................)))))...)).)))))((..((((((((.(((((..............................))))))))))))).))......[[[[[.......................................................)))))))(((((((.................................................................(((.....((................................................[[............)).....)))............................................]].................................................................................)))))))......]]]]])..]]]](((((....)))))..
RF00028_5_3	891	5	573.814	30	49	31	0.38	0.492	0.429	....(((((((((...............................)))))))))...(((......................................................)))..............................................................................................................(((((.((...((.((((....(((((...................................................................................................................................................................)))))...)).))))((...((((....(((((...............................)))))...))))...))...[.[[[[[.......................................................)).))))).(((((((((..........................................................................................................................................................................................................................................................................)))))))))........]]]]]]......(((((....)))))..	.......((((..............................[[[))))....(((((((.......................................................)))))))..........................................................................................................(((((((..(((.((((....(((.......[[..............................................................................................................................................................)))...)).)))))((..((((((.............................................)))))).))..[[..[[[[[.......................................................)))))))((((((......[.......(....(((((((((....))))))))).......................).(((.....((..........................].....................[[............)).....)))............................................]]..................................................................................))))))......]]]]]]].]](((((((.]]])))))))
RF00028_5_4	891	5	575.795	32	50	29	0.39	0.525	0.448	....(((((((((...............................)))))))))...(((......................................................)))..............................................................................................................(((((.((...((.((((....(((((...................................................................................................................................................................)))))...)).))))((...((((....(((((...............................)))))...))))...))...[.[[[[[.......................................................)).))))).(((((((((..........................................................................................................................................................................................................................................................................)))))))))........]]]]]]......(((((....)))))..	.....((((((.................................))))))((((((((..(...................................................)))))))))..........................................................................................................[[[[[[[...((.((((..(.((((..(................................................................................................................................................................).)))))..)).))))(((...((((((...........................................))))))..)))(((..((((((((((......................))))).......................]]]]]]]((((((...................(((((((((....)))))))))........((((............))))...............................................................................................................................................................................................................))))))......))))))))..(((((((....)))))))
RF00028_5_5	891	5	578.098	40	79	21	0.336	0.656	0.444	....(((((((((...............................)))))))))...(((......................................................)))..............................................................................................................(((((.((...((.((((....(((((...................................................................................................................................................................)))))...)).))))((...((((....(((((...............................)))))...))))...))...[.[[[[[.......................................................)).))))).(((((((((..........................................................................................................................................................................................................................................................................)))))))))........]]]]]]......(((((....)))))..	.....((((((((...............................))))))))((((((.......................................................)))))).....(((..............................(((((((((....))))))))).........................................)))....[[[[[[[..(((.((((....(((.........((((.((((.((((((((...))))))))))))......))))..............(((.(((((((((..(((..((((....)))).)))...(((..............)))...))))).....)))))))......................)))...)).)))))((...((((...............................................))))..))(((...(((((.......................................................]]]]]]]((((((((..................((((((((((....))))))))))......................................................................................................................................................................................................................................))))))))......)))))).))..((((((....)))))).
RF00028_5_6	891	5	580.417	31	56	30	0.356	0.508	0.419	....(((((((((...............................)))))))))...(((......................................................)))..............................................................................................................(((((.((...((.((((....(((((...................................................................................................................................................................)))))...)).))))((...((((....(((((...............................)))))...))))...))...[.[[[[[.......................................................)).))))).(((((((((..........................................................................................................................................................................................................................................................................)))))))))........]]]]]]......(((((....)))))..	.....((((((.................................))))))..(((((((.......................................................)))))))....................................(((((((((....)))))))))................................................[[[[[[[..(((.((((....(((..............((((.((((((((...)))))))))))).............................................................................................................................)))...)).)))))((..(((((.((((...).)))..................................))))).))((((..(((((.......................................................]]]]]]](((((((.....((..........................................))...............................................................................................................................................................................................................................)))))))......))))))))).(((((((....)))))))
RF00028_5_7	891	5	582.546	43	68	18	0.387	0.705	0.5	....(((((((((...............................)))))))))...(((......................................................)))..............................................................................................................(((((.((...((.((((....(((((...................................................................................................................................................................)))))...)).))))((...((((....(((((...............................)))))...))))...))...[.[[[[[.......................................................)).))))).(((((((((..........................................................................................................................................................................................................................................................................)))))))))........]]]]]]......(((((....)))))..	.....((((((((...............................))))))))(((((((......................................................))).))))...................................................................................................{{{....[[[[[[[..[[[.[[[[....[[[..((...((.........................................................(((.(((((((((..((((.((((....))))))))..}}}(..............).....))))).....)))))))......................]]]...]].]]]]]((..((((((..((......((...)).........................)).)))))).))......(((((.......................................................]]]]]]]((((((((.......................(((((.(((((((............................(((.....((................................................[[............)).....))).....))))))))))))...........................]]..............................................................................[[))))))))......)))))...))))(((((.]].)))))..
RF00028_5_8	891	5	584.856	38	53	23	0.418	0.623	0.5	....(((((((((...............................)))))))))...(((......................................................)))..............................................................................................................(((((.((...((.((((....(((((...................................................................................................................................................................)))))...)).))))((...((((....(((((...............................)))))...))))...))...[.[[[[[.......................................................)).))))).(((((((((..........................................................................................................................................................................................................................................................................)))))))))........]]]]]]......(((((....)))))..	.......((((((...............................))))))..(((((((.......................................................)))))))....................................(((((((((....)))))))))................................................(((((((..(((.((((....((((.............((((.((((((((...))))))))))))............................................................................................................................))))...)).)))))((..(((((([[[(((((.]]]..........................)))))..)))))).))..[[..[[[[[.......................................................)))))))(((((((.....((..........................................))...............................................................................................................................................................................................................................)))))))......]]]]]]]...(((((((....)))))))
RF00028_5_9	891	5	586.823	31	57	30	0.352	0.508	0.416	....(((((((((...............................)))))))))...(((......................................................)))..............................................................................................................(((((.((...((.((((....(((((...................................................................................................................................................................)))))...)).))))((...((((....(((((...............................)))))...))))...))...[.[[[[[.......................................................)).))))).(((((((((..........................................................................................................................................................................................................................................................................)))))))))........]]]]]]......(((((....)))))..	.....((((((.................................))))))((((((((.......................................................))))))))....................................(((((((((....)))))))))................................................[[[[[[[..(((.((((....(((..............((((.((((((((...)))))))))))).............................................................................................................................)))...)).)))))((...((((((...........................................))))))..))((((..((((((((((......................))))).......................]]]]]]](((((((..................................................................................................................................................................................................................................................................................)))))))......))))))))).(((((((....)))))))
RF00028_10_1	891	10	589.104	39	23	22	0.629	0.639	0.634	....(((((((((...............................)))))))))...(((......................................................)))..............................................................................................................(((((.((...((.((((....(((((...................................................................................................................................................................)))))...)).))))((...((((....(((((...............................)))))...))))...))...[.[[[[[.......................................................)).))))).(((((((((..........................................................................................................................................................................................................................................................................)))))))))........]]]]]]......(((((....)))))..	.......((((((...............................))))))((((((((.......................................................))))))))..........................................................................................................(((((((..(((.((((....(((.......................................................................................................................................................................)))...)).)))))((...((((((((.......................................))))))))..))[[....[[[[[.......................................................)))))))(((((((...(..........................................................................................................................................................................................................................................................................)...)))))))......]]]]]..]]..((((((....)))))).
RF00028_10_10	891	10	591.354	44	21	17	0.677	0.721	0.698	....(((((((((...............................)))))))))...(((......................................................)))..............................................................................................................(((((.((...((.((((....(((((...................................................................................................................................................................)))))...)).))))((...((((....(((((...............................)))))...))))...))...[.[[[[[.......................................................)).))))).(((((((((..........................................................................................................................................................................................................................................................................)))))))))........]]]]]]......(((((....)))))..	.....((((((((...............................))))))))....(((......................................................)))...............................................................................................................[[[[[[[..(((.((((....((((.....................................................................................................................................................................))))...)).)))))((...((((((((.......................................))))))))..))((((..(((((..(((......................))).........................]]]]]]](((((((..................................................................................................................................................................................................................................................................................)))))))......))))))))).(((((((....)))))))
RF00028_10_2	891	10	593.716	43	22	18	0.662	0.705	0.683	....(((((((((...............................)))))))))...(((......................................................)))..............................................................................................................(((((.((...((.((((....(((((...................................................................................................................................................................)))))...)).))))((...((((....(((((...............................)))))...))))...))...[.[[[[[.......................................................)).))))).(((((((((..........................................................................................................................................................................................................................................................................)))))))))........]]]]]]......(((((....)))))..	.....((((((((...............................))))))))....(((......................................................)))...............................................................................................................(((((((..(((.((((....(((......................................................................((((.((((.................................................))))......)))).........................)))...)).)))))((...(((((..((......................................)).)))))..))......[[[[[.......................................................)))))))(((((((...(..........................................................................................................................................................................................................................................................................)...)))))))......]]]]].....(((((((....)))))))
RF00028_10_3	891	10	595.983	39	31	22	0.557	0.639	0.595	....(((((((((...............................)))))))))...(((......................................................)))..............................................................................................................(((((.((...((.((((....(((((...................................................................................................................................................................)))))...)).))))((...((((....(((((...............................)))))...))))...))...[.[[[[[.......................................................)).))))).(((((((((..........................................................................................................................................................................................................................................................................)))))))))........]]]]]]......(((((....)))))..	......(((((((...............................)))))))(((((((.......................................................)))))))...........................................................................................................(((((((..(((.((((....(((......................................................................((((.((((.................................................))))......)))).........................)))...)).)))))((...((((((.((......................................))))))))..))[[....[[[[[.......................................................)))))))(((((((...(..........................................................................................................................................................................................................................................................................)...)))))))......]]]]]..]]..((((((....)))))).
RF00028_10_4	891	10	598.256	39	31	22	0.557	0.639	0.595	....(((((((((...............................)))))))))...(((......................................................)))..............................................................................................................(((((.((...((.((((....(((((...................................................................................................................................................................)))))...)).))))((...((((....(((((...............................)))))...))))...))...[.[[[[[.......................................................)).))))).(((((((((..........................................................................................................................................................................................................................................................................)))))))))........]]]]]]......(((((....)))))..	......(((((((...............................)))))))(((((((.......................................................)))))))...........................................................................................................(((((((..(((.((((....(((......................................................................((((.((((.................................................))))......)))).........................)))...)).)))))((...((((((.((......................................))))))))..))[[....[[[[[.......................................................)))))))(((((((...(..........................................................................................................................................................................................................................................................................)...)))))))......]]]]]..]]..((((((....)))))).
RF00028_10_5	891	10	600.555	39	20	22	0.661	0.639	0.65	....(((((((((...............................)))))))))...(((......................................................)))..............................................................................................................(((((.((...((.((((....(((((...................................................................................................................................................................)))))...)).))))((...((((....(((((...............................)))))...))))...))...[.[[[[[.......................................................)).))))).(((((((((..........................................................................................................................................................................................................................................................................)))))))))........]]]]]]......(((((....)))))..	.......((((((...............................))))))..(((((((.......................................................)))))))..........................................................................................................(((((((..(((.((((....((((.....................................................................................................................................................................))))...)).)))))((...((((((...........................................))))))..))......[[[[[.......................................................)))))))(((((((...(..........................................................................................................................................................................................................................................................................)...)))))))......]]]]].....(((((((....)))))))
RF00028_10_6	891	10	602.533	40	35	21	0.533	0.656	0.588	....(((((((((...............................)))))))))...(((......................................................)))..............................................................................................................(((((.((...((.((((....(((((...................................................................................................................................................................)))))...)).))))((...((((....(((((...............................)))))...))))...))...[.[[[[[.......................................................)).))))).(((((((((..........................................................................................................................................................................................................................................................................)))))))))........]]]]]]......(((((....)))))..	......(((((((...............................)))))))(((((((.......................................................)))))))...........................................................................................................[[[[[[[..(((.((((....((((.....................................................................((((.((((.................................................))))......))))........................))))...)).)))))((...((((((...........................................))))))..))((((..(((((..(((......................))).........................]]]]]]](((((((...(..........................................................................................................................................................................................................................................................................)...)))))))......))))))))).(((((((....)))))))
RF00028_10_7	891	10	604.88	43	22	18	0.662	0.705	0.683	....(((((((((...............................)))))))))...(((......................................................)))..............................................................................................................(((((.((...((.((((....(((((...................................................................................................................................................................)))))...)).))))((...((((....(((((...............................)))))...))))...))...[.[[[[[.......................................................)).))))).(((((((((..........................................................................................................................................................................................................................................................................)))))))))........]]]]]]......(((((....)))))..	.....((((((((...............................))))))))....(((......................................................)))...............................................................................................................(((((((..(((.((((....(((......................................................................((((.((((.................................................))))......)))).........................)))...)).)))))((...(((((..((......................................)).)))))..))......[[[[[.......................................................)))))))(((((((...(..........................................................................................................................................................................................................................................................................)...)))))))......]]]]].....(((((((....)))))))
RF00028_10_8	891	10	606.938	39	31	22	0.557	0.639	0.595	....(((((((((...............................)))))))))...(((......................................................)))..............................................................................................................(((((.((...((.((((....(((((...................................................................................................................................................................)))))...)).))))((...((((....(((((...............................)))))...))))...))...[.[[[[[.......................................................)).))))).(((((((((..........................................................................................................................................................................................................................................................................)))))))))........]]]]]]......(((((....)))))..	......(((((((...............................)))))))(((((((.......................................................)))))))...........................................................................................................(((((((..(((.((((....(((......................................................................((((.((((.................................................))))......)))).........................)))...)).)))))((...((((((..(......................................).))))))..))[[....[[[[[.......................................................)))))))(((((((...(..........................................................................................................................................................................................................................................................................)...)))))))......]]]]]..]].(((((((....)))))))
RF00028_10_9	891	10	608.935	44	21	17	0.677	0.721	0.698	....(((((((((...............................)))))))))...(((......................................................)))..............................................................................................................(((((.((...((.((((....(((((...................................................................................................................................................................)))))...)).))))((...((((....(((((...............................)))))...))))...))...[.[[[[[.......................................................)).))))).(((((((((..........................................................................................................................................................................................................................................................................)))))))))........]]]]]]......(((((....)))))..	.....((((((((...............................))))))))....(((......................................................)))...............................................................................................................(((((((..(((.((((....((((.....................................................................((((.((((.................................................))))......))))........................))))...)).)))))((...((((((...........................................))))))..))......[[[[[.......................................................)))))))(((((((...(..........................................................................................................................................................................................................................................................................)...)))))))......]]]]].....(((((((....)))))))
RF00023_2_1	954	2	611.247	61	78	58	0.439	0.513	0.473	(((((((..............((((((((((((.........((.(((((((.((((.((((([[[[[.....(((((((.......]]]]].............))))))).................................................................................................................................................................................................................(((((((((..................................................................))))))))).......................................................................((((((..............((((...((((.......[[[[[[[......)))).....)))).............................................................))))))............]]]]]]].....................................(((((((((...........[[[[[[...........................)))))))))..............]]]]]]....((((((((((.....(((....[[[[..[[[...).)).....))))))))))............................................................]]]..]]]].........)))))......))))))))))))).......))))))))))))..(((((.......))))).)))))))....	(((((((....{{{{[.....[[[[[((((((...........(.((((([[.[(((.((((((((((...<<]]][[{{......{)))))(..........)]]...>>................((((([.......................................................................................................................................................................................))))).](.(((((......................................(((......................))))))))]).........................................................................]]]].......................((([[[[...(((((((.]....]]].....}}..........((...................................................))}..................))))))).............................)))(((((((((((((((((......([[[)[[[.......................)))))))))))))).))......).]]].]]](....((([(....(.((((((....[[[[.[[[[[..).))))))...)}}}}....))))..................................................]....]]]].]]]].........)))))).......))..))))))........])))))).[[[[..(((((]]]]...))))).)))))))]...
RF00023_2_10	954	2	613.105	64	61	55	0.512	0.538	0.525	(((((((..............((((((((((((.........((.(((((((.((((.((((([[[[[.....(((((((.......]]]]].............))))))).................................................................................................................................................................................................................(((((((((..................................................................))))))))).......................................................................((((((..............((((...((((.......[[[[[[[......)))).....)))).............................................................))))))............]]]]]]].....................................(((((((((...........[[[[[[...........................)))))))))..............]]]]]]....((((((((((.....(((....[[[[..[[[...).)).....))))))))))............................................................]]]..]]]].........)))))......))))))))))))).......))))))))))))..(((((.......))))).)))))))....	......{{(.{{............(((((((((((.......((.({{[[[[.[[.(.((((((((((....[..[[[[........)))))..............]]]]<<]............((({{....)))[[[[[[..............................................................................................................................................................................[[.(((((((((}.....................................}.............................)))))).........................................................................((((((...............((((..((((......[[[[[[[[[....[))))....))))..(((((.................................................))))).))))))........}}]]]]]]]]]].......................................[[[))).}}}}......(((((((.....................(.......]]]..]]].]...[[...))))))))............]].....[AA....(((((((((......].............>>......]]]..........................................]........))))))))).........))))))......[[))..))))))......)..]])))))).....aa((.......)).....]]]]]]....
RF00023_2_2	954	2	615.238	52	66	67	0.441	0.437	0.439	(((((((..............((((((((((((.........((.(((((((.((((.((((([[[[[.....(((((((.......]]]]].............))))))).................................................................................................................................................................................................................(((((((((..................................................................))))))))).......................................................................((((((..............((((...((((.......[[[[[[[......)))).....)))).............................................................))))))............]]]]]]].....................................(((((((((...........[[[[[[...........................)))))))))..............]]]]]]....((((((((((.....(((....[[[[..[[[...).)).....))))))))))............................................................]]]..]]]].........)))))......))))))))))))).......))))))))))))..(((((.......))))).)))))))....	(((((((((.((((([[[..[[[[[[[[[[..[[[........{.{.)))......((((((([[[[[.....(((((((.......]]]]].............)))))))...........(((]]].............((((.............................................................................................................................................................................[[((((.((((......................................{...........................)))))..((.......................................................................(((((((.............(({{{..{{{{.[.....[[[...[.......[[......))..............................................................))))))))))))...]]..]].]]]..........................................))))....(((...(((....)))...................)))......]]...............]]]]}}}}}}...}(((((((((...(.(((......]]..]]....).))....))))))))))]]]]]................................................................)...))...})))))))...........))))..............}}.......(((((.......))))).)))))))....
RF00023_2_3	954	2	617.572	78	74	41	0.513	0.655	0.576	(((((((..............((((((((((((.........((.(((((((.((((.((((([[[[[.....(((((((.......]]]]].............))))))).................................................................................................................................................................................................................(((((((((..................................................................))))))))).......................................................................((((((..............((((...((((.......[[[[[[[......)))).....)))).............................................................))))))............]]]]]]].....................................(((((((((...........[[[[[[...........................)))))))))..............]]]]]]....((((((((((.....(((....[[[[..[[[...).)).....))))))))))............................................................]]]..]]]].........)))))......))))))))))))).......))))))))))))..(((((.......))))).)))))))....	((((([[[[....[[[[[...[.(((((((].{{{.......{.......(.....(.((((([[[[[[.....(((((.......]]]]]]..]]].......]]))))).......(....)((((((.........)))).............................................................................................................................................................................))....{{((((((..................................................................))))))..[[[...[[[[[[(((........................................................((((((((............((((((]]]]]]]].....][[[[[[..............))))))((((((((((....)))))).....................((....))))).....).))))))))...........]]]]]]]]]..................................]..((.(((((...........[[[[[[.........................))))){))((((.(.........]]]]]].(....((((((((.....((((....[[[[..[[[...).))).....))))))))))))))...................................................}...]]]..]]]]...))...)))))))........<<<..<...........}}))))))))...((((((}}}}....)))).)))))))>>>>
RF00023_2_4	954	2	619.554	75	60	44	0.556	0.63	0.591	(((((((..............((((((((((((.........((.(((((((.((((.((((([[[[[.....(((((((.......]]]]].............))))))).................................................................................................................................................................................................................(((((((((..................................................................))))))))).......................................................................((((((..............((((...((((.......[[[[[[[......)))).....)))).............................................................))))))............]]]]]]].....................................(((((((((...........[[[[[[...........................)))))))))..............]]]]]]....((((((((((.....(((....[[[[..[[[...).)).....))))))))))............................................................]]]..]]]].........)))))......))))))))))))).......))))))))))))..(((((.......))))).)))))))....	(((((((........[[(..(..(((((((((..........((.(((((((.((((.((((((((((.....((...)).......)))))..............[[[[.((((((([[....)))..]]]]]].[[[[[..............................................................................................................................................................................{{{.((((..(((((.......................................[[[[.......................))))).)))......................................................................)({{{{...............((((...((((........[[[[[.......)))).....)))............................................................)(.......)...........]]]]]......................................((([((((((..........{{{{{{...........................)))))))])).......)].]]]}}}}}}....[[[[[[[[))).)}}}}[....(((((((.....]..........]]]]]]]]..]]].................................................]]...]].)))))))...}}...})))))))...)...)))))).)).......)))))))))))))..(((((.......))))).)))))))....
RF00023_2_5	954	2	621.336	65	42	54	0.607	0.546	0.575	(((((((..............((((((((((((.........((.(((((((.((((.((((([[[[[.....(((((((.......]]]]].............))))))).................................................................................................................................................................................................................(((((((((..................................................................))))))))).......................................................................((((((..............((((...((((.......[[[[[[[......)))).....)))).............................................................))))))............]]]]]]].....................................(((((((((...........[[[[[[...........................)))))))))..............]]]]]]....((((((((((.....(((....[[[[..[[[...).)).....))))))))))............................................................]]]..]]]].........)))))......))))))))))))).......))))))))))))..(((((.......))))).)))))))....	.......................((...[[[[[[[..........(((((((..((.(((((([[[[[......((((((.......]]]]].............))))))..............(]]]]]]]..{{.[[[[[[[[.............................................................................................................................................................................[[[[[[.((((..................................................................))))............................................................................(((((((....................((((([.....[[[[[[[.....)))))......[[[............................................................))))))).......]]].)]]]]]]..]..................................]....}}...............((((((......................](.(]]]]]]]...........))..)))))).....((({(.((((...(.((...[[[[[[[[........))....))))).).)))...........................................................}...]]]]]]...]]....))))))......)).))))))).........]]]..]]])..)...............................
RF00023_2_6	954	2	623.267	33	80	86	0.292	0.277	0.284	(((((((..............((((((((((((.........((.(((((((.((((.((((([[[[[.....(((((((.......]]]]].............))))))).................................................................................................................................................................................................................(((((((((..................................................................))))))))).......................................................................((((((..............((((...((((.......[[[[[[[......)))).....)))).............................................................))))))............]]]]]]].....................................(((((((((...........[[[[[[...........................)))))))))..............]]]]]]....((((((((((.....(((....[[[[..[[[...).)).....))))))))))............................................................]]]..]]]].........)))))......))))))))))))).......))))))))))))..(((((.......))))).)))))))....	(((((((((.................[[(((((((......(.(.(..........[[[[[[[((((((......[[[[.......))))))....(........(]]]][[[.......)).......]]].[[[[[[[.((((.............................................................................................................................................................................[..[[[[[[[[)........................................))........................)]]]]]]].....))))......................................................((......{{{{{{[[...................(((......................)))....)).....(((((.................................................))))))))))).((((...((((((......]]...................................(...).................{.........................))....)))))))).............]((]}(((...((((((.................]]]..]]]...]...........[)))))(....)...............................................].....[[..)))).))...]]....]]]]]]]..............................[[[[[.....}}}}}})))..]]]].]))))))..]]
RF00023_2_7	954	2	625.241	93	52	26	0.641	0.782	0.705	(((((((..............((((((((((((.........((.(((((((.((((.((((([[[[[.....(((((((.......]]]]].............))))))).................................................................................................................................................................................................................(((((((((..................................................................))))))))).......................................................................((((((..............((((...((((.......[[[[[[[......)))).....)))).............................................................))))))............]]]]]]].....................................(((((((((...........[[[[[[...........................)))))))))..............]]]]]]....((((((((((.....(((....[[[[..[[[...).)).....))))))))))............................................................]]]..]]]].........)))))......))))))))))))).......))))))))))))..(((((.......))))).)))))))....	(((((((.....[[[[.(..(..(((((((((...(.....(((.((......((((.((((.(((((....([[[[[[.......))))))..............]]]]]].......(((((...(((.(([[[[...[[.[...............................................................................................................................................................................))((((((.((........................................[[........................))[)))))).......................................................................](((((]............](((((..(((((......[[[[[[[[...[)))))....))))).............................................................))))))))........]]]]]]]]].....................................((((((((((([[........[([[[......................)[.)))))))))))............].]]].]]....(](((((((((.....].]]..[[[[[[[[[...[.......))))))))).).)))...................................................)..)]]]]]]]]]]..........))))))..))))..)))..]]]]......).))))))))))).((((((.......)))))))))))))]]]]
RF00023_2_8	954	2	627.544	53	79	66	0.402	0.445	0.422	(((((((..............((((((((((((.........((.(((((((.((((.((((([[[[[.....(((((((.......]]]]].............))))))).................................................................................................................................................................................................................(((((((((..................................................................))))))))).......................................................................((((((..............((((...((((.......[[[[[[[......)))).....)))).............................................................))))))............]]]]]]].....................................(((((((((...........[[[[[[...........................)))))))))..............]]]]]]....((((((((((.....(((....[[[[..[[[...).)).....))))))))))............................................................]]]..]]]].........)))))......))))))))))))).......))))))))))))..(((((.......))))).)))))))....	(((((((......[[[[[..((((.(..(((((((........(.(.......]]...{{{{.[[[[[......((((((.(.....]]]]]....]]....].))))))).............(((((.........{{{{{{.{{{......................................................................................................................................................................{[...)))))((((((......................................[[[.........................)))))))))))))))......(((...........................................(((....))))))(((((.....................(((..]]]....[[[[[[[[....[[[)))......................................................................)))))..........(((.......(..(..............................(((..{{{................((((............................(.[[[[[...........)...)))))))...(((((((...(.(((((.....[......}}...}.))))))]...)))))))..............................................................}}}})}}..)}}...}}}}}}.....]]]]]..))))))).......)]]]]]]]]]]]..(((((.......))))).)))))))]...
RF00023_2_9	954	2	629.567	28	94	91	0.23	0.235	0.232	(((((((..............((((((((((((.........((.(((((((.((((.((((([[[[[.....(((((((.......]]]]].............))))))).................................................................................................................................................................................................................(((((((((..................................................................))))))))).......................................................................((((((..............((((...((((.......[[[[[[[......)))).....)))).............................................................))))))............]]]]]]].....................................(((((((((...........[[[[[[...........................)))))))))..............]]]]]]....((((((((((.....(((....[[[[..[[[...).)).....))))))))))............................................................]]]..]]]].........)))))......))))))))))))).......))))))))))))..(((((.......))))).)))))))....	(((((((.(..(.[[(((.....[[[[[(((((((........{.{{{........[.[[[[[[[[[[.....(((((((.......]]]]][[[[[........)))))))..............))...........[[[[...[........................................................................................................................................................................[[...[[[[[(((((.....................................(.[........................)))))).((((((.....................................................................(((...(.............(}}}}.......(.....([[[.................)){{{.............................................................))))).))).)..))))))).]]].................................................]((}...}}............................{{((]]]]]]]]]]]]....].]]]])).{{{{{{...)).[[[[[..............{{{{..).......((...(((]]]]]......))).................................................))......................]]]]]]......))......)).(......(((...))))}}}.}(}}}}}}.}}.]]]]]).))))))).]].
RF00023_5_1	954	5	631.582	90	25	29	0.783	0.756	0.769	(((((((..............((((((((((((.........((.(((((((.((((.((((([[[[[.....(((((((.......]]]]].............))))))).................................................................................................................................................................................................................(((((((((..................................................................))))))))).......................................................................((((((..............((((...((((.......[[[[[[[......)))).....)))).............................................................))))))............]]]]]]].....................................(((((((((...........[[[[[[...........................)))))))))..............]]]]]]....((((((((((.....(((....[[[[..[[[...).)).....))))))))))............................................................]]]..]]]].........)))))......))))))))))))).......))))))))))))..(((((.......))))).)))))))....	(((((((......[[..[..[[[((((((((............(.(...(.(.(((.(((((([[[[[.....(((((((.......]]]]].............))))))).............(((({...))))......................................................................................................................................................................................(((((((((((......................................[[[.........................))))))))))).....................................................................(((((((.............((((.......[[......[[[[[[...............))))............................................................)))))))............]]]]]]............................................]]............(((((((...............................}................)))))))....(((((((((......(((....[[[[..[[[...).))......)))))))))............................................................]]]..]]]]...]]...])))))))...)...)).).....)......)..))))))))....(((((.]]]]..))))).))))))).]].
RF00023_5_10	954	5	633.625	91	19	28	0.827	0.765	0.795	(((((((..............((((((((((((.........((.(((((((.((((.((((([[[[[.....(((((((.......]]]]].............))))))).................................................................................................................................................................................................................(((((((((..................................................................))))))))).......................................................................((((((..............((((...((((.......[[[[[[[......)))).....)))).............................................................))))))............]]]]]]].....................................(((((((((...........[[[[[[...........................)))))))))..............]]]]]]....((((((((((.....(((....[[[[..[[[...).)).....))))))))))............................................................]]]..]]]].........)))))......))))))))))))).......))))))))))))..(((((.......))))).)))))))....	(((((((..........[..[[[(((((((([[..............(..((.((..(((((([[[[[......((((((.......]]]]].............))))))..............(((]]....)))...........................................................................................................................................................................................(.((((......................................[[[.........................)))))...........................................................................(((((((............((((((...(((........[[[[[[......))).....))))))...........................................................)))))))............]]]]]].......................................(((((((((..........[[[[[[[.........................)))))))))..............]]]]]]]......[[[.[[[.............((((..(((.............]]].]]]..............................................................)))..))))...]]...])))))).......))))..).............))))))))....(((((.]]]]..))))).)))))))....
RF00023_5_2	954	5	635.531	103	21	16	0.831	0.866	0.848	(((((((..............((((((((((((.........((.(((((((.((((.((((([[[[[.....(((((((.......]]]]].............))))))).................................................................................................................................................................................................................(((((((((..................................................................))))))))).......................................................................((((((..............((((...((((.......[[[[[[[......)))).....)))).............................................................))))))............]]]]]]].....................................(((((((((...........[[[[[[...........................)))))))))..............]]]]]]....((((((((((.....(((....[[[[..[[[...).)).....))))))))))............................................................]]]..]]]].........)))))......))))))))))))).......))))))))))))..(((((.......))))).)))))))....	(((((((........(((..(((((((((((..............(((((((.....(((((([[[[[.....(((((((.......]]]]].............)))))))......(....).((((....)))).....(................................................................................................................................................................................(..(((.((((..................................................................))))).))..).....................................................................(((((((.............((((...((((.......[[[[[[[......)))).....))))............................................................)))))))............]]]]]]].....................................(((((((((..........[[[[[[[[..........................))))))))).............]]]]]]]]...)(((((((((...(.((.....[[[[[[[[......))....))))))))))..............................................................]]]]]]]].........)))))).........)))))))...........))))))))....[[[[[.))))))]]]]].)))))))....
RF00023_5_3	954	5	637.376	96	26	23	0.787	0.807	0.797	(((((((..............((((((((((((.........((.(((((((.((((.((((([[[[[.....(((((((.......]]]]].............))))))).................................................................................................................................................................................................................(((((((((..................................................................))))))))).......................................................................((((((..............((((...((((.......[[[[[[[......)))).....)))).............................................................))))))............]]]]]]].....................................(((((((((...........[[[[[[...........................)))))))))..............]]]]]]....((((((((((.....(((....[[[[..[[[...).)).....))))))))))............................................................]]]..]]]].........)))))......))))))))))))).......))))))))))))..(((((.......))))).)))))))....	(((((((.....[[[..(..(((((((((((............(.(((((...(((((((((([[[[[.....(((((((.......]]]]].............)))))))............(((((....))......)))..................................................................................................................................................................................(((.((((......................................[[[.........................))))).))........................................................................(((((((.............((((...[((([[.....[[[[[[[......)))......))))............................................................)))))))............]]]]]]((......................................(((]]]......]......[[[[[[..............................)))...).).........]]]]]].....(((((.((((.....(((....[[[[..[[[...).)).....)))).)))))............................................................]]]..]]]]...]]...]))))))).....)))..))))))..........))))))))......[[[.))))..]]]...))))))).]]]
RF00023_5_4	954	5	639.319	89	22	30	0.802	0.748	0.774	(((((((..............((((((((((((.........((.(((((((.((((.((((([[[[[.....(((((((.......]]]]].............))))))).................................................................................................................................................................................................................(((((((((..................................................................))))))))).......................................................................((((((..............((((...((((.......[[[[[[[......)))).....)))).............................................................))))))............]]]]]]].....................................(((((((((...........[[[[[[...........................)))))))))..............]]]]]]....((((((((((.....(((....[[[[..[[[...).)).....))))))))))............................................................]]]..]]]].........)))))......))))))))))))).......))))))))))))..(((((.......))))).)))))))....	(((((((................((((((((...............(((.......((((((([[[[[[....(((((((......]]]]]].............))))))).............((((....)))).......................................................................................................................................................................................((..(.((((......................................[[[.........................)))))...))......................................................................(((((((.............((((.....[........[[[[[[[...............))))............................................................)))))))............]]]]]]].......................................((((((((.{{{{......[[[[[[.........................))))))))...............]]]]]].]...[[[[[.[[[......}}}...}(((((((((.............]]].]]]]]............................................................)))))))))...]]...])))))))...........)))............))))))))....(((((.......))))).)))))))....
RF00023_5_5	954	5	641.311	105	25	14	0.808	0.882	0.843	(((((((..............((((((((((((.........((.(((((((.((((.((((([[[[[.....(((((((.......]]]]].............))))))).................................................................................................................................................................................................................(((((((((..................................................................))))))))).......................................................................((((((..............((((...((((.......[[[[[[[......)))).....)))).............................................................))))))............]]]]]]].....................................(((((((((...........[[[[[[...........................)))))))))..............]]]]]]....((((((((((.....(((....[[[[..[[[...).)).....))))))))))............................................................]]]..]]]].........)))))......))))))))))))).......))))))))))))..(((((.......))))).)))))))....	(((((((.....[[[..(..(..((((((((..............((((((.....((((((([[[[[.....(((((((.......]]]]].............)))))))..............((((...........))))...............................................................................................................................................................................((((((((((..................................................................))))))))).......................................................................(((((((.............((((...((((........[[[[[[......)))).....))))............................................................)))))))............]]]]]].....................................)((((((((((...........[[[[[[{...................{{{..)))))))))).............]]]]]].....(((((.((((...(.(((....[[[[[[[[[...).))....))))).)))))............................................................]]]]]]]]].........)))))))...[[[...))))))]].......].))))))))))..(((((...}}}}))))).))))))).]]]
RF00023_5_6	954	5	643.253	102	17	17	0.857	0.857	0.857	(((((((..............((((((((((((.........((.(((((((.((((.((((([[[[[.....(((((((.......]]]]].............))))))).................................................................................................................................................................................................................(((((((((..................................................................))))))))).......................................................................((((((..............((((...((((.......[[[[[[[......)))).....)))).............................................................))))))............]]]]]]].....................................(((((((((...........[[[[[[...........................)))))))))..............]]]]]]....((((((((((.....(((....[[[[..[[[...).)).....))))))))))............................................................]]]..]]]].........)))))......))))))))))))).......))))))))))))..(((((.......))))).)))))))....	(((((((..........[..[[[(((((((((...............(((((.((((.((((([[[[[......((((((.......]]]]].............))))))......[[......................................................................................................................................................................................................(....(([.((((.......................................]..........................))))..)).......................................................................)((((((..............((((...((((.......[[[[[[.......)))).....)))).............................................................)))))).............]]]]]].....................................(((((((((...(((.....[[[[[[[....................)))...))))))))).............]]]]]]]....((((((((((......((....[[[[[[[[....).)......)))))))))).............................................................]]]]]]]].........)))))))...)...))))))]]..........)))))))))....(((((.]]]]..))))).)))))))....
RF00023_5_7	954	5	645.334	95	26	24	0.785	0.798	0.792	(((((((..............((((((((((((.........((.(((((((.((((.((((([[[[[.....(((((((.......]]]]].............))))))).................................................................................................................................................................................................................(((((((((..................................................................))))))))).......................................................................((((((..............((((...((((.......[[[[[[[......)))).....)))).............................................................))))))............]]]]]]].....................................(((((((((...........[[[[[[...........................)))))))))..............]]]]]]....((((((((((.....(((....[[[[..[[[...).)).....))))))))))............................................................]]]..]]]].........)))))......))))))))))))).......))))))))))))..(((((.......))))).)))))))....	(((((((..........(..([[((((((((................(((((....((((((([[[[[.....(((((((.......]]]]].............)))))))(..(((......))))...........................................................................................................................................................................................[[[.(((((.(((((.......................................]]]........................))))).))))).....................................................................(((((((.............((((...[[[.........[[[[[[...............))))............................................................)))))))............]]]]]]........................................((((((....(((.....[[[[[[[....................)))....))))))...............]]]]]]]....((((((((((...(]]].....[[[[[[[[[...........)))))))))))............................................................]]]]]]]]].........)))))))........))))).............))))))))))..(((((.]]....))))).)))))))....
RF00023_5_8	954	5	647.415	97	29	22	0.77	0.815	0.792	(((((((..............((((((((((((.........((.(((((((.((((.((((([[[[[.....(((((((.......]]]]].............))))))).................................................................................................................................................................................................................(((((((((..................................................................))))))))).......................................................................((((((..............((((...((((.......[[[[[[[......)))).....)))).............................................................))))))............]]]]]]].....................................(((((((((...........[[[[[[...........................)))))))))..............]]]]]]....((((((((((.....(((....[[[[..[[[...).)).....))))))))))............................................................]]]..]]]].........)))))......))))))))))))).......))))))))))))..(((((.......))))).)))))))....	(((((((.......[[[(..((((((((((((..............((((((.(..(.((((([[[[[......((((((.......]]]]].....[[......)))))((............))...[[[...........................................................................................................................................................................................((.((...(((..................................................................)))...))))......................................................................(((((..............((((((..(((((......[[[[[[[.....)))))....)))))).............................................................)))))........)...]]]]]]].....................................((((((((]]....]....[[[[[[[............................))))))))((.(....)).)..]]]]]]]...((((((((]]....((([....[[[[[[[.......)))......))))))))..............................................................]]]]]]]....]....))))))........)))))))]].......].)))))))))....[[[[[.))))..]]]]].)))))))....
RF00023_5_9	954	5	649.299	108	31	11	0.777	0.908	0.837	(((((((..............((((((((((((.........((.(((((((.((((.((((([[[[[.....(((((((.......]]]]].............))))))).................................................................................................................................................................................................................(((((((((..................................................................))))))))).......................................................................((((((..............((((...((((.......[[[[[[[......)))).....)))).............................................................))))))............]]]]]]].....................................(((((((((...........[[[[[[...........................)))))))))..............]]]]]]....((((((((((.....(((....[[[[..[[[...).)).....))))))))))............................................................]]]..]]]].........)))))......))))))))))))).......))))))))))))..(((((.......))))).)))))))....	((((((([...[[[[[[[..[[.(((((((((((...........(((((((.(((((((((([[[[[.....(((((((.......]]]]].............))))))).....................]]]]]]]]]]...................................................................................................................................................................................((((((((..................................................................))))))))........................................................................(((((((.............(((((...((((......[[[[[[[.....)))).....))).))...........................................................)))))))............]]]]]]].......................................(((((((((((((...(.[[[[[[[)...................)))))))))))))...............]]]]]]]....(((((((((((..(((((....[[[[[[[[[...).)).)).)))))))))))............................................................]]]]]]]]].........))))))).....))))))))))........)))))))))))....(((((.......))))).)))))))....
RF00023_10_1	954	10	651.263	107	22	12	0.829	0.899	0.863	(((((((..............((((((((((((.........((.(((((((.((((.((((([[[[[.....(((((((.......]]]]].............))))))).................................................................................................................................................................................................................(((((((((..................................................................))))))))).......................................................................((((((..............((((...((((.......[[[[[[[......)))).....)))).............................................................))))))............]]]]]]].....................................(((((((((...........[[[[[[...........................)))))))))..............]]]]]]....((((((((((.....(((....[[[[..[[[...).)).....))))))))))............................................................]]]..]]]].........)))))......))))))))))))).......))))))))))))..(((((.......))))).)))))))....	(((((((.....[[[..(..(..(((((((([[[[..........((((..(.((.((((((([[[[[.....(((((((.......]]]]].............))))))).............(]]]]......).......................................................................................................................................................................................((((((((((......................................[[[.........................))))))))))......................................................................(((((((.............((((...(((((......[[[[[[[.....))))).....))))............................................................)))))))............]]]]]]].....................................((((((((((...........[[[[[[.........................)))))))))).............]]]]]].....(((((((((......(((....[[[[[[[[[...).))......)))))))))............................................................]]]]]]]]]...]]...])))))))......)))..))))...........))))))))))..(((((.......))))).))))))).]]]
RF00023_10_10	954	10	653.303	96	22	23	0.814	0.807	0.81	(((((((..............((((((((((((.........((.(((((((.((((.((((([[[[[.....(((((((.......]]]]].............))))))).................................................................................................................................................................................................................(((((((((..................................................................))))))))).......................................................................((((((..............((((...((((.......[[[[[[[......)))).....)))).............................................................))))))............]]]]]]].....................................(((((((((...........[[[[[[...........................)))))))))..............]]]]]]....((((((((((.....(((....[[[[..[[[...).)).....))))))))))............................................................]]]..]]]].........)))))......))))))))))))).......))))))))))))..(((((.......))))).)))))))....	(((((((.....[[[.....[[[((((((((..............(((.....((.((((((([[[[[.....(((((((.......]]]]].............))))))).............((((....))))......................................................................................................................................................................................((.((((((((......................................[[[.........................)))))))).)).....................................................................(((((((.............((((....((([[.....[[[[.[[......)))......))))............................................................)))))))............]].]]]........................................(((]]].............[[[[[[..............................)))...............]]]]]].....((((((((((.....(((....[[[[..[[[...).)).....))))))))))............................................................]]]..]]]]...]]...])))))))......))....)))...........))))))))....(((((.]]]...))))).))))))).]]]
RF00023_10_2	954	10	655.34	110	11	9	0.909	0.924	0.917	(((((((..............((((((((((((.........((.(((((((.((((.((((([[[[[.....(((((((.......]]]]].............))))))).................................................................................................................................................................................................................(((((((((..................................................................))))))))).......................................................................((((((..............((((...((((.......[[[[[[[......)))).....)))).............................................................))))))............]]]]]]].....................................(((((((((...........[[[[[[...........................)))))))))..............]]]]]]....((((((((((.....(((....[[[[..[[[...).)).....))))))))))............................................................]]]..]]]].........)))))......))))))))))))).......))))))))))))..(((((.......))))).)))))))....	(((((((..........(..([[((((((((...............((((((.((((.((((([[[[[.....(((((((.......]]]]].............)))))))................................................................................................................................................................................................................((((((((((..................................................................))))))))))......................................................................((((((..............((((...((((.......[[[[[[[......)))).....)))).............................................................))))))............]]]]]]].....................................((((((((((..........[[[[[[[.........................)))))))))).............]]]]]]]....((((((((((.....(((....[[[[[[[[[...).)).....))))))))))............................................................]]]]]]]]].........)))))))......))))))))............))))))))))..(((((.]]....))))).)))))))....
RF00023_10_3	954	10	657.421	107	19	12	0.849	0.899	0.873	(((((((..............((((((((((((.........((.(((((((.((((.((((([[[[[.....(((((((.......]]]]].............))))))).................................................................................................................................................................................................................(((((((((..................................................................))))))))).......................................................................((((((..............((((...((((.......[[[[[[[......)))).....)))).............................................................))))))............]]]]]]].....................................(((((((((...........[[[[[[...........................)))))))))..............]]]]]]....((((((((((.....(((....[[[[..[[[...).)).....))))))))))............................................................]]]..]]]].........)))))......))))))))))))).......))))))))))))..(((((.......))))).)))))))....	(((((((.....[[[..(..(..((((((((..............((((((...((((((((([[[[[......((((((.......]]]]].............))))))..............((((....)))).........................................................................................................................................................................................((((((((......................................[[[.........................))))))))........................................................................(((((((.............((((...((((.......[[[[[[[......)))).....))))............................................................)))))))............]]]]]]].....................................((((((((......(.....[[[[[[[....................)......)))))))).............]]]]]]]....((((((((((....((((....[[[[.[[[[...).)))....))))))))))............................................................]]]].]]]]...]]...]))))))).....))..))))))...........))))))))))..(((((.......))))).))))))).]]]
RF00023_10_4	954	10	659.558	84	23	35	0.785	0.706	0.743	(((((((..............((((((((((((.........((.(((((((.((((.((((([[[[[.....(((((((.......]]]]].............))))))).................................................................................................................................................................................................................(((((((((..................................................................))))))))).......................................................................((((((..............((((...((((.......[[[[[[[......)))).....)))).............................................................))))))............]]]]]]].....................................(((((((((...........[[[[[[...........................)))))))))..............]]]]]]....((((((((((.....(((....[[[[..[[[...).)).....))))))))))............................................................]]]..]]]].........)))))......))))))))))))).......))))))))))))..(((((.......))))).)))))))....	(((((((.....[[[[.(..(..((((((((.........................((((((([[[[[......((((((.......]]]]].............))))))............(((...................(...............................................................................................................................................................................((..(((((..................................................................))))).))........................................................................[[[[[[[.............[[[((...[[(((......((((((.......]]......(]]]............................................................]]]]]]].........)..))))))........................................[[[[))...).........((((((.............................]]]]...............))))))))...(((((.((((...(.(((.....[[...[[[...).))....))))).))))))...........................................................]]]...]])...))....)))))))..........................))))))))))..(((((]]]]...))))).)))))))....
RF00023_10_5	954	10	661.685	105	24	14	0.814	0.882	0.847	(((((((..............((((((((((((.........((.(((((((.((((.((((([[[[[.....(((((((.......]]]]].............))))))).................................................................................................................................................................................................................(((((((((..................................................................))))))))).......................................................................((((((..............((((...((((.......[[[[[[[......)))).....)))).............................................................))))))............]]]]]]].....................................(((((((((...........[[[[[[...........................)))))))))..............]]]]]]....((((((((((.....(((....[[[[..[[[...).)).....))))))))))............................................................]]]..]]]].........)))))......))))))))))))).......))))))))))))..(((((.......))))).)))))))....	(((((((..........[..([[((((((((...............(((....((.((((((([[[[[.....(((((((.......]]]]].............))))))).............((((....))))......................................................................................................................................................................................(((((((((((......................................[[[.........................))))))))))).....................................................................((((((..............((((...((((.......[[[[[[[......)))).....)))).............................................................))))))............]]]]]]].......................................(((((((((((((.....[[[[[[[....................)))))))))))))...............]]]]]]]....((((((((((.....(((....[[[[[[[[[...).)).....))))))))))............................................................]]]]]]]]]...]]...])))))))......))...)))............)))))))))...(((((.]].]..))))).)))))))....
RF00023_10_6	954	10	663.649	104	23	15	0.819	0.874	0.846	(((((((..............((((((((((((.........((.(((((((.((((.((((([[[[[.....(((((((.......]]]]].............))))))).................................................................................................................................................................................................................(((((((((..................................................................))))))))).......................................................................((((((..............((((...((((.......[[[[[[[......)))).....)))).............................................................))))))............]]]]]]].....................................(((((((((...........[[[[[[...........................)))))))))..............]]]]]]....((((((((((.....(((....[[[[..[[[...).)).....))))))))))............................................................]]]..]]]].........)))))......))))))))))))).......))))))))))))..(((((.......))))).)))))))....	(((((((..........[..[[[((((((((...............((((...(((((((((([[[[[.....(((((((.......]]]]].............))))))).............(((......))).........................................................................................................................................................................................((((((((......................................[[[.........................))))))))........................................................................(((((((.............((((...(((((......[[[[[[[.....))))).....))))............................................................)))))))............]]]]]]].......................................(((((((((((((.....[[[[[[[....................)))))))))))))...............]]]]]]]....(((((.(((......(((....[[[[[[[[[...).))......))).)))))............................................................]]]]]]]]]...]]...]))))))).....)))..))))............))))))))....(((((.]]]]..))))).)))))))....
RF00023_10_7	954	10	665.753	98	20	21	0.831	0.824	0.827	(((((((..............((((((((((((.........((.(((((((.((((.((((([[[[[.....(((((((.......]]]]].............))))))).................................................................................................................................................................................................................(((((((((..................................................................))))))))).......................................................................((((((..............((((...((((.......[[[[[[[......)))).....)))).............................................................))))))............]]]]]]].....................................(((((((((...........[[[[[[...........................)))))))))..............]]]]]]....((((((((((.....(((....[[[[..[[[...).)).....))))))))))............................................................]]]..]]]].........)))))......))))))))))))).......))))))))))))..(((((.......))))).)))))))....	(((((((......[[..(..(..((((((((...............((......((((((((([[[[[.....(((((((.......]]]]].............)))))))...........(((((............))))).....................................................................................................................................................................................((((......................................[[[.........................))))............................................................................(((((((.............((((...(((((......[[[[[[......))))).....))))............................................................))))))).............]]]]]]......................................(((((((((..........[[[[[[[.........................)))))))))..............]]]]]]]....(((((((((......(((....[[[[[[[[[...).))......)))))))))............................................................]]]]]]]]]...]]...]))))))).....)).....))............))))))))))..(((((.......))))).))))))).]].
RF00023_10_8	954	10	667.904	105	20	14	0.84	0.882	0.861	(((((((..............((((((((((((.........((.(((((((.((((.((((([[[[[.....(((((((.......]]]]].............))))))).................................................................................................................................................................................................................(((((((((..................................................................))))))))).......................................................................((((((..............((((...((((.......[[[[[[[......)))).....)))).............................................................))))))............]]]]]]].....................................(((((((((...........[[[[[[...........................)))))))))..............]]]]]]....((((((((((.....(((....[[[[..[[[...).)).....))))))))))............................................................]]]..]]]].........)))))......))))))))))))).......))))))))))))..(((((.......))))).)))))))....	(((((((.....[[[..[..[[[((((((((...............((((((.((((.((((([[[[[.....(((((((.......]]]]].............))))))).............((((....))))...........................................................................................................................................................................................(.((((......................................[[[.........................)))))...........................................................................((((((..............((((....(((.......[[[[[[[......)))......)))).............................................................))))))............]]]]]]].....................................((((((((((..........[[[[[[[.........................)))))))))).............]]]]]]]....((((((((((.....(((....[[[[[[[[[...).)).....))))))))))............................................................]]]]]]]]]...]]...]))))))......)))))))))............))))))))....(((((.]]]]..))))).))))))).]]]
RF00023_10_9	954	10	669.844	102	16	17	0.864	0.857	0.861	(((((((..............((((((((((((.........((.(((((((.((((.((((([[[[[.....(((((((.......]]]]].............))))))).................................................................................................................................................................................................................(((((((((..................................................................))))))))).......................................................................((((((..............((((...((((.......[[[[[[[......)))).....)))).............................................................))))))............]]]]]]].....................................(((((((((...........[[[[[[...........................)))))))))..............]]]]]]....((((((((((.....(((....[[[[..[[[...).)).....))))))))))............................................................]]]..]]]].........)))))......))))))))))))).......))))))))))))..(((((.......))))).)))))))....	(((((((................(((((((([[[............((.........(((((([[[[[.....(((((((.......]]]]].............))))))).............((]]].....))......................................................................................................................................................................................(((((((((((......................................[[[.........................))))))))))).....................................................................(((((((.............(((((..(((((......[[[[[[[.....)))))....)))))............................................................)))))))............]]]]]]]......................................((((((((...........[[[[[[[..........................))))))))..............]]]]]]]....(((((((((......(((....[[[[[.[[[...).))......)))))))))............................................................]]].]]]]]...]]...])))))).............))............))))))))....(((((.......))))).)))))))....
RF00023_20_1	954	20	671.937	106	14	13	0.883	0.891	0.887	(((((((..............((((((((((((.........((.(((((((.((((.((((([[[[[.....(((((((.......]]]]].............))))))).................................................................................................................................................................................................................(((((((((..................................................................))))))))).......................................................................((((((..............((((...((((.......[[[[[[[......)))).....)))).............................................................))))))............]]]]]]].....................................(((((((((...........[[[[[[...........................)))))))))..............]]]]]]....((((((((((.....(((....[[[[..[[[...).)).....))))))))))............................................................]]]..]]]].........)))))......))))))))))))).......))))))))))))..(((((.......))))).)))))))....	(((((((.....[[[..[..[[[((((((((..............(((((((.((..(((((([[[[[.....((((((........]]]]]..............))))))..............(..............)....................................................................................................................................................................................((((((((..................................................................))))))))........................................................................(((((((.............((((....(((.......[[[[[[[......)))......))))............................................................)))))))............]]]]]]]......................................(((((((((...........[[[[[[.........................)))))))))..............]]]]]].....((((((((((.....(((....[[[[[[[[[...).)).....))))))))))............................................................]]]]]]]]].........)))))).......)))))))))...........))))))))....(((((.]]]]..))))).))))))).]]]
RF00023_20_10	954	20	674.065	109	12	10	0.901	0.916	0.908	(((((((..............((((((((((((.........((.(((((((.((((.((((([[[[[.....(((((((.......]]]]].............))))))).................................................................................................................................................................................................................(((((((((..................................................................))))))))).......................................................................((((((..............((((...((((.......[[[[[[[......)))).....)))).............................................................))))))............]]]]]]].....................................(((((((((...........[[[[[[...........................)))))))))..............]]]]]]....((((((((((.....(((....[[[[..[[[...).)).....))))))))))............................................................]]]..]]]].........)))))......))))))))))))).......))))))))))))..(((((.......))))).)))))))....	(((((((.....[[[..[..[[[((((((((............(.(((((((.((.(.((((([[[[[......((((((.......]]]]].............))))))....................................................................................................................................................................................................................(((((((..................................................................))))))).........................................................................(((((((.............((((...((((.......[[[[[[[......)))).....))))............................................................)))))))............]]]]]]].....................................(((((((((...........[[[[[[[..........................))))))))).............]]]]]]]....((((((((((.....(((....[[[[[[[[[...).)).....))))))))))............................................................]]]]]]]]].........)))))).......))))))))))..........))))))))....(((((.]]]]..))))).))))))).]]]
RF00023_20_2	954	20	676.335	110	19	9	0.853	0.924	0.887	(((((((..............((((((((((((.........((.(((((((.((((.((((([[[[[.....(((((((.......]]]]].............))))))).................................................................................................................................................................................................................(((((((((..................................................................))))))))).......................................................................((((((..............((((...((((.......[[[[[[[......)))).....)))).............................................................))))))............]]]]]]].....................................(((((((((...........[[[[[[...........................)))))))))..............]]]]]]....((((((((((.....(((....[[[[..[[[...).)).....))))))))))............................................................]]]..]]]].........)))))......))))))))))))).......))))))))))))..(((((.......))))).)))))))....	(((((((......[[..(..([[((((((((...............((((((.((.(.((((([[[[[.....(((((((.......]]]]].............)))))))...............((....)).........................................................................................................................................................................................((((((((((..................................................................))))))))))......................................................................(((((((.............(((((..(((((......[[[[[[[.....)))))....)))))............................................................)))))))............]]]]]]].....................................((((((((((..((......[[[[[[[.....................))..)))))))))).............]]]]]]]....((((((((((.....(((....[[[[[[[[[...).)).....))))))))))............................................................]]]]]]]]].........)))))).......))))))))............))))))))))..(((((.]]....))))).))))))).]].
RF00023_20_3	954	20	678.432	109	17	10	0.865	0.916	0.89	(((((((..............((((((((((((.........((.(((((((.((((.((((([[[[[.....(((((((.......]]]]].............))))))).................................................................................................................................................................................................................(((((((((..................................................................))))))))).......................................................................((((((..............((((...((((.......[[[[[[[......)))).....)))).............................................................))))))............]]]]]]].....................................(((((((((...........[[[[[[...........................)))))))))..............]]]]]]....((((((((((.....(((....[[[[..[[[...).)).....))))))))))............................................................]]]..]]]].........)))))......))))))))))))).......))))))))))))..(((((.......))))).)))))))....	(((((((.....[[[..[..[[[((((((((..............(((((((.((.(.((((([[[[[.....((((((........]]]]]..............)))))).............((((....)))).........................................................................................................................................................................................((((((((..................................................................))))))))........................................................................(((((((.............((((...((((.......[[[[[[[......)))).....))))............................................................)))))))............]]]]]]].....................................((((((((((..........[[[[[[[.........................)))))))))).............]]]]]]]....((((((((((.....(((....[[[[[[[[[...).)).....))))))))))............................................................]]]]]]]]].........)))))).......)))))))))...........))))))))....(((((.]]]]..))))).))))))).]]]
RF00023_20_4	954	20	680.705	110	16	9	0.873	0.924	0.898	(((((((..............((((((((((((.........((.(((((((.((((.((((([[[[[.....(((((((.......]]]]].............))))))).................................................................................................................................................................................................................(((((((((..................................................................))))))))).......................................................................((((((..............((((...((((.......[[[[[[[......)))).....)))).............................................................))))))............]]]]]]].....................................(((((((((...........[[[[[[...........................)))))))))..............]]]]]]....((((((((((.....(((....[[[[..[[[...).)).....))))))))))............................................................]]]..]]]].........)))))......))))))))))))).......))))))))))))..(((((.......))))).)))))))....	(((((((.....[[[..(..([[((((((((...............((((((.((((.((((([[[[[.....(((((((.......]]]]].............))))))).............((..............)).................................................................................................................................................................................((((((((((..................................................................))))))))))......................................................................(((((((.............((((...((((.......[[[[[[[......)))).....))))............................................................)))))))............]]]]]]].....................................((((((((((..........[[[[[[..........................))))))))))..............]]]]]]....((((((((((.....(((....[[[[[[[[[...).)).....))))))))))............................................................]]]]]]]]].........)))))))......))))))))............))))))))))..(((((.]]....))))).))))))).]]]
RF00023_20_5	954	20	682.93	111	16	8	0.874	0.933	0.902	(((((((..............((((((((((((.........((.(((((((.((((.((((([[[[[.....(((((((.......]]]]].............))))))).................................................................................................................................................................................................................(((((((((..................................................................))))))))).......................................................................((((((..............((((...((((.......[[[[[[[......)))).....)))).............................................................))))))............]]]]]]].....................................(((((((((...........[[[[[[...........................)))))))))..............]]]]]]....((((((((((.....(((....[[[[..[[[...).)).....))))))))))............................................................]]]..]]]].........)))))......))))))))))))).......))))))))))))..(((((.......))))).)))))))....	(((((((......[[..[..[[[((((((((..............(((((((.((((.((((([[[[[.....(((((((.......]]]]].............)))))))................................................................................................................................................................................................................((((((((((..................................................................))))))))))......................................................................(((((((.............((((...(((((......[[[[[[[.....))))).....))))............................................................)))))))............]]]]]]].....................................(((((((((....((.....[[[[[[[....................))....))))))))).............]]]]]]]....((((((((((.....(((....[[[[[[[[[...).)).....))))))))))............................................................]]]]]]]]].........)))))))......)))))))))...........))))))))....(((((.]]]]..))))).))))))).]].
RF00023_20_6	954	20	685.008	109	14	10	0.886	0.916	0.901	(((((((..............((((((((((((.........((.(((((((.((((.((((([[[[[.....(((((((.......]]]]].............))))))).................................................................................................................................................................................................................(((((((((..................................................................))))))))).......................................................................((((((..............((((...((((.......[[[[[[[......)))).....)))).............................................................))))))............]]]]]]].....................................(((((((((...........[[[[[[...........................)))))))))..............]]]]]]....((((((((((.....(((....[[[[..[[[...).)).....))))))))))............................................................]]]..]]]].........)))))......))))))))))))).......))))))))))))..(((((.......))))).)))))))....	(((((((..........(..[[[(((((((((..............((((((.((.(.((((([[[[[.....(((((((.......]]]]].............)))))))...............((.......))......................................................................................................................................................................................((((((((((......................................[[[.........................))))))))))......................................................................(((((((.............((((....(((.......[[[[[[[......)))......))))............................................................)))))))............]]]]]]].....................................((((((((............[[[[[[............................))))))))..............]]]]]]....((((((((((.....(((....[[[[[[[[[...).)).....))))))))))............................................................]]]]]]]]]...]]...])))))).......))))))))...........))))))))).)..(((((.]]]...))))).)))))))....
RF00023_20_7	954	20	687.136	106	20	13	0.841	0.891	0.865	(((((((..............((((((((((((.........((.(((((((.((((.((((([[[[[.....(((((((.......]]]]].............))))))).................................................................................................................................................................................................................(((((((((..................................................................))))))))).......................................................................((((((..............((((...((((.......[[[[[[[......)))).....)))).............................................................))))))............]]]]]]].....................................(((((((((...........[[[[[[...........................)))))))))..............]]]]]]....((((((((((.....(((....[[[[..[[[...).)).....))))))))))............................................................]]]..]]]].........)))))......))))))))))))).......))))))))))))..(((((.......))))).)))))))....	(((((((......[[..(..(..((((((((..............(((((((.((((.((((([[[[[......((((((.......]]]]].............))))))..............((((....))))........................................................................................................................................................................................((.(.((((......................................[[[.........................))))).))........................................................................(((((((.............((((...((((.......[[[[[[[......)))).....))))............................................................)))))))............]]]]]]].....................................(((((((((..........[[[[[[[[..........................))))))))).............]]]]]]]]...((((((((((.....(((....[[[[[[[[[...).)).....))))))))))............................................................]]]]]]]]]...]]...]))))))......))))))))))...........))))))))))..(((((.......))))).))))))).]].
RF00023_20_8	954	20	689.285	108	21	11	0.837	0.908	0.871	(((((((..............((((((((((((.........((.(((((((.((((.((((([[[[[.....(((((((.......]]]]].............))))))).................................................................................................................................................................................................................(((((((((..................................................................))))))))).......................................................................((((((..............((((...((((.......[[[[[[[......)))).....)))).............................................................))))))............]]]]]]].....................................(((((((((...........[[[[[[...........................)))))))))..............]]]]]]....((((((((((.....(((....[[[[..[[[...).)).....))))))))))............................................................]]]..]]]].........)))))......))))))))))))).......))))))))))))..(((((.......))))).)))))))....	(((((((..........[..[[[((((((((.[[[..........(((((((.((((.((((([[[[[.....(((((((.......]]]]].............))))))).............(]]].......).........................................................................................................................................................................................((((((((......................................[[[.........................))))))))........................................................................(((((((.............(((((..((((.......[[[[[[[......))))....)))))............................................................)))))))............]]]]]]]........................................((((((((((.......[[[[[[[......................))))))))))................]]]]]]]....((((((((((.....(((....[[[[[[[[[...).)).....))))))))))............................................................]]]]]]]]]...]]...]))))))......))))))))))...........))))))))....(((((.]]]]..))))).)))))))....
RF00023_20_9	954	20	691.494	110	12	9	0.902	0.924	0.913	(((((((..............((((((((((((.........((.(((((((.((((.((((([[[[[.....(((((((.......]]]]].............))))))).................................................................................................................................................................................................................(((((((((..................................................................))))))))).......................................................................((((((..............((((...((((.......[[[[[[[......)))).....)))).............................................................))))))............]]]]]]].....................................(((((((((...........[[[[[[...........................)))))))))..............]]]]]]....((((((((((.....(((....[[[[..[[[...).)).....))))))))))............................................................]]]..]]]].........)))))......))))))))))))).......))))))))))))..(((((.......))))).)))))))....	(((((((......[[..(..([[((((((((...............((((((.((.(.((((([[[[[.....(((((((.......]]]]].............))))))).................................................................................................................................................................................................................(((((((((..................................................................))))))))).......................................................................(((((((.............((((...(((((......[[[[[[[.....))))).....))))............................................................)))))))............]]]]]]].....................................(((((((((...........[[[[[[[..........................))))))))).............]]]]]]]....((((((((((.....(((....[[[[[[[[[...).)).....))))))))))............................................................]]]]]]]]].........)))))).......))))))))............))))))))))..(((((.]]....))))).))))))).]].
RF00023_30_1	954	30	693.783	106	18	13	0.855	0.891	0.872	(((((((..............((((((((((((.........((.(((((((.((((.((((([[[[[.....(((((((.......]]]]].............))))))).................................................................................................................................................................................................................(((((((((..................................................................))))))))).......................................................................((((((..............((((...((((.......[[[[[[[......)))).....)))).............................................................))))))............]]]]]]].....................................(((((((((...........[[[[[[...........................)))))))))..............]]]]]]....((((((((((.....(((....[[[[..[[[...).)).....))))))))))............................................................]]]..]]]].........)))))......))))))))))))).......))))))))))))..(((((.......))))).)))))))....	(((((((......[[..(..(..((((((((..............((((..(.((.(.((((([[[[[.....(((((((.......]]]]].............))))))).............((((....))))........................................................................................................................................................................................(((((((((......................................[[[.........................))))))))).......................................................................(((((((.............((((....(((.......[[[[[[[......)))......))))............................................................)))))))............]]]]]]].......................................(((((((((.........[[[[[[[........................)))))))))...............]]]]]]]....((((((((((.....(((....[[[[[[[[[...).)).....))))))))))............................................................]]]]]]]]]...]]...])))))).......)))..))))...........))))))))))..(((((.......))))).))))))).]].
RF00023_30_10	954	30	696.214	109	10	10	0.916	0.916	0.916	(((((((..............((((((((((((.........((.(((((((.((((.((((([[[[[.....(((((((.......]]]]].............))))))).................................................................................................................................................................................................................(((((((((..................................................................))))))))).......................................................................((((((..............((((...((((.......[[[[[[[......)))).....)))).............................................................))))))............]]]]]]].....................................(((((((((...........[[[[[[...........................)))))))))..............]]]]]]....((((((((((.....(((....[[[[..[[[...).)).....))))))))))............................................................]]]..]]]].........)))))......))))))))))))).......))))))))))))..(((((.......))))).)))))))....	(((((((......[[..(..(..((((((((..............(((((((.((.(.((((([[[[[.....(((((((.......]]]]].............)))))))................................................................................................................................................................................................................(.((.(((((..................................................................))))).)).)......................................................................((((((..............((((...((((.......[[[[[[[......)))).....)))).............................................................))))))............]]]]]]].....................................((((((((((..........[[[[[[[.........................)))))))))).............]]]]]]]....((((((((((.....(((....[[[[[[[[[...).)).....))))))))))............................................................]]]]]]]]].........)))))).......)))))))))...........))))))))))..(((((.......))))).))))))).]].
RF00023_30_2	954	30	698.586	107	16	12	0.87	0.899	0.884	(((((((..............((((((((((((.........((.(((((((.((((.((((([[[[[.....(((((((.......]]]]].............))))))).................................................................................................................................................................................................................(((((((((..................................................................))))))))).......................................................................((((((..............((((...((((.......[[[[[[[......)))).....)))).............................................................))))))............]]]]]]].....................................(((((((((...........[[[[[[...........................)))))))))..............]]]]]]....((((((((((.....(((....[[[[..[[[...).)).....))))))))))............................................................]]]..]]]].........)))))......))))))))))))).......))))))))))))..(((((.......))))).)))))))....	(((((((.....[[[..[..[[[((((((((...............(((.((.((..(((((([[[[[......((((((.......]]]]].............))))))..................................................................................................................................................................................................................(((((((((......................................[[[.........................))))))))).......................................................................(((((((.............((((...((((.......[[[[[[[......)))).....))))............................................................)))))))............]]]]]]].....................................((((((((((..........[[[[[[[.........................)))))))))).............]]]]]]]....(((((((((......(((....[[[[[[[[[...).))......)))))))))............................................................]]]]]]]]]...]]...])))))).......)))).)))............))))))))....(((((.]]]]..))))).))))))).]]]
RF00023_30_3	954	30	700.949	111	19	8	0.854	0.933	0.892	(((((((..............((((((((((((.........((.(((((((.((((.((((([[[[[.....(((((((.......]]]]].............))))))).................................................................................................................................................................................................................(((((((((..................................................................))))))))).......................................................................((((((..............((((...((((.......[[[[[[[......)))).....)))).............................................................))))))............]]]]]]].....................................(((((((((...........[[[[[[...........................)))))))))..............]]]]]]....((((((((((.....(((....[[[[..[[[...).)).....))))))))))............................................................]]]..]]]].........)))))......))))))))))))).......))))))))))))..(((((.......))))).)))))))....	(((((((.....[[[..(..(..((((((((.[[...........(((((((.(((((((((([[[[[.....(((((((.......]]]]].............)))))))...............]].............[[..................................................................................................................................................................................((((((((......................................[[[.........................))))))))........................................................................(((((((.............((((...((((.......[[[[[[[......)))).....))))............................................................)))))))............]]]]]]].....................................(((((((((...(((.....[[[[[[[....................)))...))))))))).............]]]]]]]....((((((((((.....(((....[[[[..[[[...).)).....))))))))))............................................................]]]..]]]]...]]...]))))))).....)))))))))).........]]))))))))))..(((((.......))))).))))))).]]]
RF00023_30_4	954	30	703.279	108	19	11	0.85	0.908	0.878	(((((((..............((((((((((((.........((.(((((((.((((.((((([[[[[.....(((((((.......]]]]].............))))))).................................................................................................................................................................................................................(((((((((..................................................................))))))))).......................................................................((((((..............((((...((((.......[[[[[[[......)))).....)))).............................................................))))))............]]]]]]].....................................(((((((((...........[[[[[[...........................)))))))))..............]]]]]]....((((((((((.....(((....[[[[..[[[...).)).....))))))))))............................................................]]]..]]]].........)))))......))))))))))))).......))))))))))))..(((((.......))))).)))))))....	(((((((......[[..(..([[((((((((...............((((((.((.(.((((([[[[[.....(((((((.......]]]]].............)))))))..............(((....)))..........................................................................................................................................................................................((((((((......................................[[[.........................))))))))........................................................................(((((((.............(((((..((((.......[[[[[[[......))))....)))))............................................................)))))))............]]]]]]]......................................(((((((((..........[[[[[[[.........................)))))))))..............]]]]]]]....((((((((((.....(((....[[[[[[[[[...).)).....))))))))))............................................................]]]]]]]]]...]]...])))))).......))))))))............))))))))))..(((((.]]....))))).))))))).]].
RF00023_30_5	954	30	705.633	109	11	10	0.908	0.916	0.912	(((((((..............((((((((((((.........((.(((((((.((((.((((([[[[[.....(((((((.......]]]]].............))))))).................................................................................................................................................................................................................(((((((((..................................................................))))))))).......................................................................((((((..............((((...((((.......[[[[[[[......)))).....)))).............................................................))))))............]]]]]]].....................................(((((((((...........[[[[[[...........................)))))))))..............]]]]]]....((((((((((.....(((....[[[[..[[[...).)).....))))))))))............................................................]]]..]]]].........)))))......))))))))))))).......))))))))))))..(((((.......))))).)))))))....	(((((((..........[..[[[((((((((..............(((((((.((.(.((((([[[[[.....(((((((.......]]]]].............)))))))..................................................................................................................................................................................................................((((((((..................................................................))))))))........................................................................((((((..............((((...((((.......[[[[[[[......)))).....)))).............................................................))))))............]]]]]]].....................................((((((((((..((......[[[[[[[.....................))..)))))))))).............]]]]]]]....(((((((((......(((....[[[[[[[[[...).))......)))))))))............................................................]]]]]]]]].........)))))).......)))))))))...........))))))))....(((((.]]]]..))))).)))))))....
RF00023_30_6	954	30	707.975	108	12	11	0.9	0.908	0.904	(((((((..............((((((((((((.........((.(((((((.((((.((((([[[[[.....(((((((.......]]]]].............))))))).................................................................................................................................................................................................................(((((((((..................................................................))))))))).......................................................................((((((..............((((...((((.......[[[[[[[......)))).....)))).............................................................))))))............]]]]]]].....................................(((((((((...........[[[[[[...........................)))))))))..............]]]]]]....((((((((((.....(((....[[[[..[[[...).)).....))))))))))............................................................]]]..]]]].........)))))......))))))))))))).......))))))))))))..(((((.......))))).)))))))....	(((((((.....[[[........((((((((...............((((((.((.(.((((([[[[[.....(((((((.......]]]]].............)))))))..............(((.......))).....................................................................................................................................................................................(..(((((((..................................................................)))))))..)......................................................................(((((((.............((((...((((.......[[[[[[[......)))).....))))............................................................)))))))............]]]]]]].....................................(((((((((...........[[[[[[[..........................))))))))).............]]]]]]]....((((((((((.....(((....[[[[[[[[[...).)).....))))))))))............................................................]]]]]]]]].........)))))).......))))))))............))))))))....(((((.......))))).))))))).]]]
RF00023_30_7	954	30	710.35	109	18	10	0.858	0.916	0.886	(((((((..............((((((((((((.........((.(((((((.((((.((((([[[[[.....(((((((.......]]]]].............))))))).................................................................................................................................................................................................................(((((((((..................................................................))))))))).......................................................................((((((..............((((...((((.......[[[[[[[......)))).....)))).............................................................))))))............]]]]]]].....................................(((((((((...........[[[[[[...........................)))))))))..............]]]]]]....((((((((((.....(((....[[[[..[[[...).)).....))))))))))............................................................]]]..]]]].........)))))......))))))))))))).......))))))))))))..(((((.......))))).)))))))....	(((((((......[[..[..[[[((((((((..............(((((((.((.(.((((([[[[[.....(((((((.......]]]]].............)))))))...............((....))...........................................................................................................................................................................................((((((((..................................................................))))))))........................................................................((((((..............(((((..((((.......[[[[[[[......))))....))))).............................................................))))))............]]]]]]]......................................(((((((((((((......[[[[[[[.....................)))))))))))))..............]]]]]]]....((((((((((.....(((....[[[[[[[[[...).)).....))))))))))............................................................]]]]]]]]].........)))))).......)))))))))...........))))))))....(((((.]]]]..))))).))))))).]].
RF00023_30_8	954	30	712.816	105	20	14	0.84	0.882	0.861	(((((((..............((((((((((((.........((.(((((((.((((.((((([[[[[.....(((((((.......]]]]].............))))))).................................................................................................................................................................................................................(((((((((..................................................................))))))))).......................................................................((((((..............((((...((((.......[[[[[[[......)))).....)))).............................................................))))))............]]]]]]].....................................(((((((((...........[[[[[[...........................)))))))))..............]]]]]]....((((((((((.....(((....[[[[..[[[...).)).....))))))))))............................................................]]]..]]]].........)))))......))))))))))))).......))))))))))))..(((((.......))))).)))))))....	(((((((.....[[[..(..([[((((((((...............(((.((.(((((((((([[[[[.....(((((((.......]]]]].............))))))).............((((....)))).......................................................................................................................................................................................((((((((((......................................[[[.........................))))))))))......................................................................(((((((.............((((..............[[[[[[[...............))))............................................................)))))))............]]]]]]]......................................((((((((...........[[[[[[[..........................))))))))..............]]]]]]]....((((((((((.....(((....[[[[.[[[[...).)).....))))))))))............................................................]]]].]]]]...]]...]))))))).....))))).)))............))))))))))..(((((.]]....))))).))))))).]]]
RF00023_30_9	954	30	715.247	109	19	10	0.852	0.916	0.883	(((((((..............((((((((((((.........((.(((((((.((((.((((([[[[[.....(((((((.......]]]]].............))))))).................................................................................................................................................................................................................(((((((((..................................................................))))))))).......................................................................((((((..............((((...((((.......[[[[[[[......)))).....)))).............................................................))))))............]]]]]]].....................................(((((((((...........[[[[[[...........................)))))))))..............]]]]]]....((((((((((.....(((....[[[[..[[[...).)).....))))))))))............................................................]]]..]]]].........)))))......))))))))))))).......))))))))))))..(((((.......))))).)))))))....	(((((((.....[[[..[..[[[((((((((..............(((((((.((..(((((([[[[[......((((((.......]]]]].............)))))).................................................................................................................................................................................................................(.((((((((......................................[[[.........................)))))))).)......................................................................(((((((.............((((...((((.......[[[[[[[......)))).....))))............................................................)))))))............]]]]]]].....................................((((((((((..(((.....[[[[[[[....................)))..)))))))))).............]]]]]]]....((((((((((.....(((....[[[[.[[[[...).)).....))))))))))............................................................]]]].]]]]...]]...])))))).......)))))))))...........))))))))....(((((.]]]]..))))).))))))).]]]
RF00023_50_1	954	50	718.008	110	13	9	0.894	0.924	0.909	(((((((..............((((((((((((.........((.(((((((.((((.((((([[[[[.....(((((((.......]]]]].............))))))).................................................................................................................................................................................................................(((((((((..................................................................))))))))).......................................................................((((((..............((((...((((.......[[[[[[[......)))).....)))).............................................................))))))............]]]]]]].....................................(((((((((...........[[[[[[...........................)))))))))..............]]]]]]....((((((((((.....(((....[[[[..[[[...).)).....))))))))))............................................................]]]..]]]].........)))))......))))))))))))).......))))))))))))..(((((.......))))).)))))))....	(((((((......[[..[..([[((((((((..............(((((((.((((.((((([[[[[.....(((((((.......]]]]].............)))))))..................................................................................................................................................................................................................((((((((..................................................................))))))))........................................................................(((((((.............((((...((((.......[[[[[[[......)))).....))))............................................................)))))))............]]]]]]].....................................((((((((((..........[[[[[[[.........................)))))))))).............]]]]]]]....((((((((((.....(((....[[[[[[[[[...).)).....))))))))))............................................................]]]]]]]]].........)))))))......)))))))))...........)))))))))...(((((.]].]..))))).))))))).]].
RF00023_50_10	954	50	720.783	109	16	10	0.872	0.916	0.893	(((((((..............((((((((((((.........((.(((((((.((((.((((([[[[[.....(((((((.......]]]]].............))))))).................................................................................................................................................................................................................(((((((((..................................................................))))))))).......................................................................((((((..............((((...((((.......[[[[[[[......)))).....)))).............................................................))))))............]]]]]]].....................................(((((((((...........[[[[[[...........................)))))))))..............]]]]]]....((((((((((.....(((....[[[[..[[[...).)).....))))))))))............................................................]]]..]]]].........)))))......))))))))))))).......))))))))))))..(((((.......))))).)))))))....	(((((((.....[[[..(..([[((((((((...............(((.((.(((.(((((([[[[[.....(((((((.......]]]]].............)))))))..................................................................................................................................................................................................................((((((((......................................[[[.........................))))))))........................................................................(((((((.............((((...((((.......[[[[[[[......)))).....))))............................................................)))))))............]]]]]]].....................................((((((((((..........[[[[[[[.........................)))))))))).............]]]]]]]....((((((((((.....(((....[[[[[[[[[...).)).....))))))))))............................................................]]]]]]]]]...]]...]))))))......))))).)))............))))))))))..(((((.]]....))))).))))))).]]]
RF00023_50_2	954	50	723.606	101	24	18	0.808	0.849	0.828	(((((((..............((((((((((((.........((.(((((((.((((.((((([[[[[.....(((((((.......]]]]].............))))))).................................................................................................................................................................................................................(((((((((..................................................................))))))))).......................................................................((((((..............((((...((((.......[[[[[[[......)))).....)))).............................................................))))))............]]]]]]].....................................(((((((((...........[[[[[[...........................)))))))))..............]]]]]]....((((((((((.....(((....[[[[..[[[...).)).....))))))))))............................................................]]]..]]]].........)))))......))))))))))))).......))))))))))))..(((((.......))))).)))))))....	(((((((.....[[[..(..([[((((((((................((....((.((((((([[[[[.....(((((((.......]]]]].............))))))).............((((....)))).....[[................................................................................................................................................................................((((((((((......................................[[[.........................))))))))))......................................................................(((((((.............((((....(((.......[[[[[[[......)))......))))............................................................)))))))............]]]]]]].......................................((((((....(((......[[[[[[....................)))....))))))...............]]]]]].....((((((((((.....(((....[[[[..[[[...).)).....))))))))))............................................................]]]..]]]]...]]...])))))))......))...))...........]]))))))))))..(((((.]]....))))).))))))).]]]
RF00023_50_3	954	50	726.425	110	18	9	0.859	0.924	0.891	(((((((..............((((((((((((.........((.(((((((.((((.((((([[[[[.....(((((((.......]]]]].............))))))).................................................................................................................................................................................................................(((((((((..................................................................))))))))).......................................................................((((((..............((((...((((.......[[[[[[[......)))).....)))).............................................................))))))............]]]]]]].....................................(((((((((...........[[[[[[...........................)))))))))..............]]]]]]....((((((((((.....(((....[[[[..[[[...).)).....))))))))))............................................................]]]..]]]].........)))))......))))))))))))).......))))))))))))..(((((.......))))).)))))))....	(((((((.....[[[..[..[[[((((((((.[............(((((((.((.((((((([[[[[.....(((((((.......]]]]].............))))))).............(((].....))).........................................................................................................................................................................................((((((((..................................................................))))))))........................................................................(((((((.............((((...((((.......[[[[[[[......)))).....))))............................................................)))))))............]]]]]]].....................................((((((((((..........[[[[[[[.........................)))))))))).............]]]]]]]....((((((((((.....(((....[[[[[[[[[...).)).....))))))))))............................................................]]]]]]]]].........)))))))......)))))))))...........))))))))....(((((.]]]]..))))).))))))).]]]
RF00023_50_4	954	50	729.26	107	21	12	0.836	0.899	0.866	(((((((..............((((((((((((.........((.(((((((.((((.((((([[[[[.....(((((((.......]]]]].............))))))).................................................................................................................................................................................................................(((((((((..................................................................))))))))).......................................................................((((((..............((((...((((.......[[[[[[[......)))).....)))).............................................................))))))............]]]]]]].....................................(((((((((...........[[[[[[...........................)))))))))..............]]]]]]....((((((((((.....(((....[[[[..[[[...).)).....))))))))))............................................................]]]..]]]].........)))))......))))))))))))).......))))))))))))..(((((.......))))).)))))))....	(((((((.....[[[..(..([[((((((((.[[...........((((.((.((.((((((([[[[[.....(((((((.......]]]]].............)))))))...............]]...............................................................................................................................................................................................((((((((((......................................[[[.........................))))))))))......................................................................(((((((.............((((....(((.......[[[[[[[......)))......))))............................................................)))))))............]]]]]]].......................................((((((((...(......[[[[[[[.....................)...))))))))...............]]]]]]]....((((((((((.....(((....[[[[[[[[[...).)).....))))))))))............................................................]]]]]]]]]...]]...])))))))......)))).))))...........))))))))))..(((((.]]....))))).))))))).]]]
RF00023_50_5	954	50	732.056	104	15	15	0.874	0.874	0.874	(((((((..............((((((((((((.........((.(((((((.((((.((((([[[[[.....(((((((.......]]]]].............))))))).................................................................................................................................................................................................................(((((((((..................................................................))))))))).......................................................................((((((..............((((...((((.......[[[[[[[......)))).....)))).............................................................))))))............]]]]]]].....................................(((((((((...........[[[[[[...........................)))))))))..............]]]]]]....((((((((((.....(((....[[[[..[[[...).)).....))))))))))............................................................]]]..]]]].........)))))......))))))))))))).......))))))))))))..(((((.......))))).)))))))....	(((((((......[[..(..(..((((((((..............(((......(.((((((([[[[[.....(((((((.......]]]]].............))))))).............((((....)))).........................................................................................................................................................................................((((((((......................................[[[.........................))))))))........................................................................(((((((.............((((...((((.......[[[[[[[......)))).....))))............................................................)))))))............]]]]]]].....................................(((((((((............[[[[[[..........................))))))))).............]]]]]].....((((((((((.....(((....[[[[..[[[...).)).....))))))))))............................................................]]]..]]]]...]]...])))))))......).....)))...........))))))))))..(((((.......))))).))))))).]].
RF00023_50_6	954	50	734.83	110	14	9	0.887	0.924	0.905	(((((((..............((((((((((((.........((.(((((((.((((.((((([[[[[.....(((((((.......]]]]].............))))))).................................................................................................................................................................................................................(((((((((..................................................................))))))))).......................................................................((((((..............((((...((((.......[[[[[[[......)))).....)))).............................................................))))))............]]]]]]].....................................(((((((((...........[[[[[[...........................)))))))))..............]]]]]]....((((((((((.....(((....[[[[..[[[...).)).....))))))))))............................................................]]]..]]]].........)))))......))))))))))))).......))))))))))))..(((((.......))))).)))))))....	(((((((......[[..[..[[[((((((((..............(((((((.((.(.((((([[[[[.....(((((((.......]]]]].............)))))))..................................................................................................................................................................................................................((((((((..................................................................))))))))........................................................................(((((((.............(((((..((((.......[[[[[[[......))))....)))))............................................................)))))))............]]]]]]].....................................(((((((((((.........[[[[[[[........................))))))))))).............]]]]]]]....((((((((((.....(((....[[[[[[[[[...).)).....))))))))))............................................................]]]]]]]]].........)))))).......)))))))))...........))))))))....(((((.]]]]..))))).))))))).]].
RF00023_50_7	954	50	737.744	108	20	11	0.844	0.908	0.874	(((((((..............((((((((((((.........((.(((((((.((((.((((([[[[[.....(((((((.......]]]]].............))))))).................................................................................................................................................................................................................(((((((((..................................................................))))))))).......................................................................((((((..............((((...((((.......[[[[[[[......)))).....)))).............................................................))))))............]]]]]]].....................................(((((((((...........[[[[[[...........................)))))))))..............]]]]]]....((((((((((.....(((....[[[[..[[[...).)).....))))))))))............................................................]]]..]]]].........)))))......))))))))))))).......))))))))))))..(((((.......))))).)))))))....	(((((((.....[[[..[..[[[((((((((.[[...........((((..(.((.((((((([[[[[.....(((((((.......]]]]].............))))))).............((]]......))......................................................................................................................................................................................(((((((((((......................................[[[.........................))))))))))).....................................................................(((((((.............((((....(((.......[[[[[[[......)))......))))............................................................)))))))............]]]]]]].....................................(((((((((...........[[[[[[[..........................))))))))).............]]]]]]]....((((((((((.....(((....[[[[..[[[...).)).....))))))))))............................................................]]]..]]]]...]]...])))))))......)))..))))...........))))))))....(((((.]]]]..))))).))))))).]]]
RF00023_50_8	954	50	740.564	109	22	10	0.832	0.916	0.872	(((((((..............((((((((((((.........((.(((((((.((((.((((([[[[[.....(((((((.......]]]]].............))))))).................................................................................................................................................................................................................(((((((((..................................................................))))))))).......................................................................((((((..............((((...((((.......[[[[[[[......)))).....)))).............................................................))))))............]]]]]]].....................................(((((((((...........[[[[[[...........................)))))))))..............]]]]]]....((((((((((.....(((....[[[[..[[[...).)).....))))))))))............................................................]]]..]]]].........)))))......))))))))))))).......))))))))))))..(((((.......))))).)))))))....	(((((((.....[[[..[..[[[((((((((.[.............((((((.((.((((((([[[[[.....(((((((.......]]]]].............))))))).............(((].....))).......................................................................................................................................................................................((((((((((......................................[[[.........................))))))))))......................................................................(((((((.............((((...((((.......[[[[[[[......)))).....))))............................................................)))))))............]]]]]]]......................................(((((((((..........[[[[[[[.........................)))))))))..............]]]]]]]....((((((((((.....(((....[[[[[[[[[...).)).....))))))))))............................................................]]]]]]]]]...]]...])))))))......))))))))............))))))))....(((((.]]]]..))))).))))))).]]]
RF00023_50_9	954	50	743.43	109	9	10	0.924	0.916	0.92	(((((((..............((((((((((((.........((.(((((((.((((.((((([[[[[.....(((((((.......]]]]].............))))))).................................................................................................................................................................................................................(((((((((..................................................................))))))))).......................................................................((((((..............((((...((((.......[[[[[[[......)))).....)))).............................................................))))))............]]]]]]].....................................(((((((((...........[[[[[[...........................)))))))))..............]]]]]]....((((((((((.....(((....[[[[..[[[...).)).....))))))))))............................................................]]]..]]]].........)))))......))))))))))))).......))))))))))))..(((((.......))))).)))))))....	(((((((..........[..([[((((((((..............(((((((.((.(.((((([[[[[.....(((((((.......]]]]].............)))))))..................................................................................................................................................................................................................((((((((..................................................................))))))))........................................................................(((((((.............((((...((((.......[[[[[[[......)))).....))))............................................................)))))))............]]]]]]].....................................(((((((((...........[[[[[[[..........................))))))))).............]]]]]]]....(((((((((......(((....[[[[[[[[[...).))......)))))))))............................................................]]]]]]]]].........)))))).......)))))))))...........)))))))))...(((((.]].]..))))).)))))))....
RF00023_75_1	954	75	746.998	109	14	10	0.886	0.916	0.901	(((((((..............((((((((((((.........((.(((((((.((((.((((([[[[[.....(((((((.......]]]]].............))))))).................................................................................................................................................................................................................(((((((((..................................................................))))))))).......................................................................((((((..............((((...((((.......[[[[[[[......)))).....)))).............................................................))))))............]]]]]]].....................................(((((((((...........[[[[[[...........................)))))))))..............]]]]]]....((((((((((.....(((....[[[[..[[[...).)).....))))))))))............................................................]]]..]]]].........)))))......))))))))))))).......))))))))))))..(((((.......))))).)))))))....	(((((((..........(..(..((((((((..............(((((.(.(((((((((([[[[[.....(((((((.......]]]]].............))))))).............((((....)))).........................................................................................................................................................................................((((((((......................................[[[.........................))))))))........................................................................(((((((.............((((...((((.......[[[[[[[......)))).....))))............................................................)))))))............]]]]]]]......................................(((((((((..........[[[[[[[.........................)))))))))..............]]]]]]]....((((((((((.....(((....[[[[..[[[...).)).....))))))))))............................................................]]]..]]]]...]]...]))))))).....)))).)))))...........))))))))))..(((((.......))))).)))))))....
RF00023_75_10	954	75	750.314	109	21	10	0.838	0.916	0.876	(((((((..............((((((((((((.........((.(((((((.((((.((((([[[[[.....(((((((.......]]]]].............))))))).................................................................................................................................................................................................................(((((((((..................................................................))))))))).......................................................................((((((..............((((...((((.......[[[[[[[......)))).....)))).............................................................))))))............]]]]]]].....................................(((((((((...........[[[[[[...........................)))))))))..............]]]]]]....((((((((((.....(((....[[[[..[[[...).)).....))))))))))............................................................]]]..]]]].........)))))......))))))))))))).......))))))))))))..(((((.......))))).)))))))....	(((((((......[[..[..[[[((((((((..............(((((((.((..(((((([[[[[.....(((((((.......]]]]].............)))))))...............((....))...........................................................................................................................................................................................((((((((......................................[[[.........................))))))))........................................................................(((((((.............((((...(((((......[[[[[[[.....))))).....))))............................................................)))))))............]]]]]]].....................................((((((((((..(((.....[[[[[[[....................)))..)))))))))).............]]]]]]]....(((((((((......(((....[[[[[[[[[...).))......)))))))))............................................................]]]]]]]]]...]]...])))))).......)))))))))...........))))))))....(((((.]]]]..))))).))))))).]].
RF00023_75_2	954	75	753.67	110	15	9	0.88	0.924	0.902	(((((((..............((((((((((((.........((.(((((((.((((.((((([[[[[.....(((((((.......]]]]].............))))))).................................................................................................................................................................................................................(((((((((..................................................................))))))))).......................................................................((((((..............((((...((((.......[[[[[[[......)))).....)))).............................................................))))))............]]]]]]].....................................(((((((((...........[[[[[[...........................)))))))))..............]]]]]]....((((((((((.....(((....[[[[..[[[...).)).....))))))))))............................................................]]]..]]]].........)))))......))))))))))))).......))))))))))))..(((((.......))))).)))))))....	(((((((......[[..[..[[[((((((((..............(((((((.((.(.((((([[[[[.....(((((((.......]]]]].............)))))))..................................................................................................................................................................................................................((((((((......................................[[[.........................))))))))........................................................................(((((((.............((((...((((.......[[[[[[[......)))).....))))............................................................)))))))............]]]]]]].....................................((((((((((..........[[[[[[[.........................)))))))))).............]]]]]]]....((((((((((.....(((....[[[[[[[[[...).)).....))))))))))............................................................]]]]]]]]]...]]...])))))).......)))))))))...........))))))))....(((((.]]]]..))))).))))))).]].
RF00023_75_3	954	75	757.077	108	16	11	0.871	0.908	0.889	(((((((..............((((((((((((.........((.(((((((.((((.((((([[[[[.....(((((((.......]]]]].............))))))).................................................................................................................................................................................................................(((((((((..................................................................))))))))).......................................................................((((((..............((((...((((.......[[[[[[[......)))).....)))).............................................................))))))............]]]]]]].....................................(((((((((...........[[[[[[...........................)))))))))..............]]]]]]....((((((((((.....(((....[[[[..[[[...).)).....))))))))))............................................................]]]..]]]].........)))))......))))))))))))).......))))))))))))..(((((.......))))).)))))))....	(((((((......[[..(..(..((((((((...............(((.((.((.((((((([[[[[.....(((((((.......]]]]].............))))))).............((((....)))).........................................................................................................................................................................................((((((((......................................[[[.........................))))))))........................................................................(((((((.............((((...((((.......[[[[[[[......)))).....))))............................................................)))))))............]]]]]]].....................................(((((((((...........[[[[[[[..........................))))))))).............]]]]]]]....((((((((((.....(((....[[[[.[[[[...).)).....))))))))))............................................................]]]].]]]]...]]...])))))))......)))).)))............))))))))))..(((((.......))))).))))))).]].
RF00023_75_4	954	75	760.593	108	21	11	0.837	0.908	0.871	(((((((..............((((((((((((.........((.(((((((.((((.((((([[[[[.....(((((((.......]]]]].............))))))).................................................................................................................................................................................................................(((((((((..................................................................))))))))).......................................................................((((((..............((((...((((.......[[[[[[[......)))).....)))).............................................................))))))............]]]]]]].....................................(((((((((...........[[[[[[...........................)))))))))..............]]]]]]....((((((((((.....(((....[[[[..[[[...).)).....))))))))))............................................................]]]..]]]].........)))))......))))))))))))).......))))))))))))..(((((.......))))).)))))))....	(((((((......[[..[..[[[((((((((..............((((.((.((.((((((([[[[[.....(((((((.......]]]]].............)))))))..............(((....))).......................................................................................................................................................................................((.((((((((......................................[[[.........................)))))))).)).....................................................................(((((((.............((((...((((.......[[[[[[[......)))).....))))............................................................)))))))............]]]]]]]......................................(((((((((..........[[[[[[[.........................)))))))))..............]]]]]]]....((((((((((.....(((....[[[[[[[[[...).)).....))))))))))............................................................]]]]]]]]]...]]...])))))))......)))).))))...........))))))))....(((((.]]]]..))))).))))))).]].
RF00023_75_5	954	75	763.939	110	15	9	0.88	0.924	0.902	(((((((..............((((((((((((.........((.(((((((.((((.((((([[[[[.....(((((((.......]]]]].............))))))).................................................................................................................................................................................................................(((((((((..................................................................))))))))).......................................................................((((((..............((((...((((.......[[[[[[[......)))).....)))).............................................................))))))............]]]]]]].....................................(((((((((...........[[[[[[...........................)))))))))..............]]]]]]....((((((((((.....(((....[[[[..[[[...).)).....))))))))))............................................................]]]..]]]].........)))))......))))))))))))).......))))))))))))..(((((.......))))).)))))))....	(((((((......[[..[..[[[((((((((..............(((((((.((..(((((([[[[[.....(((((((.......]]]]].............)))))))..................................................................................................................................................................................................................((((((((......................................[[[.........................))))))))........................................................................(((((((.............((((...((((.......[[[[[[[......)))).....))))............................................................)))))))............]]]]]]].....................................((((((((((..........[[[[[[[.........................)))))))))).............]]]]]]]....((((((((((.....(((....[[[[[[[[[...).)).....))))))))))............................................................]]]]]]]]]...]]...])))))).......)))))))))...........))))))))....(((((.]]]]..))))).))))))).]].
RF00023_75_6	954	75	767.313	108	19	11	0.85	0.908	0.878	(((((((..............((((((((((((.........((.(((((((.((((.((((([[[[[.....(((((((.......]]]]].............))))))).................................................................................................................................................................................................................(((((((((..................................................................))))))))).......................................................................((((((..............((((...((((.......[[[[[[[......)))).....)))).............................................................))))))............]]]]]]].....................................(((((((((...........[[[[[[...........................)))))))))..............]]]]]]....((((((((((.....(((....[[[[..[[[...).)).....))))))))))............................................................]]]..]]]].........)))))......))))))))))))).......))))))))))))..(((((.......))))).)))))))....	(((((((......[[..[..[[[((((((((..............(((((((..(.((((((([[[[[.....(((((((.......]]]]].............)))))))..............(((....)))..........................................................................................................................................................................................((((((((......................................[[[.........................))))))))........................................................................(((((((.............((((...((((.......[[[[[[[......)))).....))))............................................................)))))))............]]]]]]]......................................(((((((((..........[[[[[[[.........................)))))))))..............]]]]]]]....((((((((((.....(((....[[[[[[[[[...).)).....))))))))))............................................................]]]]]]]]]...]]...])))))))......).)))))))...........))))))))....(((((.]]]]..))))).))))))).]].
RF00023_75_7	954	75	770.854	110	21	9	0.84	0.924	0.88	(((((((..............((((((((((((.........((.(((((((.((((.((((([[[[[.....(((((((.......]]]]].............))))))).................................................................................................................................................................................................................(((((((((..................................................................))))))))).......................................................................((((((..............((((...((((.......[[[[[[[......)))).....)))).............................................................))))))............]]]]]]].....................................(((((((((...........[[[[[[...........................)))))))))..............]]]]]]....((((((((((.....(((....[[[[..[[[...).)).....))))))))))............................................................]]]..]]]].........)))))......))))))))))))).......))))))))))))..(((((.......))))).)))))))....	(((((((.....[[[..[..[[[((((((((..............(((((((.((..(((((([[[[[.....(((((((.......]]]]].............))))))).............((((....)))).......................................................................................................................................................................................(.((((((((......................................[[[.........................)))))))).)......................................................................(((((((.............((((...((((.......[[[[[[[......)))).....))))............................................................)))))))............]]]]]]].....................................((((((((((..........[[[[[[[.........................)))))))))).............]]]]]]]....((((((((((.....(((....[[[[[[[[[...).)).....))))))))))............................................................]]]]]]]]]...]]...])))))).......)))))))))...........))))))))....(((((.]]]]..))))).))))))).]]]
RF00023_75_8	954	75	774.199	109	12	10	0.901	0.916	0.908	(((((((..............((((((((((((.........((.(((((((.((((.((((([[[[[.....(((((((.......]]]]].............))))))).................................................................................................................................................................................................................(((((((((..................................................................))))))))).......................................................................((((((..............((((...((((.......[[[[[[[......)))).....)))).............................................................))))))............]]]]]]].....................................(((((((((...........[[[[[[...........................)))))))))..............]]]]]]....((((((((((.....(((....[[[[..[[[...).)).....))))))))))............................................................]]]..]]]].........)))))......))))))))))))).......))))))))))))..(((((.......))))).)))))))....	(((((((......[[..[..[[[((((((((..............(((((((.((.(.((((([[[[[.....(((((((.......]]]]].............)))))))..................................................................................................................................................................................................................((((((((..................................................................))))))))........................................................................(((((((.............((((...((((.......[[[[[[[......)))).....))))............................................................)))))))............]]]]]]].....................................((((((((((..........[[[[[[[.........................)))))))))).............]]]]]]]....(((((((((......(((....[[[[[[[[[...).))......)))))))))............................................................]]]]]]]]].........)))))).......)))))))))...........))))))))....(((((.]]]]..))))).))))))).]].
RF00023_75_9	954	75	777.646	110	16	9	0.873	0.924	0.898	(((((((..............((((((((((((.........((.(((((((.((((.((((([[[[[.....(((((((.......]]]]].............))))))).................................................................................................................................................................................................................(((((((((..................................................................))))))))).......................................................................((((((..............((((...((((.......[[[[[[[......)))).....)))).............................................................))))))............]]]]]]].....................................(((((((((...........[[[[[[...........................)))))))))..............]]]]]]....((((((((((.....(((....[[[[..[[[...).)).....))))))))))............................................................]]]..]]]].........)))))......))))))))))))).......))))))))))))..(((((.......))))).)))))))....	(((((((......[[..(..([[((((((((..............((((.((.((..(((((([[[[[.....(((((((.......]]]]].............)))))))................................................................................................................................................................................................................((((((((((......................................[[[.........................))))))))))......................................................................(((((((.............((((...((((.......[[[[[[[......)))).....))))............................................................)))))))............]]]]]]].....................................((((((((((..........[[[[[[[.........................)))))))))).............]]]]]]]....((((((((((.....(((....[[[[[[[[[...).)).....))))))))))............................................................]]]]]]]]]...]]...])))))).......)))).))))...........))))))))))..(((((.]]....))))).))))))).]].
RF00023_100_1	954	100	781.639	111	16	8	0.874	0.933	0.902	(((((((..............((((((((((((.........((.(((((((.((((.((((([[[[[.....(((((((.......]]]]].............))))))).................................................................................................................................................................................................................(((((((((..................................................................))))))))).......................................................................((((((..............((((...((((.......[[[[[[[......)))).....)))).............................................................))))))............]]]]]]].....................................(((((((((...........[[[[[[...........................)))))))))..............]]]]]]....((((((((((.....(((....[[[[..[[[...).)).....))))))))))............................................................]]]..]]]].........)))))......))))))))))))).......))))))))))))..(((((.......))))).)))))))....	(((((((......[[..(..[[[((((((((..............(((((((.((..(((((([[[[[.....(((((((.......]]]]].............)))))))................................................................................................................................................................................................................((((((((((......................................[[[.........................))))))))))......................................................................(((((((.............((((...((((.......[[[[[[[......)))).....))))............................................................)))))))............]]]]]]].....................................((((((((((..........[[[[[[[.........................)))))))))).............]]]]]]]....((((((((((.....(((....[[[[[[[[[...).)).....))))))))))............................................................]]]]]]]]]...]]...])))))).......)))))))))...........)))))))).)..(((((.]]]...))))).))))))).]].
RF00023_100_10	954	100	785.681	111	16	8	0.874	0.933	0.902	(((((((..............((((((((((((.........((.(((((((.((((.((((([[[[[.....(((((((.......]]]]].............))))))).................................................................................................................................................................................................................(((((((((..................................................................))))))))).......................................................................((((((..............((((...((((.......[[[[[[[......)))).....)))).............................................................))))))............]]]]]]].....................................(((((((((...........[[[[[[...........................)))))))))..............]]]]]]....((((((((((.....(((....[[[[..[[[...).)).....))))))))))............................................................]]]..]]]].........)))))......))))))))))))).......))))))))))))..(((((.......))))).)))))))....	(((((((......[[..[..[[[((((((((..............(((((((.((..(((((([[[[[.....(((((((.......]]]]].............)))))))................................................................................................................................................................................................................((((((((((......................................[[[.........................))))))))))......................................................................(((((((.............((((...((((.......[[[[[[[......)))).....))))............................................................)))))))............]]]]]]].....................................((((((((((..........[[[[[[[.........................)))))))))).............]]]]]]]....((((((((((.....(((....[[[[[[[[[...).)).....))))))))))............................................................]]]]]]]]]...]]...])))))).......)))))))))...........))))))))....(((((.]]]]..))))).))))))).]].
RF00023_100_2	954	100	789.673	109	17	10	0.865	0.916	0.89	(((((((..............((((((((((((.........((.(((((((.((((.((((([[[[[.....(((((((.......]]]]].............))))))).................................................................................................................................................................................................................(((((((((..................................................................))))))))).......................................................................((((((..............((((...((((.......[[[[[[[......)))).....)))).............................................................))))))............]]]]]]].....................................(((((((((...........[[[[[[...........................)))))))))..............]]]]]]....((((((((((.....(((....[[[[..[[[...).)).....))))))))))............................................................]]]..]]]].........)))))......))))))))))))).......))))))))))))..(((((.......))))).)))))))....	(((((((.....[[[..[..[[[((((((((..............(((((((.((.(.((((([[[[[.....(((((((.......]]]]].............)))))))................................................................................................................................................................................................................(.((((((((......................................[[[.........................)))))))).)......................................................................(((((((.............((((...((((.......[[[[[[[......)))).....))))............................................................)))))))............]]]]]]]......................................(((((((((..........[[[[[[[.........................)))))))))..............]]]]]]]....((((((((((.....(((....[[[[[[[[[...).)).....))))))))))............................................................]]]]]]]]]...]]...])))))).......)))))))))...........))))))))....(((((.]]]]..))))).))))))).]]]
RF00023_100_3	954	100	793.541	110	17	9	0.866	0.924	0.894	(((((((..............((((((((((((.........((.(((((((.((((.((((([[[[[.....(((((((.......]]]]].............))))))).................................................................................................................................................................................................................(((((((((..................................................................))))))))).......................................................................((((((..............((((...((((.......[[[[[[[......)))).....)))).............................................................))))))............]]]]]]].....................................(((((((((...........[[[[[[...........................)))))))))..............]]]]]]....((((((((((.....(((....[[[[..[[[...).)).....))))))))))............................................................]]]..]]]].........)))))......))))))))))))).......))))))))))))..(((((.......))))).)))))))....	(((((((......[[..[..[[[((((((((..............(((((((.((.(.((((([[[[[.....(((((((.......]]]]].............)))))))..............((......))..........................................................................................................................................................................................((((((((......................................[[[.........................))))))))........................................................................(((((((.............((((...((((.......[[[[[[[......)))).....))))............................................................)))))))............]]]]]]].....................................((((((((((..........[[[[[[[.........................)))))))))).............]]]]]]]....((((((((((.....(((....[[[[[[[[[...).)).....))))))))))............................................................]]]]]]]]]...]]...])))))).......)))))))))...........))))))))....(((((.]]]]..))))).))))))).]].
RF00023_100_4	954	100	797.414	106	22	13	0.828	0.891	0.858	(((((((..............((((((((((((.........((.(((((((.((((.((((([[[[[.....(((((((.......]]]]].............))))))).................................................................................................................................................................................................................(((((((((..................................................................))))))))).......................................................................((((((..............((((...((((.......[[[[[[[......)))).....)))).............................................................))))))............]]]]]]].....................................(((((((((...........[[[[[[...........................)))))))))..............]]]]]]....((((((((((.....(((....[[[[..[[[...).)).....))))))))))............................................................]]]..]]]].........)))))......))))))))))))).......))))))))))))..(((((.......))))).)))))))....	(((((((.....[[[..[..[[[((((((((...............(((..(..(.((((((([[[[[.....(((((((.......]]]]].............))))))).............((((....)))).......................................................................................................................................................................................(.((((((((......................................[[[.........................)))))))).)......................................................................(((((((.............((((...((((.......[[[[[[[......)))).....))))............................................................)))))))............]]]]]]].....................................((((((((((..........[[[[[[[.........................)))))))))).............]]]]]]]....((((((((((.....(((....[[[[[[[[[...).)).....))))))))))............................................................]]]]]]]]]...]]...])))))))......).)..)))............))))))))....(((((.]]]]..))))).))))))).]]]
RF00023_100_5	954	100	801.339	110	18	9	0.859	0.924	0.891	(((((((..............((((((((((((.........((.(((((((.((((.((((([[[[[.....(((((((.......]]]]].............))))))).................................................................................................................................................................................................................(((((((((..................................................................))))))))).......................................................................((((((..............((((...((((.......[[[[[[[......)))).....)))).............................................................))))))............]]]]]]].....................................(((((((((...........[[[[[[...........................)))))))))..............]]]]]]....((((((((((.....(((....[[[[..[[[...).)).....))))))))))............................................................]]]..]]]].........)))))......))))))))))))).......))))))))))))..(((((.......))))).)))))))....	(((((((.....[[[..(..(..((((((((..............((((.((.((.((((((([[[[[.....(((((((.......]]]]].............))))))).............((((....)))).......................................................................................................................................................................................((((((((((......................................[[[.........................))))))))))......................................................................(((((((.............((((...((((.......[[[[[[[......)))).....))))............................................................)))))))............]]]]]]].....................................(((((((((...........[[[[[[[..........................))))))))).............]]]]]]]....((((((((((.....(((....[[[[.[[[[...).)).....))))))))))............................................................]]]].]]]]...]]...])))))))......)))).))))...........))))))))))..(((((.......))))).))))))).]]]
RF00023_100_6	954	100	805.406	109	13	10	0.893	0.916	0.905	(((((((..............((((((((((((.........((.(((((((.((((.((((([[[[[.....(((((((.......]]]]].............))))))).................................................................................................................................................................................................................(((((((((..................................................................))))))))).......................................................................((((((..............((((...((((.......[[[[[[[......)))).....)))).............................................................))))))............]]]]]]].....................................(((((((((...........[[[[[[...........................)))))))))..............]]]]]]....((((((((((.....(((....[[[[..[[[...).)).....))))))))))............................................................]]]..]]]].........)))))......))))))))))))).......))))))))))))..(((((.......))))).)))))))....	(((((((..........[..[[[((((((((..............(((((((.((.(.((((([[[[[.....(((((((.......]]]]].............)))))))..................................................................................................................................................................................................................((((((((......................................[[[.........................))))))))........................................................................(((((((.............((((...((((.......[[[[[[[......)))).....))))............................................................)))))))............]]]]]]].....................................((((((((((..........[[[[[[[.........................)))))))))).............]]]]]]]....(((((((((......(((....[[[[[[[[[...).))......)))))))))............................................................]]]]]]]]]...]]...])))))).......)))))))))...........))))))))....(((((.]]]]..))))).)))))))....
RF00023_100_7	954	100	809.463	111	16	8	0.874	0.933	0.902	(((((((..............((((((((((((.........((.(((((((.((((.((((([[[[[.....(((((((.......]]]]].............))))))).................................................................................................................................................................................................................(((((((((..................................................................))))))))).......................................................................((((((..............((((...((((.......[[[[[[[......)))).....)))).............................................................))))))............]]]]]]].....................................(((((((((...........[[[[[[...........................)))))))))..............]]]]]]....((((((((((.....(((....[[[[..[[[...).)).....))))))))))............................................................]]]..]]]].........)))))......))))))))))))).......))))))))))))..(((((.......))))).)))))))....	(((((((.....[[[..[..[[[((((((((..............(((((((.((.(.((((([[[[[.....(((((((.......]]]]].............))))))).................................................................................................................................................................................................................(((((((((......................................[[[.........................))))))))).......................................................................(((((((.............((((...((((.......[[[[[[[......)))).....))))............................................................)))))))............]]]]]]].....................................((((((((((..........[[[[[[[.........................)))))))))).............]]]]]]]....((((((((((.....(((....[[[[[[[[[...).)).....))))))))))............................................................]]]]]]]]]...]]...])))))).......)))))))))...........))))))))....(((((.]]]]..))))).))))))).]]]
RF00023_100_8	954	100	813.353	109	17	10	0.865	0.916	0.89	(((((((..............((((((((((((.........((.(((((((.((((.((((([[[[[.....(((((((.......]]]]].............))))))).................................................................................................................................................................................................................(((((((((..................................................................))))))))).......................................................................((((((..............((((...((((.......[[[[[[[......)))).....)))).............................................................))))))............]]]]]]].....................................(((((((((...........[[[[[[...........................)))))))))..............]]]]]]....((((((((((.....(((....[[[[..[[[...).)).....))))))))))............................................................]]]..]]]].........)))))......))))))))))))).......))))))))))))..(((((.......))))).)))))))....	(((((((.....[[[..(..([[((((((((..............(((((((.((.(.((((([[[[[.....(((((((.......]]]]].............)))))))..............(((....)))........................................................................................................................................................................................(.((((((((..................................................................)))))))).)......................................................................(((((((.............((((...((((.......[[[[[[[......)))).....))))............................................................)))))))............]]]]]]]......................................(((((((((..........[[[[[[[.........................)))))))))..............]]]]]]]....((((((((((.....(((....[[[[[[[[[...).)).....))))))))))............................................................]]]]]]]]].........)))))).......)))))))))...........))))))))))..(((((.]]....))))).))))))).]]]
RF00023_100_9	954	100	817.298	109	17	10	0.865	0.916	0.89	(((((((..............((((((((((((.........((.(((((((.((((.((((([[[[[.....(((((((.......]]]]].............))))))).................................................................................................................................................................................................................(((((((((..................................................................))))))))).......................................................................((((((..............((((...((((.......[[[[[[[......)))).....)))).............................................................))))))............]]]]]]].....................................(((((((((...........[[[[[[...........................)))))))))..............]]]]]]....((((((((((.....(((....[[[[..[[[...).)).....))))))))))............................................................]]]..]]]].........)))))......))))))))))))).......))))))))))))..(((((.......))))).)))))))....	(((((((......[[..[..[[[((((((((..............((((.((.((.(.((((([[[[[.....(((((((.......]]]]].............))))))).............((((....)))).......................................................................................................................................................................................(.((((((((..................................................................)))))))).)......................................................................(((((((.............((((...((((.......[[[[[[[......)))).....))))............................................................)))))))............]]]]]]].....................................((((((((((..........[[[[[[[.........................)))))))))).............]]]]]]]....((((((((((.....(((....[[[[[[[[[...).)).....))))))))))............................................................]]]]]]]]].........)))))).......)))).))))...........))))))))....(((((.]]]]..))))).))))))).]].
RF00023_150_1	954	150	822.146	110	16	9	0.873	0.924	0.898	(((((((..............((((((((((((.........((.(((((((.((((.((((([[[[[.....(((((((.......]]]]].............))))))).................................................................................................................................................................................................................(((((((((..................................................................))))))))).......................................................................((((((..............((((...((((.......[[[[[[[......)))).....)))).............................................................))))))............]]]]]]].....................................(((((((((...........[[[[[[...........................)))))))))..............]]]]]]....((((((((((.....(((....[[[[..[[[...).)).....))))))))))............................................................]]]..]]]].........)))))......))))))))))))).......))))))))))))..(((((.......))))).)))))))....	(((((((......[[..[..[[[((((((((..............(((((((.((.(.((((([[[[[.....(((((((.......]]]]].............)))))))...............((....))...........................................................................................................................................................................................((((((((......................................[[[.........................))))))))........................................................................(((((((.............((((...((((.......[[[[[[[......)))).....))))............................................................)))))))............]]]]]]].....................................(((((((((...........[[[[[[[..........................))))))))).............]]]]]]]....((((((((((.....(((....[[[[[[[[[...).)).....))))))))))............................................................]]]]]]]]]...]]...])))))).......)))))))))...........))))))))....(((((.]]]]..))))).))))))).]].
RF00023_150_10	954	150	827.084	110	19	9	0.853	0.924	0.887	(((((((..............((((((((((((.........((.(((((((.((((.((((([[[[[.....(((((((.......]]]]].............))))))).................................................................................................................................................................................................................(((((((((..................................................................))))))))).......................................................................((((((..............((((...((((.......[[[[[[[......)))).....)))).............................................................))))))............]]]]]]].....................................(((((((((...........[[[[[[...........................)))))))))..............]]]]]]....((((((((((.....(((....[[[[..[[[...).)).....))))))))))............................................................]]]..]]]].........)))))......))))))))))))).......))))))))))))..(((((.......))))).)))))))....	(((((((.....[[[..(..([[((((((((..............(((((((.((.(.((((([[[[[.....(((((((.......]]]]].............)))))))...............((....)).........................................................................................................................................................................................(.((((((((......................................[[[.........................)))))))).)......................................................................(((((((.............((((...((((.......[[[[[[[......)))).....))))............................................................)))))))............]]]]]]].....................................((((((((((..........[[[[[[[.........................)))))))))).............]]]]]]]....((((((((((.....(((....[[[[[[[[[...).)).....))))))))))............................................................]]]]]]]]]...]]...])))))).......)))))))))...........))))))))))..(((((.]]....))))).))))))).]]]
RF00023_150_2	954	150	831.976	110	18	9	0.859	0.924	0.891	(((((((..............((((((((((((.........((.(((((((.((((.((((([[[[[.....(((((((.......]]]]].............))))))).................................................................................................................................................................................................................(((((((((..................................................................))))))))).......................................................................((((((..............((((...((((.......[[[[[[[......)))).....)))).............................................................))))))............]]]]]]].....................................(((((((((...........[[[[[[...........................)))))))))..............]]]]]]....((((((((((.....(((....[[[[..[[[...).)).....))))))))))............................................................]]]..]]]].........)))))......))))))))))))).......))))))))))))..(((((.......))))).)))))))....	(((((((.....[[[..(..([[((((((((..............(((((((.((.(.((((([[[[[.....(((((((.......]]]]].............)))))))..............(((....)))..........................................................................................................................................................................................((((((((......................................[[[.........................))))))))........................................................................(((((((.............((((...((((.......[[[[[[[......)))).....))))............................................................)))))))............]]]]]]].....................................(((((((((...........[[[[[[[..........................))))))))).............]]]]]]]....((((((((((.....(((....[[[[[[[[[...).)).....))))))))))............................................................]]]]]]]]]...]]...])))))).......)))))))))...........))))))))))..(((((.]]....))))).))))))).]]]
RF00023_150_3	954	150	836.802	109	18	10	0.858	0.916	0.886	(((((((..............((((((((((((.........((.(((((((.((((.((((([[[[[.....(((((((.......]]]]].............))))))).................................................................................................................................................................................................................(((((((((..................................................................))))))))).......................................................................((((((..............((((...((((.......[[[[[[[......)))).....)))).............................................................))))))............]]]]]]].....................................(((((((((...........[[[[[[...........................)))))))))..............]]]]]]....((((((((((.....(((....[[[[..[[[...).)).....))))))))))............................................................]]]..]]]].........)))))......))))))))))))).......))))))))))))..(((((.......))))).)))))))....	(((((((......[[..(..([[((((((((..............((((.((.((.(.((((([[[[[.....(((((((.......]]]]].............))))))).............(((......))).........................................................................................................................................................................................((((((((......................................[[[.........................))))))))........................................................................(((((((.............((((...((((.......[[[[[[[......)))).....))))............................................................)))))))............]]]]]]].....................................((((((((((..........[[[[[[[.........................)))))))))).............]]]]]]]....((((((((((.....(((....[[[[[[[[[...).)).....))))))))))............................................................]]]]]]]]]...]]...])))))).......)))).))))...........))))))))))..(((((.]]....))))).))))))).]].
RF00023_150_4	954	150	841.568	110	16	9	0.873	0.924	0.898	(((((((..............((((((((((((.........((.(((((((.((((.((((([[[[[.....(((((((.......]]]]].............))))))).................................................................................................................................................................................................................(((((((((..................................................................))))))))).......................................................................((((((..............((((...((((.......[[[[[[[......)))).....)))).............................................................))))))............]]]]]]].....................................(((((((((...........[[[[[[...........................)))))))))..............]]]]]]....((((((((((.....(((....[[[[..[[[...).)).....))))))))))............................................................]]]..]]]].........)))))......))))))))))))).......))))))))))))..(((((.......))))).)))))))....	(((((((.....[[[..[..[[[((((((((..............(((((((.((.(.((((([[[[[.....(((((((.......]]]]].............)))))))..................................................................................................................................................................................................................((((((((......................................[[[.........................))))))))........................................................................(((((((.............((((...((((.......[[[[[[[......)))).....))))............................................................)))))))............]]]]]]].....................................((((((((((..........[[[[[[[.........................)))))))))).............]]]]]]]....((((((((((.....(((....[[[[[[[[[...).)).....))))))))))............................................................]]]]]]]]]...]]...])))))).......)))))))))...........))))))))....(((((.]]]]..))))).))))))).]]]
RF00023_150_5	954	150	846.35	111	14	8	0.888	0.933	0.91	(((((((..............((((((((((((.........((.(((((((.((((.((((([[[[[.....(((((((.......]]]]].............))))))).................................................................................................................................................................................................................(((((((((..................................................................))))))))).......................................................................((((((..............((((...((((.......[[[[[[[......)))).....)))).............................................................))))))............]]]]]]].....................................(((((((((...........[[[[[[...........................)))))))))..............]]]]]]....((((((((((.....(((....[[[[..[[[...).)).....))))))))))............................................................]]]..]]]].........)))))......))))))))))))).......))))))))))))..(((((.......))))).)))))))....	(((((((.....[[[..(..(..((((((((..............(((((((.((.(.((((([[[[[.....(((((((.......]]]]].............))))))).................................................................................................................................................................................................................(((((((((......................................[[[.........................))))))))).......................................................................(((((((.............((((...((((.......[[[[[[[......)))).....))))............................................................)))))))............]]]]]]].....................................((((((((((..........[[[[[[[.........................)))))))))).............]]]]]]]....((((((((((.....(((....[[[[[[[[[...).)).....))))))))))............................................................]]]]]]]]]...]]...])))))).......)))))))))...........))))))))))..(((((.......))))).))))))).]]]
RF00023_150_6	954	150	851.102	110	13	9	0.894	0.924	0.909	(((((((..............((((((((((((.........((.(((((((.((((.((((([[[[[.....(((((((.......]]]]].............))))))).................................................................................................................................................................................................................(((((((((..................................................................))))))))).......................................................................((((((..............((((...((((.......[[[[[[[......)))).....)))).............................................................))))))............]]]]]]].....................................(((((((((...........[[[[[[...........................)))))))))..............]]]]]]....((((((((((.....(((....[[[[..[[[...).)).....))))))))))............................................................]]]..]]]].........)))))......))))))))))))).......))))))))))))..(((((.......))))).)))))))....	(((((((......[[..(..(..((((((((..............(((((((.((..(((((([[[[[.....(((((((.......]]]]].............)))))))..................................................................................................................................................................................................................((((((((......................................[[[.........................))))))))........................................................................(((((((.............((((...((((.......[[[[[[[......)))).....))))............................................................)))))))............]]]]]]].....................................((((((((((..........[[[[[[[.........................)))))))))).............]]]]]]]....((((((((((.....(((....[[[[[[[[[...).)).....))))))))))............................................................]]]]]]]]]...]]...])))))).......)))))))))...........))))))))))..(((((.......))))).))))))).]].
RF00023_150_7	954	150	855.921	111	12	8	0.902	0.933	0.917	(((((((..............((((((((((((.........((.(((((((.((((.((((([[[[[.....(((((((.......]]]]].............))))))).................................................................................................................................................................................................................(((((((((..................................................................))))))))).......................................................................((((((..............((((...((((.......[[[[[[[......)))).....)))).............................................................))))))............]]]]]]].....................................(((((((((...........[[[[[[...........................)))))))))..............]]]]]]....((((((((((.....(((....[[[[..[[[...).)).....))))))))))............................................................]]]..]]]].........)))))......))))))))))))).......))))))))))))..(((((.......))))).)))))))....	(((((((......[[..[..[[[((((((((..............(((((((.((.(.((((([[[[[.....(((((((.......]]]]].............))))))).................................................................................................................................................................................................................(((((((((..................................................................))))))))).......................................................................(((((((.............((((...((((.......[[[[[[[......)))).....))))............................................................)))))))............]]]]]]].....................................((((((((((..........[[[[[[[.........................)))))))))).............]]]]]]]....((((((((((.....(((....[[[[[[[[[...).)).....))))))))))............................................................]]]]]]]]].........)))))).......)))))))))...........))))))))....(((((.]]]]..))))).))))))).]].
RF00023_150_8	954	150	860.77	107	21	12	0.836	0.899	0.866	(((((((..............((((((((((((.........((.(((((((.((((.((((([[[[[.....(((((((.......]]]]].............))))))).................................................................................................................................................................................................................(((((((((..................................................................))))))))).......................................................................((((((..............((((...((((.......[[[[[[[......)))).....)))).............................................................))))))............]]]]]]].....................................(((((((((...........[[[[[[...........................)))))))))..............]]]]]]....((((((((((.....(((....[[[[..[[[...).)).....))))))))))............................................................]]]..]]]].........)))))......))))))))))))).......))))))))))))..(((((.......))))).)))))))....	(((((((.....[[[..(..([[((((((((..............((((.((.((.((((((([[[[[.....(((((((.......]]]]].............))))))).............((((....)))).........................................................................................................................................................................................((((((((......................................[[[.........................))))))))........................................................................(((((((.............((((....(((.......[[[[[[[......)))......))))............................................................)))))))............]]]]]]]......................................(((((((((..........[[[[[[[.........................)))))))))..............]]]]]]]....((((((((((.....(((....[[[[[[[[[...).)).....))))))))))............................................................]]]]]]]]]...]]...])))))))......)))).))))...........))))))))))..(((((.]]....))))).))))))).]]]
RF00023_150_9	954	150	865.682	110	15	9	0.88	0.924	0.902	(((((((..............((((((((((((.........((.(((((((.((((.((((([[[[[.....(((((((.......]]]]].............))))))).................................................................................................................................................................................................................(((((((((..................................................................))))))))).......................................................................((((((..............((((...((((.......[[[[[[[......)))).....)))).............................................................))))))............]]]]]]].....................................(((((((((...........[[[[[[...........................)))))))))..............]]]]]]....((((((((((.....(((....[[[[..[[[...).)).....))))))))))............................................................]]]..]]]].........)))))......))))))))))))).......))))))))))))..(((((.......))))).)))))))....	(((((((......[[..[..[[[((((((((..............(((((((.((.(.((((([[[[[.....(((((((.......]]]]].............)))))))..................................................................................................................................................................................................................((((((((......................................[[[.........................))))))))........................................................................(((((((.............((((...((((.......[[[[[[[......)))).....))))............................................................)))))))............]]]]]]].....................................((((((((((..........[[[[[[[.........................)))))))))).............]]]]]]]....((((((((((.....(((....[[[[[[[[[...).)).....))))))))))............................................................]]]]]]]]]...]]...])))))).......)))))))))...........))))))))....(((((.]]]]..))))).))))))).]].
RF00023_200_1	954	200	871.211	110	18	9	0.859	0.924	0.891	(((((((..............((((((((((((.........((.(((((((.((((.((((([[[[[.....(((((((.......]]]]].............))))))).................................................................................................................................................................................................................(((((((((..................................................................))))))))).......................................................................((((((..............((((...((((.......[[[[[[[......)))).....)))).............................................................))))))............]]]]]]].....................................(((((((((...........[[[[[[...........................)))))))))..............]]]]]]....((((((((((.....(((....[[[[..[[[...).)).....))))))))))............................................................]]]..]]]].........)))))......))))))))))))).......))))))))))))..(((((.......))))).)))))))....	(((((((......[[..(..([[((((((((..............(((((((.((.(.((((([[[[[.....(((((((.......]]]]].............)))))))..............(((....)))........................................................................................................................................................................................(.((((((((......................................[[[.........................)))))))).)......................................................................(((((((.............((((...((((.......[[[[[[[......)))).....))))............................................................)))))))............]]]]]]].....................................(((((((((...........[[[[[[[..........................))))))))).............]]]]]]]....((((((((((.....(((....[[[[[[[[[...).)).....))))))))))............................................................]]]]]]]]]...]]...])))))).......)))))))))...........))))))))))..(((((.]]....))))).))))))).]].
RF00023_200_10	954	200	876.892	110	13	9	0.894	0.924	0.909	(((((((..............((((((((((((.........((.(((((((.((((.((((([[[[[.....(((((((.......]]]]].............))))))).................................................................................................................................................................................................................(((((((((..................................................................))))))))).......................................................................((((((..............((((...((((.......[[[[[[[......)))).....)))).............................................................))))))............]]]]]]].....................................(((((((((...........[[[[[[...........................)))))))))..............]]]]]]....((((((((((.....(((....[[[[..[[[...).)).....))))))))))............................................................]]]..]]]].........)))))......))))))))))))).......))))))))))))..(((((.......))))).)))))))....	(((((((..........[..[[[((((((((..............(((((((.((.(.((((([[[[[.....(((((((.......]]]]].............)))))))..................................................................................................................................................................................................................((((((((......................................[[[.........................))))))))........................................................................(((((((.............((((...((((.......[[[[[[[......)))).....))))............................................................)))))))............]]]]]]].....................................((((((((((..........[[[[[[[.........................)))))))))).............]]]]]]]....((((((((((.....(((....[[[[[[[[[...).)).....))))))))))............................................................]]]]]]]]]...]]...])))))).......)))))))))...........))))))))....(((((.]]]]..))))).)))))))....
RF00023_200_2	954	200	882.334	110	16	9	0.873	0.924	0.898	(((((((..............((((((((((((.........((.(((((((.((((.((((([[[[[.....(((((((.......]]]]].............))))))).................................................................................................................................................................................................................(((((((((..................................................................))))))))).......................................................................((((((..............((((...((((.......[[[[[[[......)))).....)))).............................................................))))))............]]]]]]].....................................(((((((((...........[[[[[[...........................)))))))))..............]]]]]]....((((((((((.....(((....[[[[..[[[...).)).....))))))))))............................................................]]]..]]]].........)))))......))))))))))))).......))))))))))))..(((((.......))))).)))))))....	(((((((.....[[[..[..[[[((((((((..............(((((((.((.(.((((([[[[[.....(((((((.......]]]]].............)))))))..................................................................................................................................................................................................................((((((((......................................[[[.........................))))))))........................................................................(((((((.............((((...((((.......[[[[[[[......)))).....))))............................................................)))))))............]]]]]]].....................................((((((((((..........[[[[[[[.........................)))))))))).............]]]]]]]....((((((((((.....(((....[[[[[[[[[...).)).....))))))))))............................................................]]]]]]]]]...]]...])))))).......)))))))))...........))))))))....(((((.]]]]..))))).))))))).]]]
RF00023_200_3	954	200	887.9	110	17	9	0.866	0.924	0.894	(((((((..............((((((((((((.........((.(((((((.((((.((((([[[[[.....(((((((.......]]]]].............))))))).................................................................................................................................................................................................................(((((((((..................................................................))))))))).......................................................................((((((..............((((...((((.......[[[[[[[......)))).....)))).............................................................))))))............]]]]]]].....................................(((((((((...........[[[[[[...........................)))))))))..............]]]]]]....((((((((((.....(((....[[[[..[[[...).)).....))))))))))............................................................]]]..]]]].........)))))......))))))))))))).......))))))))))))..(((((.......))))).)))))))....	(((((((......[[..[..[[[((((((((..............(((((((.((.(.((((([[[[[.....(((((((.......]]]]].............)))))))..............((......))..........................................................................................................................................................................................((((((((......................................[[[.........................))))))))........................................................................(((((((.............((((...((((.......[[[[[[[......)))).....))))............................................................)))))))............]]]]]]].....................................((((((((((..........[[[[[[[.........................)))))))))).............]]]]]]]....((((((((((.....(((....[[[[[[[[[...).)).....))))))))))............................................................]]]]]]]]]...]]...])))))).......)))))))))...........))))))))....(((((.]]]]..))))).))))))).]].
RF00023_200_4	954	200	893.478	110	17	9	0.866	0.924	0.894	(((((((..............((((((((((((.........((.(((((((.((((.((((([[[[[.....(((((((.......]]]]].............))))))).................................................................................................................................................................................................................(((((((((..................................................................))))))))).......................................................................((((((..............((((...((((.......[[[[[[[......)))).....)))).............................................................))))))............]]]]]]].....................................(((((((((...........[[[[[[...........................)))))))))..............]]]]]]....((((((((((.....(((....[[[[..[[[...).)).....))))))))))............................................................]]]..]]]].........)))))......))))))))))))).......))))))))))))..(((((.......))))).)))))))....	(((((((.....[[[..(..([[((((((((..............(((((((.((.((((((([[[[[.....(((((((.......]]]]].............)))))))..................................................................................................................................................................................................................((((((((......................................[[[.........................))))))))........................................................................(((((((.............((((...((((.......[[[[[[[......)))).....))))............................................................)))))))............]]]]]]].....................................((((((((((..........[[[[[[[.........................)))))))))).............]]]]]]]....((((((((((.....(((....[[[[[[[[[...).)).....))))))))))............................................................]]]]]]]]]...]]...])))))))......)))))))))...........))))))))))..(((((.]]....))))).))))))).]]]
RF00023_200_5	954	200	898.987	110	18	9	0.859	0.924	0.891	(((((((..............((((((((((((.........((.(((((((.((((.((((([[[[[.....(((((((.......]]]]].............))))))).................................................................................................................................................................................................................(((((((((..................................................................))))))))).......................................................................((((((..............((((...((((.......[[[[[[[......)))).....)))).............................................................))))))............]]]]]]].....................................(((((((((...........[[[[[[...........................)))))))))..............]]]]]]....((((((((((.....(((....[[[[..[[[...).)).....))))))))))............................................................]]]..]]]].........)))))......))))))))))))).......))))))))))))..(((((.......))))).)))))))....	(((((((......[[..[..[[[((((((((..............(((((((.((..(((((([[[[[.....(((((((.......]]]]].............)))))))..............(((....)))..........................................................................................................................................................................................((((((((......................................[[[.........................))))))))........................................................................(((((((.............((((...((((.......[[[[[[[......)))).....))))............................................................)))))))............]]]]]]].....................................((((((((((..........[[[[[[[.........................)))))))))).............]]]]]]]....((((((((((.....(((....[[[[[[[[[...).)).....))))))))))............................................................]]]]]]]]]...]]...])))))).......)))))))))...........))))))))....(((((.]]]]..))))).))))))).]].
RF00023_200_6	954	200	904.436	110	20	9	0.846	0.924	0.884	(((((((..............((((((((((((.........((.(((((((.((((.((((([[[[[.....(((((((.......]]]]].............))))))).................................................................................................................................................................................................................(((((((((..................................................................))))))))).......................................................................((((((..............((((...((((.......[[[[[[[......)))).....)))).............................................................))))))............]]]]]]].....................................(((((((((...........[[[[[[...........................)))))))))..............]]]]]]....((((((((((.....(((....[[[[..[[[...).)).....))))))))))............................................................]]]..]]]].........)))))......))))))))))))).......))))))))))))..(((((.......))))).)))))))....	(((((((.....[[[..[..[[[((((((((..............(((((((.((.(.((((([[[[[.....(((((((.......]]]]].............))))))).............((((....)))).........................................................................................................................................................................................((((((((......................................[[[.........................))))))))........................................................................(((((((.............((((...((((.......[[[[[[[......)))).....))))............................................................)))))))............]]]]]]].....................................((((((((((..........[[[[[[[.........................)))))))))).............]]]]]]]....((((((((((.....(((....[[[[[[[[[...).)).....))))))))))............................................................]]]]]]]]]...]]...])))))).......)))))))))...........))))))))....(((((.]]]]..))))).))))))).]]]
RF00023_200_7	954	200	910.019	110	19	9	0.853	0.924	0.887	(((((((..............((((((((((((.........((.(((((((.((((.((((([[[[[.....(((((((.......]]]]].............))))))).................................................................................................................................................................................................................(((((((((..................................................................))))))))).......................................................................((((((..............((((...((((.......[[[[[[[......)))).....)))).............................................................))))))............]]]]]]].....................................(((((((((...........[[[[[[...........................)))))))))..............]]]]]]....((((((((((.....(((....[[[[..[[[...).)).....))))))))))............................................................]]]..]]]].........)))))......))))))))))))).......))))))))))))..(((((.......))))).)))))))....	(((((((.....[[[..[..[[[((((((((..............(((((((.((.(.((((([[[[[.....(((((((.......]]]]].............)))))))..............(((....)))..........................................................................................................................................................................................((((((((......................................[[[.........................))))))))........................................................................(((((((.............((((...((((.......[[[[[[[......)))).....))))............................................................)))))))............]]]]]]].....................................((((((((((..........[[[[[[[.........................)))))))))).............]]]]]]]....((((((((((.....(((....[[[[[[[[[...).)).....))))))))))............................................................]]]]]]]]]...]]...])))))).......)))))))))...........))))))))....(((((.]]]]..))))).))))))).]]]
RF00023_200_8	954	200	915.627	110	15	9	0.88	0.924	0.902	(((((((..............((((((((((((.........((.(((((((.((((.((((([[[[[.....(((((((.......]]]]].............))))))).................................................................................................................................................................................................................(((((((((..................................................................))))))))).......................................................................((((((..............((((...((((.......[[[[[[[......)))).....)))).............................................................))))))............]]]]]]].....................................(((((((((...........[[[[[[...........................)))))))))..............]]]]]]....((((((((((.....(((....[[[[..[[[...).)).....))))))))))............................................................]]]..]]]].........)))))......))))))))))))).......))))))))))))..(((((.......))))).)))))))....	(((((((......[[..[..[[[((((((((..............(((((((.((.(.((((([[[[[.....(((((((.......]]]]].............)))))))..................................................................................................................................................................................................................((((((((......................................[[[.........................))))))))........................................................................(((((((.............((((...((((.......[[[[[[[......)))).....))))............................................................)))))))............]]]]]]].....................................((((((((((..........[[[[[[[.........................)))))))))).............]]]]]]]....((((((((((.....(((....[[[[[[[[[...).)).....))))))))))............................................................]]]]]]]]]...]]...])))))).......)))))))))...........))))))))....(((((.]]]]..))))).))))))).]].
RF00023_200_9	954	200	921.125	110	16	9	0.873	0.924	0.898	(((((((..............((((((((((((.........((.(((((((.((((.((((([[[[[.....(((((((.......]]]]].............))))))).................................................................................................................................................................................................................(((((((((..................................................................))))))))).......................................................................((((((..............((((...((((.......[[[[[[[......)))).....)))).............................................................))))))............]]]]]]].....................................(((((((((...........[[[[[[...........................)))))))))..............]]]]]]....((((((((((.....(((....[[[[..[[[...).)).....))))))))))............................................................]]]..]]]].........)))))......))))))))))))).......))))))))))))..(((((.......))))).)))))))....	(((((((......[[..[..[[[((((((((..............(((((((.((.(.((((([[[[[.....(((((((.......]]]]].............)))))))................................................................................................................................................................................................................(.((((((((......................................[[[.........................)))))))).)......................................................................(((((((.............((((...((((.......[[[[[[[......)))).....))))............................................................)))))))............]]]]]]].....................................((((((((((..........[[[[[[[.........................)))))))))).............]]]]]]]....((((((((((.....(((....[[[[[[[[[...).)).....))))))))))............................................................]]]]]]]]]...]]...])))))).......)))))))))...........))))))))....(((((.]]]]..))))).))))))).]].
RF00023_300_1	954	300	928.301	110	19	9	0.853	0.924	0.887	(((((((..............((((((((((((.........((.(((((((.((((.((((([[[[[.....(((((((.......]]]]].............))))))).................................................................................................................................................................................................................(((((((((..................................................................))))))))).......................................................................((((((..............((((...((((.......[[[[[[[......)))).....)))).............................................................))))))............]]]]]]].....................................(((((((((...........[[[[[[...........................)))))))))..............]]]]]]....((((((((((.....(((....[[[[..[[[...).)).....))))))))))............................................................]]]..]]]].........)))))......))))))))))))).......))))))))))))..(((((.......))))).)))))))....	(((((((......[[..(..([[((((((((..............(((((((.((.(.((((([[[[[.....(((((((.......]]]]].............)))))))..............(((....)))........................................................................................................................................................................................(.((((((((......................................[[[.........................)))))))).)......................................................................(((((((.............((((...((((.......[[[[[[[......)))).....))))............................................................)))))))............]]]]]]].....................................((((((((((..........[[[[[[[.........................)))))))))).............]]]]]]]....((((((((((.....(((....[[[[[[[[[...).)).....))))))))))............................................................]]]]]]]]]...]]...])))))).......)))))))))...........))))))))))..(((((.]]....))))).))))))).]].
RF00023_300_10	954	300	935.46	110	15	9	0.88	0.924	0.902	(((((((..............((((((((((((.........((.(((((((.((((.((((([[[[[.....(((((((.......]]]]].............))))))).................................................................................................................................................................................................................(((((((((..................................................................))))))))).......................................................................((((((..............((((...((((.......[[[[[[[......)))).....)))).............................................................))))))............]]]]]]].....................................(((((((((...........[[[[[[...........................)))))))))..............]]]]]]....((((((((((.....(((....[[[[..[[[...).)).....))))))))))............................................................]]]..]]]].........)))))......))))))))))))).......))))))))))))..(((((.......))))).)))))))....	(((((((......[[..(..([[((((((((..............(((((((.((.(.((((([[[[[.....(((((((.......]]]]].............)))))))..................................................................................................................................................................................................................((((((((......................................[[[.........................))))))))........................................................................(((((((.............((((...((((.......[[[[[[[......)))).....))))............................................................)))))))............]]]]]]].....................................((((((((((..........[[[[[[[.........................)))))))))).............]]]]]]]....((((((((((.....(((....[[[[[[[[[...).)).....))))))))))............................................................]]]]]]]]]...]]...])))))).......)))))))))...........))))))))))..(((((.]]....))))).))))))).]].
RF00023_300_2	954	300	942.542	110	15	9	0.88	0.924	0.902	(((((((..............((((((((((((.........((.(((((((.((((.((((([[[[[.....(((((((.......]]]]].............))))))).................................................................................................................................................................................................................(((((((((..................................................................))))))))).......................................................................((((((..............((((...((((.......[[[[[[[......)))).....)))).............................................................))))))............]]]]]]].....................................(((((((((...........[[[[[[...........................)))))))))..............]]]]]]....((((((((((.....(((....[[[[..[[[...).)).....))))))))))............................................................]]]..]]]].........)))))......))))))))))))).......))))))))))))..(((((.......))))).)))))))....	(((((((......[[..[..[[[((((((((..............(((((((.((.(.((((([[[[[.....(((((((.......]]]]].............)))))))..................................................................................................................................................................................................................((((((((......................................[[[.........................))))))))........................................................................(((((((.............((((...((((.......[[[[[[[......)))).....))))............................................................)))))))............]]]]]]].....................................((((((((((..........[[[[[[[.........................)))))))))).............]]]]]]]....((((((((((.....(((....[[[[[[[[[...).)).....))))))))))............................................................]]]]]]]]]...]]...])))))).......)))))))))...........))))))))....(((((.]]]]..))))).))))))).]].
RF00023_300_3	954	300	949.739	110	15	9	0.88	0.924	0.902	(((((((..............((((((((((((.........((.(((((((.((((.((((([[[[[.....(((((((.......]]]]].............))))))).................................................................................................................................................................................................................(((((((((..................................................................))))))))).......................................................................((((((..............((((...((((.......[[[[[[[......)))).....)))).............................................................))))))............]]]]]]].....................................(((((((((...........[[[[[[...........................)))))))))..............]]]]]]....((((((((((.....(((....[[[[..[[[...).)).....))))))))))............................................................]]]..]]]].........)))))......))))))))))))).......))))))))))))..(((((.......))))).)))))))....	(((((((......[[..[..[[[((((((((..............(((((((.((.(.((((([[[[[.....(((((((.......]]]]].............)))))))..................................................................................................................................................................................................................((((((((......................................[[[.........................))))))))........................................................................(((((((.............((((...((((.......[[[[[[[......)))).....))))............................................................)))))))............]]]]]]].....................................((((((((((..........[[[[[[[.........................)))))))))).............]]]]]]]....((((((((((.....(((....[[[[[[[[[...).)).....))))))))))............................................................]]]]]]]]]...]]...])))))).......)))))))))...........))))))))....(((((.]]]]..))))).))))))).]].
RF00023_300_4	954	300	956.972	110	16	9	0.873	0.924	0.898	(((((((..............((((((((((((.........((.(((((((.((((.((((([[[[[.....(((((((.......]]]]].............))))))).................................................................................................................................................................................................................(((((((((..................................................................))))))))).......................................................................((((((..............((((...((((.......[[[[[[[......)))).....)))).............................................................))))))............]]]]]]].....................................(((((((((...........[[[[[[...........................)))))))))..............]]]]]]....((((((((((.....(((....[[[[..[[[...).)).....))))))))))............................................................]]]..]]]].........)))))......))))))))))))).......))))))))))))..(((((.......))))).)))))))....	(((((((.....[[[..[..[[[((((((((..............(((((((.((.(.((((([[[[[.....(((((((.......]]]]].............)))))))..................................................................................................................................................................................................................((((((((......................................[[[.........................))))))))........................................................................(((((((.............((((...((((.......[[[[[[[......)))).....))))............................................................)))))))............]]]]]]].....................................((((((((((..........[[[[[[[.........................)))))))))).............]]]]]]]....((((((((((.....(((....[[[[[[[[[...).)).....))))))))))............................................................]]]]]]]]]...]]...])))))).......)))))))))...........))))))))....(((((.]]]]..))))).))))))).]]]
RF00023_300_5	954	300	964.176	110	16	9	0.873	0.924	0.898	(((((((..............((((((((((((.........((.(((((((.((((.((((([[[[[.....(((((((.......]]]]].............))))))).................................................................................................................................................................................................................(((((((((..................................................................))))))))).......................................................................((((((..............((((...((((.......[[[[[[[......)))).....)))).............................................................))))))............]]]]]]].....................................(((((((((...........[[[[[[...........................)))))))))..............]]]]]]....((((((((((.....(((....[[[[..[[[...).)).....))))))))))............................................................]]]..]]]].........)))))......))))))))))))).......))))))))))))..(((((.......))))).)))))))....	(((((((.....[[[..[..[[[((((((((..............(((((((.((.(.((((([[[[[.....(((((((.......]]]]].............)))))))..................................................................................................................................................................................................................((((((((......................................[[[.........................))))))))........................................................................(((((((.............((((...((((.......[[[[[[[......)))).....))))............................................................)))))))............]]]]]]].....................................((((((((((..........[[[[[[[.........................)))))))))).............]]]]]]]....((((((((((.....(((....[[[[[[[[[...).)).....))))))))))............................................................]]]]]]]]]...]]...])))))).......)))))))))...........))))))))....(((((.]]]]..))))).))))))).]]]
RF00023_300_6	954	300	971.377	110	15	9	0.88	0.924	0.902	(((((((..............((((((((((((.........((.(((((((.((((.((((([[[[[.....(((((((.......]]]]].............))))))).................................................................................................................................................................................................................(((((((((..................................................................))))))))).......................................................................((((((..............((((...((((.......[[[[[[[......)))).....)))).............................................................))))))............]]]]]]].....................................(((((((((...........[[[[[[...........................)))))))))..............]]]]]]....((((((((((.....(((....[[[[..[[[...).)).....))))))))))............................................................]]]..]]]].........)))))......))))))))))))).......))))))))))))..(((((.......))))).)))))))....	(((((((......[[..[..[[[((((((((..............(((((((.((.(.((((([[[[[.....(((((((.......]]]]].............)))))))..................................................................................................................................................................................................................((((((((......................................[[[.........................))))))))........................................................................(((((((.............((((...((((.......[[[[[[[......)))).....))))............................................................)))))))............]]]]]]].....................................((((((((((..........[[[[[[[.........................)))))))))).............]]]]]]]....((((((((((.....(((....[[[[[[[[[...).)).....))))))))))............................................................]]]]]]]]]...]]...])))))).......)))))))))...........))))))))....(((((.]]]]..))))).))))))).]].
RF00023_300_7	954	300	978.59	109	18	10	0.858	0.916	0.886	(((((((..............((((((((((((.........((.(((((((.((((.((((([[[[[.....(((((((.......]]]]].............))))))).................................................................................................................................................................................................................(((((((((..................................................................))))))))).......................................................................((((((..............((((...((((.......[[[[[[[......)))).....)))).............................................................))))))............]]]]]]].....................................(((((((((...........[[[[[[...........................)))))))))..............]]]]]]....((((((((((.....(((....[[[[..[[[...).)).....))))))))))............................................................]]]..]]]].........)))))......))))))))))))).......))))))))))))..(((((.......))))).)))))))....	(((((((.....[[[..(..([[((((((((..............((((.((.((.(.((((([[[[[.....(((((((.......]]]]].............)))))))...............((....))...........................................................................................................................................................................................((((((((......................................[[[.........................))))))))........................................................................(((((((.............((((...((((.......[[[[[[[......)))).....))))............................................................)))))))............]]]]]]].....................................((((((((((..........[[[[[[[.........................)))))))))).............]]]]]]]....((((((((((.....(((....[[[[[[[[[...).)).....))))))))))............................................................]]]]]]]]]...]]...])))))).......)))).))))...........))))))))))..(((((.]]....))))).))))))).]]]
RF00023_300_8	954	300	985.847	110	15	9	0.88	0.924	0.902	(((((((..............((((((((((((.........((.(((((((.((((.((((([[[[[.....(((((((.......]]]]].............))))))).................................................................................................................................................................................................................(((((((((..................................................................))))))))).......................................................................((((((..............((((...((((.......[[[[[[[......)))).....)))).............................................................))))))............]]]]]]].....................................(((((((((...........[[[[[[...........................)))))))))..............]]]]]]....((((((((((.....(((....[[[[..[[[...).)).....))))))))))............................................................]]]..]]]].........)))))......))))))))))))).......))))))))))))..(((((.......))))).)))))))....	(((((((......[[..[..[[[((((((((..............(((((((.((.(.((((([[[[[.....(((((((.......]]]]].............)))))))..................................................................................................................................................................................................................((((((((......................................[[[.........................))))))))........................................................................(((((((.............((((...((((.......[[[[[[[......)))).....))))............................................................)))))))............]]]]]]].....................................((((((((((..........[[[[[[[.........................)))))))))).............]]]]]]]....((((((((((.....(((....[[[[[[[[[...).)).....))))))))))............................................................]]]]]]]]]...]]...])))))).......)))))))))...........))))))))....(((((.]]]]..))))).))))))).]].
RF00023_300_9	954	300	992.99	110	15	9	0.88	0.924	0.902	(((((((..............((((((((((((.........((.(((((((.((((.((((([[[[[.....(((((((.......]]]]].............))))))).................................................................................................................................................................................................................(((((((((..................................................................))))))))).......................................................................((((((..............((((...((((.......[[[[[[[......)))).....)))).............................................................))))))............]]]]]]].....................................(((((((((...........[[[[[[...........................)))))))))..............]]]]]]....((((((((((.....(((....[[[[..[[[...).)).....))))))))))............................................................]]]..]]]].........)))))......))))))))))))).......))))))))))))..(((((.......))))).)))))))....	(((((((......[[..[..[[[((((((((..............(((((((.((.(.((((([[[[[.....(((((((.......]]]]].............)))))))..................................................................................................................................................................................................................((((((((......................................[[[.........................))))))))........................................................................(((((((.............((((...((((.......[[[[[[[......)))).....))))............................................................)))))))............]]]]]]].....................................((((((((((..........[[[[[[[.........................)))))))))).............]]]]]]]....((((((((((.....(((....[[[[[[[[[...).)).....))))))))))............................................................]]]]]]]]]...]]...])))))).......)))))))))...........))))))))....(((((.]]]]..))))).))))))).]].
RF00010_2_1	996	2	995.675	58	85	56	0.406	0.509	0.451	((((.((.(.(.(.(.(..[[[[[[[.((((.((..(.((...................................................................................................)).).).).))))....(((.((((((((.(........[[[[..(.((.((................(((((.................................)))))(((((.................................)))).)((.......((.(((...............((.(((....((...(..(((.............................................................................................................................))).)....)..)...)))..))...........(((...((.(..................................))))))..((((.(.(.(.((.......)).).).).)))..)...................)))..)).))))))).))))...((((.....................................(((..(.((.........................................................(((((.]]]]....))))).........)))...)).)..................)...).))..............................((((.(.(.((....))).)..).).).)..............]]]]]]]...................................................................................))))))))...)..)))))).))))....	((((.((.(.(.(.(.{..((((((((((...((..(...[[[[...................................................................................[[.............).).).<<)).(((..{{{{{.[[[[.[....((.(...((.[.[[.((................(((((............(...)................)).....(((.................................)))..}}}.}}.....[.[..............[.[[.....}...((...(..(((((((((.................................................................................................................))))))))).)....)..)...{{{{{{............(((...((.(..]..]......................].....)))))).....{.....{.)).)))(..(........>>.......................{{{..((.((]]]]].]]]]]...}}}.....................................(((..(.(((..(((((({{{{((((((.....................))))))[[[[)))))).[[(((.}}}}....)))..........))))...)).).....)))).............).)................................}]].}.[.[[.)).]]].)..).).).).)..........).))))))).......................]]]]((((....)))).............................]]]]]]..............}}}}..}.})))))).))))....
RF00010_2_10	996	2	999.123	77	79	37	0.494	0.675	0.57	((((.((.(.(.(.(.(..[[[[[[[.((((.((..(.((...................................................................................................)).).).).))))....(((.((((((((.(........[[[[..(.((.((................(((((.................................)))))(((((.................................)))).)((.......((.(((...............((.(((....((...(..(((.............................................................................................................................))).)....)..)...)))..))...........(((...((.(..................................))))))..((((.(.(.(.((.......)).).).).)))..)...................)))..)).))))))).))))...((((.....................................(((..(.((.........................................................(((((.]]]]....))))).........)))...)).)..................)...).))..............................((((.(.(.((....))).)..).).).)..............]]]]]]]...................................................................................))))))))...)..)))))).))))....	((((.((.(.(.(.(............((((.((..(.((((..........................................................................................)).....)).).).).))))....(((.((((((((.(..............(.((.((.................((((............(...)................)))){{{{{{.......................{{{{.......((([[[[............)))............[[[.(((....((...(..(((((((((...)))[[[[[((........(.................................................................[[[[[)[[[[[[[[)).............)))))).)....)..)...)))...............(((...((.(..................................))))))..{{{{...(.(.((.................))).)..{................{{...{{.{{))))).))))(..((((.....................................(((..(.(((((((((((..((..........................]]]]]]]]..))))))).[[[[)))........]]]]........))))...)).).....}}}}.........)...).)))].....................]..]]].((((.(.(.((....))).)..).).).).}..}}...............}.................}}}.}}}}}}}}}}((.]]]]))...........................]]]].]]]]......))))))))......)))))).))))....
RF00010_2_2	996	2	1001.379	90	37	24	0.709	0.789	0.747	((((.((.(.(.(.(.(..[[[[[[[.((((.((..(.((...................................................................................................)).).).).))))....(((.((((((((.(........[[[[..(.((.((................(((((.................................)))))(((((.................................)))).)((.......((.(((...............((.(((....((...(..(((.............................................................................................................................))).)....)..)...)))..))...........(((...((.(..................................))))))..((((.(.(.(.((.......)).).).).)))..)...................)))..)).))))))).))))...((((.....................................(((..(.((.........................................................(((((.]]]]....))))).........)))...)).)..................)...).))..............................((((.(.(.((....))).)..).).).)..............]]]]]]]...................................................................................))))))))...)..)))))).))))....	((((.((.(.(.(.(....[[[[[[[[{{.(.((..(.((((...((([..........................................................................[[[)))...)).....)).).).).).......(((.((((((((.(...(....[[[.....((.((................(((((............(...)................))))).((((.................................))))............(.((...............[[[.(((....((...(..(((.............................................................................................................................))).)....)..)...)))...............(((...((.]..]..].........................}}..)))))...(((.(.(.(.((...[[..)).).).).)))).).)...........................))))).)))))..((((.(..<..............................<<(((..(.((........................................................]]{{{{{{]]]..................)))...)).)............).....)...).))..............................((((.(.(.((....))).)..).).).).>..>>..]]]]].]]]]]]]..................((((....))))...............................................}}}}}}.)))))))......)))))).))))....
RF00010_2_3	996	2	1003.723	92	36	22	0.719	0.807	0.76	((((.((.(.(.(.(.(..[[[[[[[.((((.((..(.((...................................................................................................)).).).).))))....(((.((((((((.(........[[[[..(.((.((................(((((.................................)))))(((((.................................)))).)((.......((.(((...............((.(((....((...(..(((.............................................................................................................................))).)....)..)...)))..))...........(((...((.(..................................))))))..((((.(.(.(.((.......)).).).).)))..)...................)))..)).))))))).))))...((((.....................................(((..(.((.........................................................(((((.]]]]....))))).........)))...)).)..................)...).))..............................((((.(.(.((....))).)..).).).)..............]]]]]]]...................................................................................))))))))...)..)))))).))))....	((((.((.(.(.(.(.(..((((((((((((.((..............................................................................................................).).))))....[[[.[[[[[(((.(....[[..[...[.(.((.((................(((((............(...)................))))))[[[[.........................(.......]]]]..((.(......].[[[........{.....))).(((....((...(..(...........................................................................................................................[[.}..).)....)..)...)))..((((.........(((...((.(..................................)))))).(((((.(.(.(.((.......)).).).).)))..).)......................)).))))))).))))]](((((.((.................................((((..(.((((........................................................((((]]]......)))))........))))...)).)....)...)...).....)...).)).......................)......((((.(.(.((....))).)..).).).).]..]]......).)))))))).................(((((..[[............................................))))).....]]]]]]]]]]......)))))).))))....
RF00010_2_4	996	2	1006.379	47	67	67	0.412	0.412	0.412	((((.((.(.(.(.(.(..[[[[[[[.((((.((..(.((...................................................................................................)).).).).))))....(((.((((((((.(........[[[[..(.((.((................(((((.................................)))))(((((.................................)))).)((.......((.(((...............((.(((....((...(..(((.............................................................................................................................))).)....)..)...)))..))...........(((...((.(..................................))))))..((((.(.(.(.((.......)).).).).)))..)...................)))..)).))))))).))))...((((.....................................(((..(.((.........................................................(((((.]]]]....))))).........)))...)).)..................)...).))..............................((((.(.(.((....))).)..).).).)..............]]]]]]]...................................................................................))))))))...)..)))))).))))....	((((.((.(.(.(.(....((((((((((((.((..(.(......(((((..........................................................................))))).((.{..........[.[.[.........))<<<<<.....................((.((................(((((............(...)................)))))...((.......................(...........[[[[[[...........................[[).))}(..((.......(((.............................................................................................................................)))))....).......{{{{{............(((...((.(..]..]............................))))))..{{{{.....(.((.......)).)(].].]]]].......................{..)].]]))))).)))))...}......[..............................[[(((..(.(((((......................................................(}}}}..[[......)))).........)))...)).)......]]{...............................................[[[[......)))))))).)..].].].].]..]]..............)..................(((((....)))))..................................................}>>>>>}}}}..}..)))))).))))....
RF00010_2_5	996	2	1008.517	77	53	37	0.592	0.675	0.631	((((.((.(.(.(.(.(..[[[[[[[.((((.((..(.((...................................................................................................)).).).).))))....(((.((((((((.(........[[[[..(.((.((................(((((.................................)))))(((((.................................)))).)((.......((.(((...............((.(((....((...(..(((.............................................................................................................................))).)....)..)...)))..))...........(((...((.(..................................))))))..((((.(.(.(.((.......)).).).).)))..)...................)))..)).))))))).))))...((((.....................................(((..(.((.........................................................(((((.]]]]....))))).........)))...)).)..................)...).))..............................((((.(.(.((....))).)..).).).)..............]]]]]]]...................................................................................))))))))...)..)))))).))))....	((((.((.(.(.(.(.(..[[[[[[[[((((.((.....({{{{..................................................................................................).).).))))[[..(.((....((((.(..............(.((.((................(((((............(...)................))))))(..(.................................)]]).(((......[.....................((.(((....((...(..(((.........................................................................................................................][[[))).)....)..)...)))..)).((..........[...[(.(............................}}}}..)))).].(](((.(.(.(.((.......)).).).).)))....)[................[[[.....))))))).)))))...]]].][[[..............................[.[.(..(.(((.........................................................((([[.........))).........))))...)(.(.....((((...].....].....]]]].....................]......((((.(.(.((....))).)..).).).)....]]].....].]]]]]]](.................((((((((((....)))))..................................)))))).....))))))))).....))))))).))))....
RF00010_2_6	996	2	1011.349	53	78	61	0.405	0.465	0.433	((((.((.(.(.(.(.(..[[[[[[[.((((.((..(.((...................................................................................................)).).).).))))....(((.((((((((.(........[[[[..(.((.((................(((((.................................)))))(((((.................................)))).)((.......((.(((...............((.(((....((...(..(((.............................................................................................................................))).)....)..)...)))..))...........(((...((.(..................................))))))..((((.(.(.(.((.......)).).).).)))..)...................)))..)).))))))).))))...((((.....................................(((..(.((.........................................................(((((.]]]]....))))).........)))...)).)..................)...).))..............................((((.(.(.((....))).)..).).).)..............]]]]]]]...................................................................................))))))))...)..)))))).))))....	((((.((.(.(.(.(.(..(((((((((........(.(............................................................................................{{{.....{{.).).{.{{{)....[[[.[[[[[(([.[...[[[.[[[[[[...((.((................(((..............(...)................[[))).((((.................................))))............).))).........(((..(((.([[..............((((<<<<<[[.....................................................................................................[[.....))))...))).)....)..)...)}}}}...]]]].(....(((...((.(..(..(............................<<<<................].].......................................}}}}})).))))))).]]))...((((.....................................(((..(.((....>>>>............(.................(((.......))))>>>>>.]]]]]]]]]..................)))...)).)..................)...).)).............................(((((.(.(.((....))).)..).).).).)..........).))))))))..................(((((([...)))))].......................................)]]......]]]]]]]]......)))))).))))....
RF00010_2_7	996	2	1014.007	80	65	34	0.552	0.702	0.618	((((.((.(.(.(.(.(..[[[[[[[.((((.((..(.((...................................................................................................)).).).).))))....(((.((((((((.(........[[[[..(.((.((................(((((.................................)))))(((((.................................)))).)((.......((.(((...............((.(((....((...(..(((.............................................................................................................................))).)....)..)...)))..))...........(((...((.(..................................))))))..((((.(.(.(.((.......)).).).).)))..)...................)))..)).))))))).))))...((((.....................................(((..(.((.........................................................(((((.]]]]....))))).........)))...)).)..................)...).))..............................((((.(.(.((....))).)..).).).)..............]]]]]]]...................................................................................))))))))...)..)))))).))))....	((((.((.(.(.(.(....((((((((((.(.((..(.((((........................................................................................[[[.)...))).).).).).)).]]][[[.[[[[[(((.(........[[[[[.[.((.((................(.(((............(...)................)))((((([[.......................(((.......]].[[[[[.......[[.[[)))............((..[[[....[[...(..(((.............................................................................................................................))).)............))..{(((..{]]....]]]...((.(..{..{........................{...))))))...[[[.[.[.).)).)).(..((...].].]]]].]]]}................)))..}}.})))))}.))))(..((((...........((((.........))))....]]]]](((..(.((..{{....................................................{{{..]]]]]]....[[[[[.........)))...)).)..................)...).))).............................((((.(.(.((....))).)..).).).)............).)))))))...................]](((((....}}}}}...).............................))))....]]]....]]]]]]]]......)))))).))))....
RF00010_2_8	996	2	1016.534	70	65	44	0.519	0.614	0.562	((((.((.(.(.(.(.(..[[[[[[[.((((.((..(.((...................................................................................................)).).).).))))....(((.((((((((.(........[[[[..(.((.((................(((((.................................)))))(((((.................................)))).)((.......((.(((...............((.(((....((...(..(((.............................................................................................................................))).)....)..)...)))..))...........(((...((.(..................................))))))..((((.(.(.(.((.......)).).).).)))..)...................)))..)).))))))).))))...((((.....................................(((..(.((.........................................................(((((.]]]]....))))).........)))...)).)..................)...).))..............................((((.(.(.((....))).)..).).).)..............]]]]]]]...................................................................................))))))))...)..)))))).))))....	((((.((.(.(.(.(.........[[[((((.((..(.((...................................................................................................)).).).).)))).[[[...((({{{.]].]............{.(.((.((................(((((............(...)................)))))).(((........................]]]......))){{..{.{........{{((........{{...(((.(((....((.......(...............................................................................................................................)<.<....)..)...)))...))).........(((...((.(..[..[......................[[[...)))))).(((((.(.(.(.((.......)).).).).)))..).))................)}}..[[.>>.)))).)))((.[((((.............].................(....((((..(.(((...((((([[[....................................[[)))))[[[[[[[[.......[[[[[.........))))...)).).....)......).....)...).))))..........................].]]]].(.(.((}}..))).)..].].].].]..]]].((..................................}}))}}...}..................................]]]]]]].........}}}..]]]]..]..)))))).))))....
RF00010_2_9	996	2	1019.014	79	70	35	0.53	0.693	0.601	((((.((.(.(.(.(.(..[[[[[[[.((((.((..(.((...................................................................................................)).).).).))))....(((.((((((((.(........[[[[..(.((.((................(((((.................................)))))(((((.................................)))).)((.......((.(((...............((.(((....((...(..(((.............................................................................................................................))).)....)..)...)))..))...........(((...((.(..................................))))))..((((.(.(.(.((.......)).).).).)))..)...................)))..)).))))))).))))...((((.....................................(((..(.((.........................................................(((((.]]]]....))))).........)))...)).)..................)...).))..............................((((.(.(.((....))).)..).).).)..............]]]]]]]...................................................................................))))))))...)..)))))).))))....	((((.((.(.(.(.(.(..((((((((((((.((..(.(.....................................................................................................).).).).))))....[[[.[[[[[(((...........<<<..{.{{.{{.................((((............(.(((................(((((.((((....((...((([[[[)))>>>)).........))))..((.......((.(((.........]]]].(((.(((....((...(...............................................................................................................................(((.((.(....[..[...[))....))))..(....(((...((.(..(...........................[..)))))))..)(((.(.(((.((.......)).))).).)))..).))))))))..........)))..)).[[}}}}}..{{{{....)).....................................[[[..[.[[..)))))))).......................................)))))..(((((((}}}}...))))))........)]]]...]].]..................]...]...[[.........................)).((((...(.((]].])))....).).).)........)...).)))))))).................((((((....))))).........................................)...]]]..]]]]]]]]......)))))).))))....
RF00010_5_1	996	5	1021.333	92	26	22	0.78	0.807	0.793	((((.((.(.(.(.(.(..[[[[[[[.((((.((..(.((...................................................................................................)).).).).))))....(((.((((((((.(........[[[[..(.((.((................(((((.................................)))))(((((.................................)))).)((.......((.(((...............((.(((....((...(..(((.............................................................................................................................))).)....)..)...)))..))...........(((...((.(..................................))))))..((((.(.(.(.((.......)).).).).)))..)...................)))..)).))))))).))))...((((.....................................(((..(.((.........................................................(((((.]]]]....))))).........)))...)).)..................)...).))..............................((((.(.(.((....))).)..).).).)..............]]]]]]]...................................................................................))))))))...)..)))))).))))....	((((.((.(.(.(.(.(..((((((((((((.((..(.((..((.....................................................................................))........)).).).).))))....[[[.[[[[[(((.(..........[[[.(.((.((................(((((............(...)................))))).((((.................................))))............].]].................(.(((....((...(..(((.............................................................................................................................))).)....)..)........[[[[.........)))...)(.(..................................)).....(((((.(.(.(.((.......)).).).).)))..).)......................]].]]))))).))))...((((.....................................(((..(.(((........................................................((((((...)....)))))........))))...)).)..................)...).))..............................((((.(.(.((....))).)..).).).)............).)))))))).................(((((((....)))))........................................)).......]]]]]]]]......)))))).))))....
RF00010_5_10	996	5	1023.468	96	35	18	0.733	0.842	0.784	((((.((.(.(.(.(.(..[[[[[[[.((((.((..(.((...................................................................................................)).).).).))))....(((.((((((((.(........[[[[..(.((.((................(((((.................................)))))(((((.................................)))).)((.......((.(((...............((.(((....((...(..(((.............................................................................................................................))).)....)..)...)))..))...........(((...((.(..................................))))))..((((.(.(.(.((.......)).).).).)))..)...................)))..)).))))))).))))...((((.....................................(((..(.((.........................................................(((((.]]]]....))))).........)))...)).)..................)...).))..............................((((.(.(.((....))).)..).).).)..............]]]]]]]...................................................................................))))))))...)..)))))).))))....	((((.((.(.(.(.(....[[[[[[[[((((.((..(.((...................................................................................................)).).).).)))).[[.(((.((((([[[.[...[((....(((...[[..(................(((((............(...)................))))))((((.................................))))............).))...............[[{.(((....((...(..(((((((((((((((.....................................................................................................))))))))))))))).)....)..)...)))..((((.........(((...((.(..]..]............................)))))).(((((.(.(.(.((.......)).).).).)))..).).................}....)).))..]]].]]]].((((((.....................................(((..(.(((........................................................((((((.]])....)))))........))))...)).)..................)...).)).......................)..)...((((.(.(.((....))).)..).).).)....))......].]]]]]]]...................................................................................))))))))......)))))).))))....
RF00010_5_2	996	5	1025.606	100	14	14	0.877	0.877	0.877	((((.((.(.(.(.(.(..[[[[[[[.((((.((..(.((...................................................................................................)).).).).))))....(((.((((((((.(........[[[[..(.((.((................(((((.................................)))))(((((.................................)))).)((.......((.(((...............((.(((....((...(..(((.............................................................................................................................))).)....)..)...)))..))...........(((...((.(..................................))))))..((((.(.(.(.((.......)).).).).)))..)...................)))..)).))))))).))))...((((.....................................(((..(.((.........................................................(((((.]]]]....))))).........)))...)).)..................)...).))..............................((((.(.(.((....))).)..).).).)..............]]]]]]]...................................................................................))))))))...)..)))))).))))....	((((.((.(.(.(.(....((((((((((((.((..(.(.....................................................................................................).).).).))))....[[[.[[[[[(((.(........[[[[..(.((.((................(((((............(...)................))))).((((.................................))))............[.[[...................(((....((...(..((((...........................................................................................................................)))).)....)..)...)))..((((.........(((...((.(..................................))))))...(((.(.(.(.((.......)).).).).)))].].]......................)).))))))).))))(((((((.....................................(((..(.(((.........................................................((((.]]]]....))))).........)))...)).)..................)...).)).......................)..))..((((.(.(.((....))).)..).).).)............).)))))))...................................................................................]]]]]]]]......)))))).))))....
RF00010_5_3	996	5	1027.986	100	45	14	0.69	0.877	0.772	((((.((.(.(.(.(.(..[[[[[[[.((((.((..(.((...................................................................................................)).).).).))))....(((.((((((((.(........[[[[..(.((.((................(((((.................................)))))(((((.................................)))).)((.......((.(((...............((.(((....((...(..(((.............................................................................................................................))).)....)..)...)))..))...........(((...((.(..................................))))))..((((.(.(.(.((.......)).).).).)))..)...................)))..)).))))))).))))...((((.....................................(((..(.((.........................................................(((((.]]]]....))))).........)))...)).)..................)...).))..............................((((.(.(.((....))).)..).).).)..............]]]]]]]...................................................................................))))))))...)..)))))).))))....	((((.((.(.(.(.(....((((((((((((.((..(.(.....................................................................................................).).).).))))....[[[.[[[[[(((.(........[[[[[.(.((.((................(((((............(...)................))))).((((.................................))))..............[[...............[[(.(((....((...(..((((((((((((((((((.(...........................................................................................).)))))))))))))))))).)....)..)...)))..{{{{.........(((...((.(..]..]............................)))))).(.(((.(.(.(.((.......)).).).).)))].].).................)....}}.}}))))).)))).((((((......((((((((.............))))))))..(((..(.((..........................................................((((]]]]]....))))..........)))...)).)..................)...).)).......................)..)...((((.(.(.((....))).)..).).).)............).)))))))..................((((((..............................................)))))).......]]]]]]]]......)))))).))))....
RF00010_5_4	996	5	1030.264	97	41	17	0.703	0.851	0.77	((((.((.(.(.(.(.(..[[[[[[[.((((.((..(.((...................................................................................................)).).).).))))....(((.((((((((.(........[[[[..(.((.((................(((((.................................)))))(((((.................................)))).)((.......((.(((...............((.(((....((...(..(((.............................................................................................................................))).)....)..)...)))..))...........(((...((.(..................................))))))..((((.(.(.(.((.......)).).).).)))..)...................)))..)).))))))).))))...((((.....................................(((..(.((.........................................................(((((.]]]]....))))).........)))...)).)..................)...).))..............................((((.(.(.((....))).)..).).).)..............]]]]]]]...................................................................................))))))))...)..)))))).))))....	((((.((.(.(.(.(....((((((((((((.((..(.(((............................................................................................).....)).).).).))))....[[[.[[[[[(((.(....[[.[.{....(.((.((................(((((............(...)................))))).((((.................................))))............[.[[}..............[[[.(((....((...(..((((......................................................................................................................(...))))).)....)..)...)))..((((.........(((...((.(..................................))))))...(((.(.(.(.((.......)).).).).)))......................]]]..)).))))))).))))...((((.....................................(((..(.(((..(((((((.......................................)))))))..((((..[[[....)))).........))))...)).).....]]]..........)...).))..............................((((.(.(.((]]].))).)..).).).).]..]]......).)))))))...................(((((..[(((((...]))))).............................)))))........]]]]]]]]......)))))).))))....
RF00010_5_5	996	5	1032.286	101	15	13	0.871	0.886	0.878	((((.((.(.(.(.(.(..[[[[[[[.((((.((..(.((...................................................................................................)).).).).))))....(((.((((((((.(........[[[[..(.((.((................(((((.................................)))))(((((.................................)))).)((.......((.(((...............((.(((....((...(..(((.............................................................................................................................))).)....)..)...)))..))...........(((...((.(..................................))))))..((((.(.(.(.((.......)).).).).)))..)...................)))..)).))))))).))))...((((.....................................(((..(.((.........................................................(((((.]]]]....))))).........)))...)).)..................)...).))..............................((((.(.(.((....))).)..).).).)..............]]]]]]]...................................................................................))))))))...)..)))))).))))....	((((.((.(.(.(.(....((((((((((((.((..(.((...................................................................................................)).).).).))))....[[[.[[[[[(((.(.........[[[..(.((.((................(((((.................................))))).((((.................................))))............[.[....................(((....((...(..(((.............................................................................................................................))).)....)..)...)))..((((.........(((...((.(..................................)))))).(((((.(.(.(.((.......)).).).).)))..).)......................)).))))))).))))]](((((.....................................(((..(.(((.........................................................(((((]]])....)))).........))))...)).)..................)...).)).......................)......((((.(.(.((....))).)..).).).)............).)))))))..................((((..................................................)))).......]]]]]]]]......)))))).))))....
RF00010_5_6	996	5	1034.366	96	18	18	0.842	0.842	0.842	((((.((.(.(.(.(.(..[[[[[[[.((((.((..(.((...................................................................................................)).).).).))))....(((.((((((((.(........[[[[..(.((.((................(((((.................................)))))(((((.................................)))).)((.......((.(((...............((.(((....((...(..(((.............................................................................................................................))).)....)..)...)))..))...........(((...((.(..................................))))))..((((.(.(.(.((.......)).).).).)))..)...................)))..)).))))))).))))...((((.....................................(((..(.((.........................................................(((((.]]]]....))))).........)))...)).)..................)...).))..............................((((.(.(.((....))).)..).).).)..............]]]]]]]...................................................................................))))))))...)..)))))).))))....	((((.((.(.(.(.(....((((((((((((..(..(.(.....................................................................................................).).)...))))....[[[.[[[[[(((.(........[[[[..(.((..(................(((((............(...)................))))))((((.................................))))............(.((...............((..(((....((...(..((......(.................................................................................................................)......)).)....)..)...)))..[[)).........(((...((.(..................................))))))...(((.(.(.(.((.......)).).).).)))).).).........................]]..))).))))...((((....................................((((..(.(((.........................................................((((.]]]]....))))).........)))...)).).....)............)...).))..............................((((.(.(.((....))).)..).).).)............).))))))).....................(((((....)))))................................................]]]]]]]]......)))))).))))....
RF00010_5_7	996	5	1036.705	99	29	15	0.773	0.868	0.818	((((.((.(.(.(.(.(..[[[[[[[.((((.((..(.((...................................................................................................)).).).).))))....(((.((((((((.(........[[[[..(.((.((................(((((.................................)))))(((((.................................)))).)((.......((.(((...............((.(((....((...(..(((.............................................................................................................................))).)....)..)...)))..))...........(((...((.(..................................))))))..((((.(.(.(.((.......)).).).).)))..)...................)))..)).))))))).))))...((((.....................................(((..(.((.........................................................(((((.]]]]....))))).........)))...)).)..................)...).))..............................((((.(.(.((....))).)..).).).)..............]]]]]]]...................................................................................))))))))...)..)))))).))))....	((((.((.(.(.(.(.(..((((((((((((.((..(.((...................................................................................................)).).).).))))....[[[.[[..((((.(........[[[[..(.((.((................(((((............(...)................))))).((((.................................))))...........((.((...............[[..(((....((...(..(((.............................................................................................................................))).)....)..)...)))...............(((...((.(..]..]............................))))))...(((.(.(.(.((.......)).).).).)))).).))..........................))))).)))))..((((.....................................(((..(.(((..(((((...........................................))))).(((((.]]]]....)))))........))))...)).).....[[[[...[.....)...).))..............................((((.(.(.((....))).)..).).).)............).))))))))..................((((((((.....)))))..................................))).......]]]]]]]]]]......)))))).))))....
RF00010_5_8	996	5	1039.002	93	28	21	0.769	0.816	0.791	((((.((.(.(.(.(.(..[[[[[[[.((((.((..(.((...................................................................................................)).).).).))))....(((.((((((((.(........[[[[..(.((.((................(((((.................................)))))(((((.................................)))).)((.......((.(((...............((.(((....((...(..(((.............................................................................................................................))).)....)..)...)))..))...........(((...((.(..................................))))))..((((.(.(.(.((.......)).).).).)))..)...................)))..)).))))))).))))...((((.....................................(((..(.((.........................................................(((((.]]]]....))))).........)))...)).)..................)...).))..............................((((.(.(.((....))).)..).).).)..............]]]]]]]...................................................................................))))))))...)..)))))).))))....	((((.((.(.(.(.(....((((((((((.(.((..(.(((....(((..............................................................................)))....).....)).).).).).))....[[[.[[[[[(((.(.........[[[..(.((.((................(((((............(...)................))))).((((.................................))))...............[...............(((........((...(..(((.............................................................................................................................))).)....)..)...)))..((((.........(((...((.(..................................)))))).(((((.(.(.(.((.......)).).).).)))].).)[................[[[..)).))))))).)))).(((]]].]..{................................(((..(.(((..((................................................))...(((((]]])....))))).........)))...)).)........[..................).....................)..)...((((.(.(.((....))).)..).).).).....}......).)))))))..................................................................................]]]]]]]]]......)))))).))))....
RF00010_5_9	996	5	1041.488	100	25	14	0.8	0.877	0.837	((((.((.(.(.(.(.(..[[[[[[[.((((.((..(.((...................................................................................................)).).).).))))....(((.((((((((.(........[[[[..(.((.((................(((((.................................)))))(((((.................................)))).)((.......((.(((...............((.(((....((...(..(((.............................................................................................................................))).)....)..)...)))..))...........(((...((.(..................................))))))..((((.(.(.(.((.......)).).).).)))..)...................)))..)).))))))).))))...((((.....................................(((..(.((.........................................................(((((.]]]]....))))).........)))...)).)..................)...).))..............................((((.(.(.((....))).)..).).).)..............]]]]]]]...................................................................................))))))))...)..)))))).))))....	((((.((.(.(.(.(.(..((((((((((((.((..(.(((((........................................................................................))).....)).).).).))))....[[[.[[[[[(((.(........{{{{..(.((.((................(((((............(...)................))))).((((.................................)))).....[[...[...[[[[.............[[..(((....((...(..(((.............................................................................................................................))).)....)..)...)))..((((....(....(((...((.(..]..]............................)))))).[)(((.(.(((.((.......)).))).).)))....]......................)).))))))).)))).....((.....................................(((..(.((...(((.............................................)))...(((((.}}}}....))))).........)))...)).)..................)...).]]]].....................]..]]..((((.(.(.((....))).)..).).).)............).))))))))..................................................................................]]]]]]]]......)))))).))))....
RF00010_10_1	996	10	1043.992	101	14	13	0.878	0.886	0.882	((((.((.(.(.(.(.(..[[[[[[[.((((.((..(.((...................................................................................................)).).).).))))....(((.((((((((.(........[[[[..(.((.((................(((((.................................)))))(((((.................................)))).)((.......((.(((...............((.(((....((...(..(((.............................................................................................................................))).)....)..)...)))..))...........(((...((.(..................................))))))..((((.(.(.(.((.......)).).).).)))..)...................)))..)).))))))).))))...((((.....................................(((..(.((.........................................................(((((.]]]]....))))).........)))...)).)..................)...).))..............................((((.(.(.((....))).)..).).).)..............]]]]]]]...................................................................................))))))))...)..)))))).))))....	((((.((.(.(.(.(....((((((((((((.((..(.((...................................................................................................)).).).).))))....[[[.[[[[[(((.(........[[[[[.(.((.((................(((((............(...)................))))).((((.................................))))............[.[[...................(((....((...(..(((.............................................................................................................................))).)....)..)...)))..((((.........(((...((.(..................................))))))...(((.(.(.(.((.......)).).).).)))].].]......................)).))))))).)))).((((((.((..................................(((..(.((..........................................................((((]]]]]....))))..........)))...)).)........)...).....)...).)).......................)..)...((((.(.(.((....))).)..).).).)............).)))))))...................................................................................]]]]]]]]......)))))).))))....
RF00010_10_10	996	10	1046.28	101	14	13	0.878	0.886	0.882	((((.((.(.(.(.(.(..[[[[[[[.((((.((..(.((...................................................................................................)).).).).))))....(((.((((((((.(........[[[[..(.((.((................(((((.................................)))))(((((.................................)))).)((.......((.(((...............((.(((....((...(..(((.............................................................................................................................))).)....)..)...)))..))...........(((...((.(..................................))))))..((((.(.(.(.((.......)).).).).)))..)...................)))..)).))))))).))))...((((.....................................(((..(.((.........................................................(((((.]]]]....))))).........)))...)).)..................)...).))..............................((((.(.(.((....))).)..).).).)..............]]]]]]]...................................................................................))))))))...)..)))))).))))....	((((.((.(.(.(.(....((((((((((((.((..(.(.....................................................................................................).).).).))))....[[[.[[[[[(((.(........[[[[..(.((.((................(((((............(...)................))))).((((.................................))))...............................[[[.(((....((...(..(((.............................................................................................................................))).)....)..)...)))..((((.........(((...((.(..................................)))))).(((((.(.(.(.((.......)).).).).)))..).).................]]]..)).))))))).))))...((((.....................................(((..(.(((.........................................................((((.]]]]....)))).........))))...)).)..................)...).))..............................((((.(.(.((....))).)..).).).)............).)))))))..................(((....................................................))).......]]]]]]]]......)))))).))))....
RF00010_10_2	996	10	1048.721	97	19	17	0.836	0.851	0.843	((((.((.(.(.(.(.(..[[[[[[[.((((.((..(.((...................................................................................................)).).).).))))....(((.((((((((.(........[[[[..(.((.((................(((((.................................)))))(((((.................................)))).)((.......((.(((...............((.(((....((...(..(((.............................................................................................................................))).)....)..)...)))..))...........(((...((.(..................................))))))..((((.(.(.(.((.......)).).).).)))..)...................)))..)).))))))).))))...((((.....................................(((..(.((.........................................................(((((.]]]]....))))).........)))...)).)..................)...).))..............................((((.(.(.((....))).)..).).).)..............]]]]]]]...................................................................................))))))))...)..)))))).))))....	((((.((.(.(.(.(.(..((((((((((((.((..(.(.....................................................................................................).).).).))))....[[[.[[[[[(((.(..............(.((.((................(((((............(...)................))))))((((.................................))))..............[[{..............[[..(((....((...(..(((.............................................................................................................................))).)....)..)...)))..((((<........(((...((.(..]..]............................)))))).(.(((.(.(.(.((.......)).).).).)))].].).................}....)).))>)))).))))...((((.....................................(((..(.(((........................................................((((((...)....)))))........))))...)).)..................)...).))..............................((((.(.(.((....))).)..).).).)............).))))))))...................(((................................................))).........]]]]]]]]......)))))).))))....
RF00010_10_3	996	10	1051.411	98	18	16	0.845	0.86	0.852	((((.((.(.(.(.(.(..[[[[[[[.((((.((..(.((...................................................................................................)).).).).))))....(((.((((((((.(........[[[[..(.((.((................(((((.................................)))))(((((.................................)))).)((.......((.(((...............((.(((....((...(..(((.............................................................................................................................))).)....)..)...)))..))...........(((...((.(..................................))))))..((((.(.(.(.((.......)).).).).)))..)...................)))..)).))))))).))))...((((.....................................(((..(.((.........................................................(((((.]]]]....))))).........)))...)).)..................)...).))..............................((((.(.(.((....))).)..).).).)..............]]]]]]]...................................................................................))))))))...)..)))))).))))....	((((.((.(.(.(.(.(..((((((((((((.((..(.((((...((................................................................................))...)).....)).).).).))))....[[[.[[[[[(((.(..............(.((.((................(((((............(...)................))))).((((.................................))))............[.[[[..............[[..(((....((...(..(.................................................................................................................................).)....)..)...)))..((((.........(((...((.(..]..]............................))))))...(((.(.(.(.((.......)).).).).)))......................]]]].)).))))))).)))).((((((.....................................(((..(.(((.........................................................(((((...)....)))).........))))...)).)..................)...).)).......................)..)...((((.(.(.((....))).)..).).).)............).))))))))..................................................................................]]]]]]]]......)))))).))))....
RF00010_10_4	996	10	1053.574	98	11	16	0.899	0.86	0.879	((((.((.(.(.(.(.(..[[[[[[[.((((.((..(.((...................................................................................................)).).).).))))....(((.((((((((.(........[[[[..(.((.((................(((((.................................)))))(((((.................................)))).)((.......((.(((...............((.(((....((...(..(((.............................................................................................................................))).)....)..)...)))..))...........(((...((.(..................................))))))..((((.(.(.(.((.......)).).).).)))..)...................)))..)).))))))).))))...((((.....................................(((..(.((.........................................................(((((.]]]]....))))).........)))...)).)..................)...).))..............................((((.(.(.((....))).)..).).).)..............]]]]]]]...................................................................................))))))))...)..)))))).))))....	((((.((.(.(.(.(....((((((((((((.((..(.((...................................................................................................)).).).).))))....[[[.[[[[[(((.(..............(.((.((................(((((............(...)................))))).((((.................................))))..............[[...............[[..(((....((...(..(.................................................................................................................................).)....)..)...)))..((((.........(((...((.(..]..]............................))))))...(((.(.(.(.((.......)).).).).))).......................]]..)).))))))).)))).((((((.....................................(((..(.(((........................................................(((((.........)))))........))))...)).)..................)...).)).......................)..)...((((.(.(.((....))).)..).).).)............).)))))))...................................................................................]]]]]]]]......)))))).))))....
RF00010_10_5	996	10	1056.074	100	25	14	0.8	0.877	0.837	((((.((.(.(.(.(.(..[[[[[[[.((((.((..(.((...................................................................................................)).).).).))))....(((.((((((((.(........[[[[..(.((.((................(((((.................................)))))(((((.................................)))).)((.......((.(((...............((.(((....((...(..(((.............................................................................................................................))).)....)..)...)))..))...........(((...((.(..................................))))))..((((.(.(.(.((.......)).).).).)))..)...................)))..)).))))))).))))...((((.....................................(((..(.((.........................................................(((((.]]]]....))))).........)))...)).)..................)...).))..............................((((.(.(.((....))).)..).).).)..............]]]]]]]...................................................................................))))))))...)..)))))).))))....	((((.((.(.(.(.(....((((((((((((.((..(.((...................................................................................................)).).).).))))....[[[.[[[[[(((.(........[[[[[.(.((.((................(((((............(...)................))))).((((.................................))))..............[[...............[[..(((....((...(..(.................................................................................................................................).)....)..)...)))..((((.........(((...((.(..]..]............................)))))).(.(((.(.(.(.((.......)).).).).)))].].)......................)).))))))).))))(((((((......(((((((((...........))))))))).((((..(.((.........................................................(((((]]]]]....))))).........)))...)).).....)............)...).)).......................)..))..((((.(.(.((....))).)..).).).)............).)))))))...................................................................................]]]]]]]]......)))))).))))....
RF00010_10_6	996	10	1058.71	102	27	12	0.791	0.895	0.84	((((.((.(.(.(.(.(..[[[[[[[.((((.((..(.((...................................................................................................)).).).).))))....(((.((((((((.(........[[[[..(.((.((................(((((.................................)))))(((((.................................)))).)((.......((.(((...............((.(((....((...(..(((.............................................................................................................................))).)....)..)...)))..))...........(((...((.(..................................))))))..((((.(.(.(.((.......)).).).).)))..)...................)))..)).))))))).))))...((((.....................................(((..(.((.........................................................(((((.]]]]....))))).........)))...)).)..................)...).))..............................((((.(.(.((....))).)..).).).)..............]]]]]]]...................................................................................))))))))...)..)))))).))))....	((((.((.(.(.(.(.(..((((((((((((.((..(.((...................................................................................................)).).).).))))....[[[.[[[[[(((.(........[[[[[.(.((.((................(((((............(...)................))))).((((.................................))))..............[[...................(((....((...(..(((((((((((((((.....................................................................................................))))))))))))))).)....)..)...)))..((((.........(((...((.(..................................)))))).(.(((.(.(.(.((.......)).).).).)))].].)......................)).))))))).)))).((((((.....................................(((..(.((.........................................................(((((]]]]]....))))).........)))...)).)..................)...).)).......................)..)...((((.(.(.((....))).)..).).).)............).))))))))..................((....................................................))........]]]]]]]]......)))))).))))....
RF00010_10_7	996	10	1061.119	100	27	14	0.787	0.877	0.83	((((.((.(.(.(.(.(..[[[[[[[.((((.((..(.((...................................................................................................)).).).).))))....(((.((((((((.(........[[[[..(.((.((................(((((.................................)))))(((((.................................)))).)((.......((.(((...............((.(((....((...(..(((.............................................................................................................................))).)....)..)...)))..))...........(((...((.(..................................))))))..((((.(.(.(.((.......)).).).).)))..)...................)))..)).))))))).))))...((((.....................................(((..(.((.........................................................(((((.]]]]....))))).........)))...)).)..................)...).))..............................((((.(.(.((....))).)..).).).)..............]]]]]]]...................................................................................))))))))...)..)))))).))))....	((((.((.(.(.(.(....((((((((((((.((..(.(.....................................................................................................).).).).))))....[[[.[[[[[(((.(........[[[[..(.((.((................(((((............(...)................))))).((((.................................))))...............................[[[.(((....((...(..((((((((((((((((((...............................................................................................)))))))))))))))))).)....)..)...)))..((((.........(((...((.(..................................))))))...(((.(.(.(.((.......)).).).).)))......................]]]..)).))))))).)))).((((((.....................................(((..(.(((.........................................................((((.]]]]....)))).........))))...)).)..................)...).)).......................)..)...((((.(.(.((....))).)..).).).)............).)))))))...................................................................................]]]]]]]]......)))))).))))....
RF00010_10_8	996	10	1063.283	102	9	12	0.919	0.895	0.907	((((.((.(.(.(.(.(..[[[[[[[.((((.((..(.((...................................................................................................)).).).).))))....(((.((((((((.(........[[[[..(.((.((................(((((.................................)))))(((((.................................)))).)((.......((.(((...............((.(((....((...(..(((.............................................................................................................................))).)....)..)...)))..))...........(((...((.(..................................))))))..((((.(.(.(.((.......)).).).).)))..)...................)))..)).))))))).))))...((((.....................................(((..(.((.........................................................(((((.]]]]....))))).........)))...)).)..................)...).))..............................((((.(.(.((....))).)..).).).)..............]]]]]]]...................................................................................))))))))...)..)))))).))))....	((((.((.(.(.(.(....((((((((((((.((..(.(.....................................................................................................).).).).))))....[[[.[[[[[(((.(........[[[[[.(.((.((................(((((............(...)................))))).((((.................................))))..............[[[..............[[..(((....((...(..(.................................................................................................................................).)....)..)...)))..((((.........(((...((.(..]..]............................))))))...(((.(.(.(.((.......)).).).).)))......................]]]..)).))))))).))))...((((.....................................(((..(.((.........................................................(((((]]]]]....))))).........)))...)).)..................)...).))..............................((((.(.(.((....))).)..).).).)............).)))))))...................................................................................]]]]]]]]......)))))).))))....
RF00010_10_9	996	10	1065.641	103	10	11	0.912	0.904	0.907	((((.((.(.(.(.(.(..[[[[[[[.((((.((..(.((...................................................................................................)).).).).))))....(((.((((((((.(........[[[[..(.((.((................(((((.................................)))))(((((.................................)))).)((.......((.(((...............((.(((....((...(..(((.............................................................................................................................))).)....)..)...)))..))...........(((...((.(..................................))))))..((((.(.(.(.((.......)).).).).)))..)...................)))..)).))))))).))))...((((.....................................(((..(.((.........................................................(((((.]]]]....))))).........)))...)).)..................)...).))..............................((((.(.(.((....))).)..).).).)..............]]]]]]]...................................................................................))))))))...)..)))))).))))....	((((.((.(.(.(.(....((((((((((((.((..(.(((............................................................................................).....)).).).).))))....[[[.[[[[[(((.(.........[[[..(.((.((................(((((............(...)................))))).((((.................................))))..............[[[..................(((....((...(..(((.............................................................................................................................))).)....)..)...)))..((((.........(((...((.(..................................))))))...(((.(.(.(.((.......)).).).).)))......................]]]..)).))))))).))))...((((.....................................(((..(.(((.........................................................((((.]]].....)))).........))))...)).)..................)...).)).(.....................(......((((.(.(.((....))).)..).).).).....)).....).)))))))...................................................................................]]]]]]]]......)))))).))))....
RF00010_20_1	996	20	1068.122	102	15	12	0.872	0.895	0.883	((((.((.(.(.(.(.(..[[[[[[[.((((.((..(.((...................................................................................................)).).).).))))....(((.((((((((.(........[[[[..(.((.((................(((((.................................)))))(((((.................................)))).)((.......((.(((...............((.(((....((...(..(((.............................................................................................................................))).)....)..)...)))..))...........(((...((.(..................................))))))..((((.(.(.(.((.......)).).).).)))..)...................)))..)).))))))).))))...((((.....................................(((..(.((.........................................................(((((.]]]]....))))).........)))...)).)..................)...).))..............................((((.(.(.((....))).)..).).).)..............]]]]]]]...................................................................................))))))))...)..)))))).))))....	((((.((.(.(.(.(....((((((((((((.((..(.(((............................................................................................).....)).).).).))))....[[[.[[[[[(((.(........[[[[..(.((.((................(((((............(...)................))))).((((.................................))))............[.[[...............[[..(((....((...(..(((.............................................................................................................................))).)....)..)...)))..((((.........(((...((.(..]..]............................))))))...(((.(.(.(.((.......)).).).).)))].].]......................)).))))))).))))...((((.....................................(((..(.(((........................................................(((((.]]]]....)))))........))))...)).)..................)...).)).(.....................(......((((.(.(.((....))).)..).).).).....)).....).)))))))...................................................................................]]]]]]]]......)))))).))))....
RF00010_20_10	996	20	1070.81	102	17	12	0.857	0.895	0.876	((((.((.(.(.(.(.(..[[[[[[[.((((.((..(.((...................................................................................................)).).).).))))....(((.((((((((.(........[[[[..(.((.((................(((((.................................)))))(((((.................................)))).)((.......((.(((...............((.(((....((...(..(((.............................................................................................................................))).)....)..)...)))..))...........(((...((.(..................................))))))..((((.(.(.(.((.......)).).).).)))..)...................)))..)).))))))).))))...((((.....................................(((..(.((.........................................................(((((.]]]]....))))).........)))...)).)..................)...).))..............................((((.(.(.((....))).)..).).).)..............]]]]]]]...................................................................................))))))))...)..)))))).))))....	((((.((.(.(.(.(....((((((((((((.((..(.((...................................................................................................)).).).).))))....[[[.[[[[[(((.(........[[[[[.(.((.((................(((((............(...)................))))).((((.................................))))..............{{...............[[[.(((....((...(..((((...........................................................................................................................)))).)....)..)...)))..((((.........(((...((.(..................................)))))).(.(((.(.(.(.((.......)).).).).)))}.}.).................]]]..)).))))))).)))).(.((((.....................................(((..(.((.........................................................(((((]]]]]....))))).........)))...)).)..................)...).)).[.....................[..)...((((.(.(.((....))).)..).).).).....]].....).)))))))...................................................................................]]]]]]]]......)))))).))))....
RF00010_20_2	996	20	1073.352	102	17	12	0.857	0.895	0.876	((((.((.(.(.(.(.(..[[[[[[[.((((.((..(.((...................................................................................................)).).).).))))....(((.((((((((.(........[[[[..(.((.((................(((((.................................)))))(((((.................................)))).)((.......((.(((...............((.(((....((...(..(((.............................................................................................................................))).)....)..)...)))..))...........(((...((.(..................................))))))..((((.(.(.(.((.......)).).).).)))..)...................)))..)).))))))).))))...((((.....................................(((..(.((.........................................................(((((.]]]]....))))).........)))...)).)..................)...).))..............................((((.(.(.((....))).)..).).).)..............]]]]]]]...................................................................................))))))))...)..)))))).))))....	((((.((.(.(.(.(....((((((((((((.((..(.((((..........................................................................................)).....)).).).).))))....[[[.[[[[[(((.(........[[[[..(.((.((................(((((............(...)................))))).((((.................................))))..............[[...............[[(.(((....((...(..(((.............................................................................................................................))).)....)..)...)))..{{{{.........(((...((.(..]..]............................)))))).(.(((.(.(.(.((.......)).).).).)))].].).................)....}}.}}))))).)))).((((((.....................................(((..(.((.........................................................(((((.]]]]....))))).........)))...)).)..................)...).)).[.....................)..)...((((.(.(.((....))).)..).).).)......].....).)))))))...................................................................................]]]]]]]]......)))))).))))....
RF00010_20_3	996	20	1076.043	102	21	12	0.829	0.895	0.861	((((.((.(.(.(.(.(..[[[[[[[.((((.((..(.((...................................................................................................)).).).).))))....(((.((((((((.(........[[[[..(.((.((................(((((.................................)))))(((((.................................)))).)((.......((.(((...............((.(((....((...(..(((.............................................................................................................................))).)....)..)...)))..))...........(((...((.(..................................))))))..((((.(.(.(.((.......)).).).).)))..)...................)))..)).))))))).))))...((((.....................................(((..(.((.........................................................(((((.]]]]....))))).........)))...)).)..................)...).))..............................((((.(.(.((....))).)..).).).)..............]]]]]]]...................................................................................))))))))...)..)))))).))))....	((((.((.(.(.(.(....((((((((((((.((..(.(((.....(................................................................................).....).....)).).).).))))....[[[.[[[[[(((.(........[[[[..(.((.((................(((((............(...)................))))).((((.................................))))............[.[[...............[[..(((....((...(..((((...........................................................................................................................)))).)....)..)...)))..((((.........(((...((.(..]..]............................))))))...(((.(.(.(.((.......)).).).).)))].].]......................)).))))))).)))).((((((.....................................(((..(.((.........................................................(((((.]]]]....))))).........)))...)).)..................)...).)).......................)..)...((((.(.(.((....))).)..).).).)............).)))))))..................(((((................................................))))).......]]]]]]]]......)))))).))))....
RF00010_20_4	996	20	1078.47	103	15	11	0.873	0.904	0.888	((((.((.(.(.(.(.(..[[[[[[[.((((.((..(.((...................................................................................................)).).).).))))....(((.((((((((.(........[[[[..(.((.((................(((((.................................)))))(((((.................................)))).)((.......((.(((...............((.(((....((...(..(((.............................................................................................................................))).)....)..)...)))..))...........(((...((.(..................................))))))..((((.(.(.(.((.......)).).).).)))..)...................)))..)).))))))).))))...((((.....................................(((..(.((.........................................................(((((.]]]]....))))).........)))...)).)..................)...).))..............................((((.(.(.((....))).)..).).).)..............]]]]]]]...................................................................................))))))))...)..)))))).))))....	((((.((.(.(.(.(....((((((((((((.((..(.(((((........................................................................................))).....)).).).).))))....[[[.[[[[[(((.(........[[[[..(.((.((................(((((............(...)................))))).((((.................................))))...............................[[[.(((....((...(..(((.............................................................................................................................))).)....)..)...)))..((((.........(((...((.(..................................)))))).(((((.(.(.(.((.......)).).).).)))..).).................]]]..)).))))))).))))...((((.....................................(((..(.((.........................................................(((((.]]]]....))))).........)))...)).)..................)...).)).(.....................(......((((.(.(.((....))).)..).).).).....)).....).)))))))...................................................................................]]]]]]]]......)))))).))))....
RF00010_20_5	996	20	1081.076	102	18	12	0.85	0.895	0.872	((((.((.(.(.(.(.(..[[[[[[[.((((.((..(.((...................................................................................................)).).).).))))....(((.((((((((.(........[[[[..(.((.((................(((((.................................)))))(((((.................................)))).)((.......((.(((...............((.(((....((...(..(((.............................................................................................................................))).)....)..)...)))..))...........(((...((.(..................................))))))..((((.(.(.(.((.......)).).).).)))..)...................)))..)).))))))).))))...((((.....................................(((..(.((.........................................................(((((.]]]]....))))).........)))...)).)..................)...).))..............................((((.(.(.((....))).)..).).).)..............]]]]]]]...................................................................................))))))))...)..)))))).))))....	((((.((.(.(.(.(....((((((((((((.((..(.(((............................................................................................).....)).).).).))))....[[[.[[[[[(((.(........[[[[[.(.((.((................(((((............(...)................))))).((((.................................))))............[.[[...............[[..(((....((...(..(((.............................................................................................................................))).)....)..)...)))..((((.........(((...((.(..]..]............................))))))...(((.(.(.(.((.......)).).).).)))].].]......................)).))))))).))))...((((.....................................(((..(.(((........................................................(((((]]]]]....)))))........))))...)).)..................)...).))..............................((((.(.(.((....))).)..).).).)............).)))))))...................((((...............................................)))).........]]]]]]]]......)))))).))))....
RF00010_20_6	996	20	1083.635	102	19	12	0.843	0.895	0.868	((((.((.(.(.(.(.(..[[[[[[[.((((.((..(.((...................................................................................................)).).).).))))....(((.((((((((.(........[[[[..(.((.((................(((((.................................)))))(((((.................................)))).)((.......((.(((...............((.(((....((...(..(((.............................................................................................................................))).)....)..)...)))..))...........(((...((.(..................................))))))..((((.(.(.(.((.......)).).).).)))..)...................)))..)).))))))).))))...((((.....................................(((..(.((.........................................................(((((.]]]]....))))).........)))...)).)..................)...).))..............................((((.(.(.((....))).)..).).).)..............]]]]]]]...................................................................................))))))))...)..)))))).))))....	((((.((.(.(.(.(....((((((((((((.((..(.((...................................................................................................)).).).).))))....[[[.[[[[[(((.(........[[[[[.(.((.((................(((((............(...)................))))).((((.................................))))............[.[[...................(((....((...(..((((.((.....................................................................................................................)).)))).)....)..)...)))..((((.........(((...((.(..................................))))))...(((.(.(.(.((.......)).).).).)))].].]......................)).))))))).))))...((((.....................................(((..(.((.........................................................(((((]]]]]....))))).........)))...)).)..................)...).)).(.....................(......((((.(.(.((....))).)..).).).).....)).....).)))))))..................((((..................................................)))).......]]]]]]]]......)))))).))))....
RF00010_20_7	996	20	1085.914	102	11	12	0.903	0.895	0.899	((((.((.(.(.(.(.(..[[[[[[[.((((.((..(.((...................................................................................................)).).).).))))....(((.((((((((.(........[[[[..(.((.((................(((((.................................)))))(((((.................................)))).)((.......((.(((...............((.(((....((...(..(((.............................................................................................................................))).)....)..)...)))..))...........(((...((.(..................................))))))..((((.(.(.(.((.......)).).).).)))..)...................)))..)).))))))).))))...((((.....................................(((..(.((.........................................................(((((.]]]]....))))).........)))...)).)..................)...).))..............................((((.(.(.((....))).)..).).).)..............]]]]]]]...................................................................................))))))))...)..)))))).))))....	((((.((.(.(.(.(....((((((((((((.((..(.((...................................................................................................)).).).).))))....[[[.[[[[[(((.(........[[[[..(.((.((................(((((............(...)................))))).((((.................................))))............[.[[...................(((....((...(..(((.............................................................................................................................))).)....)..)...)))..((((.........(((...((.(..................................))))))...(((.(.(.(.((.......)).).).).)))].].]......................)).))))))).)))).((((((.....................................(((..(.((.........................................................(((((.]]]]....))))).........)))...)).)..................)...).)).......................)..)...((((.(.(.((....))).)..).).).)............).)))))))...................................................................................]]]]]]]]......)))))).))))....
RF00010_20_8	996	20	1088.315	99	16	15	0.861	0.868	0.865	((((.((.(.(.(.(.(..[[[[[[[.((((.((..(.((...................................................................................................)).).).).))))....(((.((((((((.(........[[[[..(.((.((................(((((.................................)))))(((((.................................)))).)((.......((.(((...............((.(((....((...(..(((.............................................................................................................................))).)....)..)...)))..))...........(((...((.(..................................))))))..((((.(.(.(.((.......)).).).).)))..)...................)))..)).))))))).))))...((((.....................................(((..(.((.........................................................(((((.]]]]....))))).........)))...)).)..................)...).))..............................((((.(.(.((....))).)..).).).)..............]]]]]]]...................................................................................))))))))...)..)))))).))))....	((((.((.(.(.(.(.(..((((((((((((.((..(.((...................................................................................................)).).).).))))....[[[.[[[[[(((.(..........[[[.(.((.((................(((((............(...)................))))).((((.................................))))............].]]...............[[[.(((....((...(..(((.............................................................................................................................))).)....)..)...)))..((((.........(((...((.(..................................)))))).(((((.(.(.(.((.......)).).).).)))..).).................]]]..)).))))))).))))...((((.....................................(((..(.((.........................................................(((((.........))))).........)))...)).)..................)...).)).(.....................(......((((.(.(.((....))).)..).).).).....)).....).))))))))..................................................................................]]]]]]]]......)))))).))))....
RF00010_20_9	996	20	1090.8	102	13	12	0.887	0.895	0.891	((((.((.(.(.(.(.(..[[[[[[[.((((.((..(.((...................................................................................................)).).).).))))....(((.((((((((.(........[[[[..(.((.((................(((((.................................)))))(((((.................................)))).)((.......((.(((...............((.(((....((...(..(((.............................................................................................................................))).)....)..)...)))..))...........(((...((.(..................................))))))..((((.(.(.(.((.......)).).).).)))..)...................)))..)).))))))).))))...((((.....................................(((..(.((.........................................................(((((.]]]]....))))).........)))...)).)..................)...).))..............................((((.(.(.((....))).)..).).).)..............]]]]]]]...................................................................................))))))))...)..)))))).))))....	((((.((.(.(.(.(....((((((((((((.((..(.((...................................................................................................)).).).).))))....[[[.[[[[[(((.(........[[[[..(.((.((................(((((............(...)................))))).((((.................................))))............[.[[...............[[..(((....((...(..(((.............................................................................................................................))).)....)..)...)))..((((....(....(((...((.(..]..]............................))))))..)(((.(.(.(.((.......)).).).).)))].].]......................)).))))))).))))...((((.....................................(((..(.(((........................................................(((((.]]]]....)))))........))))...)).)..................)...).))..............................((((.(.(.((....))).)..).).).)............).)))))))...................................................................................]]]]]]]]......)))))).))))....
RF00010_30_1	996	30	1093.337	100	15	14	0.87	0.877	0.873	((((.((.(.(.(.(.(..[[[[[[[.((((.((..(.((...................................................................................................)).).).).))))....(((.((((((((.(........[[[[..(.((.((................(((((.................................)))))(((((.................................)))).)((.......((.(((...............((.(((....((...(..(((.............................................................................................................................))).)....)..)...)))..))...........(((...((.(..................................))))))..((((.(.(.(.((.......)).).).).)))..)...................)))..)).))))))).))))...((((.....................................(((..(.((.........................................................(((((.]]]]....))))).........)))...)).)..................)...).))..............................((((.(.(.((....))).)..).).).)..............]]]]]]]...................................................................................))))))))...)..)))))).))))....	((((.((.(.(.(.(....((((((((((((.((..(.(.....................................................................................................).).).).))))....[[[.[[[[[(((.(.........[[[..(.((.((................(((((............(...)................))))).((((.................................))))............[.[[...................(((....((...(..(((.............................................................................................................................))).)....)..)...)))..((((.........(((...((.(..................................))))))...(((.(.(.(.((.......)).).).).)))].].]......................)).))))))).))))...((((.....................................(((..(.(((........................................................((((((]]])....)))))........))))...)).)..................)...).)).(.....................(......((((.(.(.((....))).)..).).).).....)).....).)))))))..................((......................................................)).......]]]]]]]]......)))))).))))....
RF00010_30_10	996	30	1096.227	98	12	16	0.891	0.86	0.875	((((.((.(.(.(.(.(..[[[[[[[.((((.((..(.((...................................................................................................)).).).).))))....(((.((((((((.(........[[[[..(.((.((................(((((.................................)))))(((((.................................)))).)((.......((.(((...............((.(((....((...(..(((.............................................................................................................................))).)....)..)...)))..))...........(((...((.(..................................))))))..((((.(.(.(.((.......)).).).).)))..)...................)))..)).))))))).))))...((((.....................................(((..(.((.........................................................(((((.]]]]....))))).........)))...)).)..................)...).))..............................((((.(.(.((....))).)..).).).)..............]]]]]]]...................................................................................))))))))...)..)))))).))))....	((((.((.(.(.(.(....((((((((((((.((..(.((...................................................................................................)).).).).))))....[[[.[[[[[(((.(..............(.((.((................(((((............(...)................))))).((((.................................))))..............[[...............[[..(((....((...(..(((.............................................................................................................................))).)....)..)...)))..((((.........(((...((.(..]..]............................))))))...(((.(.(.(.((.......)).).).).)))].]........................)).))))))).))))...((((.....................................(((..(.(((........................................................(((((.........)))))........))))...)).)..................)...).))..............................((((.(.(.((....))).)..).).).)............).)))))))...................(.....................................................).........]]]]]]]]......)))))).))))....
RF00010_30_2	996	30	1099.002	102	13	12	0.887	0.895	0.891	((((.((.(.(.(.(.(..[[[[[[[.((((.((..(.((...................................................................................................)).).).).))))....(((.((((((((.(........[[[[..(.((.((................(((((.................................)))))(((((.................................)))).)((.......((.(((...............((.(((....((...(..(((.............................................................................................................................))).)....)..)...)))..))...........(((...((.(..................................))))))..((((.(.(.(.((.......)).).).).)))..)...................)))..)).))))))).))))...((((.....................................(((..(.((.........................................................(((((.]]]]....))))).........)))...)).)..................)...).))..............................((((.(.(.((....))).)..).).).)..............]]]]]]]...................................................................................))))))))...)..)))))).))))....	((((.((.(.(.(.(....((((((((((((.((..(.((...................................................................................................)).).).).))))....[[[.[[[[[(((.(........[[[[..(.((.((................(((((............(...)................))))).((((.................................))))............[.[[...............[[..(((....((...(..(((.............................................................................................................................))).)....)..)...)))..((((....(....(((...((.(..]..]............................))))))..)(((.(.(.(.((.......)).).).).)))].].]......................)).))))))).))))...((((.....................................(((..(.(((........................................................(((((.]]]]....)))))........))))...)).)..................)...).))..............................((((.(.(.((....))).)..).).).)............).)))))))...................................................................................]]]]]]]]......)))))).))))....
RF00010_30_3	996	30	1101.832	101	12	13	0.894	0.886	0.89	((((.((.(.(.(.(.(..[[[[[[[.((((.((..(.((...................................................................................................)).).).).))))....(((.((((((((.(........[[[[..(.((.((................(((((.................................)))))(((((.................................)))).)((.......((.(((...............((.(((....((...(..(((.............................................................................................................................))).)....)..)...)))..))...........(((...((.(..................................))))))..((((.(.(.(.((.......)).).).).)))..)...................)))..)).))))))).))))...((((.....................................(((..(.((.........................................................(((((.]]]]....))))).........)))...)).)..................)...).))..............................((((.(.(.((....))).)..).).).)..............]]]]]]]...................................................................................))))))))...)..)))))).))))....	((((.((.(.(.(.(....((((((((((((.((..(.((...................................................................................................)).).).).))))....[[[.[[[[[(((.(........[[[[..(.((.((................(((((............(...)................))))).((((.................................))))..............[[...................(((....((...(..((...............................................................................................................................)).)....)..)...)))..((((.........(((...((.(..................................)))))).(.(((.(.(.(.((.......)).).).).)))].].)......................)).))))))).)))).((((((.....................................(((..(.(((........................................................(((((.]]]]....)))))........))))...)).)..................)...).)).......................)..)...((((.(.(.((....))).)..).).).)............).)))))))...................................................................................]]]]]]]]......)))))).))))....
RF00010_30_4	996	30	1104.542	102	17	12	0.857	0.895	0.876	((((.((.(.(.(.(.(..[[[[[[[.((((.((..(.((...................................................................................................)).).).).))))....(((.((((((((.(........[[[[..(.((.((................(((((.................................)))))(((((.................................)))).)((.......((.(((...............((.(((....((...(..(((.............................................................................................................................))).)....)..)...)))..))...........(((...((.(..................................))))))..((((.(.(.(.((.......)).).).).)))..)...................)))..)).))))))).))))...((((.....................................(((..(.((.........................................................(((((.]]]]....))))).........)))...)).)..................)...).))..............................((((.(.(.((....))).)..).).).)..............]]]]]]]...................................................................................))))))))...)..)))))).))))....	((((.((.(.(.(.(.(..((((((((((((.((..(.((...................................................................................................)).).).).))))....[[[.[[[[[(((.(........[[[[..(.((.((................(((((............(...)................))))))((((.................................))))..............(([..............[[{.(((....((...(..(((.............................................................................................................................))).)....)..)...)))..{{{{.........(((...((.(..]..]............................)))))).[.(((.(.(.(.((.......)).).).).)))).).].................]....}}.}}.)))).))))...((((.....................................(((..(.(((........................................................(((((.]]]]....)))))........))))...)).)......}...........)...).)).(.....................(......((((.(.(.((....))).)..).).).).....)).....).))))))))..................................................................................]]]]]]]]......)))))).))))....
RF00010_30_5	996	30	1107.083	102	14	12	0.879	0.895	0.887	((((.((.(.(.(.(.(..[[[[[[[.((((.((..(.((...................................................................................................)).).).).))))....(((.((((((((.(........[[[[..(.((.((................(((((.................................)))))(((((.................................)))).)((.......((.(((...............((.(((....((...(..(((.............................................................................................................................))).)....)..)...)))..))...........(((...((.(..................................))))))..((((.(.(.(.((.......)).).).).)))..)...................)))..)).))))))).))))...((((.....................................(((..(.((.........................................................(((((.]]]]....))))).........)))...)).)..................)...).))..............................((((.(.(.((....))).)..).).).)..............]]]]]]]...................................................................................))))))))...)..)))))).))))....	((((.((.(.(.(.(....((((((((((((.((..(.((...................................................................................................)).).).).))))....[[[.[[[[[(((.(.........[[[..(.((.((................(((((............(...)................))))).((((.................................))))..............[[{..................(((....((...(..(((.............................................................................................................................))).)....)..)...)))..((((.........(((...((.(..................................)))))).(.(((.(.(.(.((.......)).).).).)))].].).................}....)).))))))).)))).((((((.....................................(((..(.(((........................................................((((((]]])....)))))........))))...)).)..................)...).)).......................)..)...((((.(.(.((....))).)..).).).)............).)))))))...................(.....................................................).........]]]]]]]]......)))))).))))....
RF00010_30_6	996	30	1110.107	102	17	12	0.857	0.895	0.876	((((.((.(.(.(.(.(..[[[[[[[.((((.((..(.((...................................................................................................)).).).).))))....(((.((((((((.(........[[[[..(.((.((................(((((.................................)))))(((((.................................)))).)((.......((.(((...............((.(((....((...(..(((.............................................................................................................................))).)....)..)...)))..))...........(((...((.(..................................))))))..((((.(.(.(.((.......)).).).).)))..)...................)))..)).))))))).))))...((((.....................................(((..(.((.........................................................(((((.]]]]....))))).........)))...)).)..................)...).))..............................((((.(.(.((....))).)..).).).)..............]]]]]]]...................................................................................))))))))...)..)))))).))))....	((((.((.(.(.(.(.(..((((((((((((.((..(.((((..........................................................................................)).....)).).).).))))....[[[.[[[[[(((.(........[[[[..(.((.((................(((((............(...)................))))).((((.................................))))............[.[[...............[[..(((....((...(..(((.............................................................................................................................))).)....)..)...)))..((((.........(((...((.(..]..]............................))))))...(((.(.(.(.((.......)).).).).)))].].]......................)).))))))).))))...((((.....................................(((..(.(((........................................................(((((.]]]]....)))))........))))...)).)..................)...).)).(.....................(......((((.(.(.((....))).)..).).).).....)).....).))))))))..................................................................................]]]]]]]]......)))))).))))....
RF00010_30_7	996	30	1112.79	102	12	12	0.895	0.895	0.895	((((.((.(.(.(.(.(..[[[[[[[.((((.((..(.((...................................................................................................)).).).).))))....(((.((((((((.(........[[[[..(.((.((................(((((.................................)))))(((((.................................)))).)((.......((.(((...............((.(((....((...(..(((.............................................................................................................................))).)....)..)...)))..))...........(((...((.(..................................))))))..((((.(.(.(.((.......)).).).).)))..)...................)))..)).))))))).))))...((((.....................................(((..(.((.........................................................(((((.]]]]....))))).........)))...)).)..................)...).))..............................((((.(.(.((....))).)..).).).)..............]]]]]]]...................................................................................))))))))...)..)))))).))))....	((((.((.(.(.(.(.(..((((((((((((.((..(.((...................................................................................................)).).).).))))....[[[.[[[[[(((.(........[[[[..(.((.((................(((((............(...)................))))).((((.................................))))..............[[...................(((....((...(..(((.............................................................................................................................))).)....)..)...)))..((((.........(((...((.(..................................)))))).(.(((.(.(.(.((.......)).).).).)))].].)......................)).))))))).))))...((((.....................................(((..(.((.........................................................(((((.]]]]....))))).........)))...)).)..................)...).)).(.....................(......((((.(.(.((....))).)..).).).).....)).....).))))))))..................................................................................]]]]]]]]......)))))).))))....
RF00010_30_8	996	30	1115.706	101	12	13	0.894	0.886	0.89	((((.((.(.(.(.(.(..[[[[[[[.((((.((..(.((...................................................................................................)).).).).))))....(((.((((((((.(........[[[[..(.((.((................(((((.................................)))))(((((.................................)))).)((.......((.(((...............((.(((....((...(..(((.............................................................................................................................))).)....)..)...)))..))...........(((...((.(..................................))))))..((((.(.(.(.((.......)).).).).)))..)...................)))..)).))))))).))))...((((.....................................(((..(.((.........................................................(((((.]]]]....))))).........)))...)).)..................)...).))..............................((((.(.(.((....))).)..).).).)..............]]]]]]]...................................................................................))))))))...)..)))))).))))....	((((.((.(.(.(.(....((((((((((((.((..(.((...................................................................................................)).).).).))))....[[[.[[[[[(((.(.........[[[..(.((.((................(((((............(...)................))))).((((.................................))))..............[[...................(((....((...(..(((.............................................................................................................................))).)....)..)...)))..((((.........(((...((.(..................................))))))...(((.(.(.(.((.......)).).).).)))].]........................)).))))))).)))).((((((.....................................(((..(.(((........................................................(((((.]]].....)))))........))))...)).)..................)...).)).......................)..)...((((.(.(.((....))).)..).).).)............).)))))))..................(........................................................).......]]]]]]]]......)))))).))))....
RF00010_30_9	996	30	1118.551	102	19	12	0.843	0.895	0.868	((((.((.(.(.(.(.(..[[[[[[[.((((.((..(.((...................................................................................................)).).).).))))....(((.((((((((.(........[[[[..(.((.((................(((((.................................)))))(((((.................................)))).)((.......((.(((...............((.(((....((...(..(((.............................................................................................................................))).)....)..)...)))..))...........(((...((.(..................................))))))..((((.(.(.(.((.......)).).).).)))..)...................)))..)).))))))).))))...((((.....................................(((..(.((.........................................................(((((.]]]]....))))).........)))...)).)..................)...).))..............................((((.(.(.((....))).)..).).).)..............]]]]]]]...................................................................................))))))))...)..)))))).))))....	((((.((.(.(.(.(....((((((((((((.((..(.(((............................................................................................).....)).).).).))))....[[[.[[[[[(((.(........[[[[..(.((.((................(((((............(...)................))))).((((.................................))))..............[[...............[[(.(((....((...(..((((((.......................................................................................................................)))))).)....)..)...)))..{{{{.........(((...((.(..]..]............................)))))).(.(((.(.(.(.((.......)).).).).)))].].).................)....}}.}}))))).)))).((((((.....................................(((..(.(((........................................................(((((.]]]]....)))))........))))...)).)..................)...).)).......................)..)...((((.(.(.((....))).)..).).).)............).)))))))...................................................................................]]]]]]]]......)))))).))))....
RF00010_50_1	996	50	1121.761	102	16	12	0.864	0.895	0.879	((((.((.(.(.(.(.(..[[[[[[[.((((.((..(.((...................................................................................................)).).).).))))....(((.((((((((.(........[[[[..(.((.((................(((((.................................)))))(((((.................................)))).)((.......((.(((...............((.(((....((...(..(((.............................................................................................................................))).)....)..)...)))..))...........(((...((.(..................................))))))..((((.(.(.(.((.......)).).).).)))..)...................)))..)).))))))).))))...((((.....................................(((..(.((.........................................................(((((.]]]]....))))).........)))...)).)..................)...).))..............................((((.(.(.((....))).)..).).).)..............]]]]]]]...................................................................................))))))))...)..)))))).))))....	((((.((.(.(.(.(....((((((((((((.((..(.((...................................................................................................)).).).).))))....[[[.[[[[[(((.(........[[[[..(.((.((................(((((............(...)................))))).((((.................................))))..............[[...............[[..(((....((...(..(((.............................................................................................................................))).)....)..)...)))..((((.........(((...((.(..]..]............................)))))).(.(((.(.(.(.((.......)).).).).)))].].)......................)).))))))).))))...((((.....................................(((..(.(((........................................................(((((.]]]]....)))))........))))...)).)..................)...).)).(.....................(......((((.(.(.((....))).)..).).).).....)).....).)))))))...................((....................................................))........]]]]]]]]......)))))).))))....
RF00010_50_10	996	50	1124.9	102	11	12	0.903	0.895	0.899	((((.((.(.(.(.(.(..[[[[[[[.((((.((..(.((...................................................................................................)).).).).))))....(((.((((((((.(........[[[[..(.((.((................(((((.................................)))))(((((.................................)))).)((.......((.(((...............((.(((....((...(..(((.............................................................................................................................))).)....)..)...)))..))...........(((...((.(..................................))))))..((((.(.(.(.((.......)).).).).)))..)...................)))..)).))))))).))))...((((.....................................(((..(.((.........................................................(((((.]]]]....))))).........)))...)).)..................)...).))..............................((((.(.(.((....))).)..).).).)..............]]]]]]]...................................................................................))))))))...)..)))))).))))....	((((.((.(.(.(.(....((((((((((((.((..(.((...................................................................................................)).).).).))))....[[[.[[[[[(((.(........[[[[..(.((.((................(((((............(...)................))))).((((.................................))))..............[[...................(((....((...(..(((.............................................................................................................................))).)....)..)...)))..((((.........(((...((.(..................................)))))).(.(((.(.(.(.((.......)).).).).)))].].)......................)).))))))).))))...((((.....................................(((..(.((.........................................................(((((.]]]]....))))).........)))...)).)..................)...).))..............................((((.(.(.((....))).)..).).).)............).)))))))...................((....................................................))........]]]]]]]]......)))))).))))....
RF00010_50_2	996	50	1127.993	102	15	12	0.872	0.895	0.883	((((.((.(.(.(.(.(..[[[[[[[.((((.((..(.((...................................................................................................)).).).).))))....(((.((((((((.(........[[[[..(.((.((................(((((.................................)))))(((((.................................)))).)((.......((.(((...............((.(((....((...(..(((.............................................................................................................................))).)....)..)...)))..))...........(((...((.(..................................))))))..((((.(.(.(.((.......)).).).).)))..)...................)))..)).))))))).))))...((((.....................................(((..(.((.........................................................(((((.]]]]....))))).........)))...)).)..................)...).))..............................((((.(.(.((....))).)..).).).)..............]]]]]]]...................................................................................))))))))...)..)))))).))))....	((((.((.(.(.(.(....((((((((((((.((..(.(((............................................................................................).....)).).).).))))....[[[.[[[[[(((.(........[[[[..(.((.((................(((((............(...)................))))).((((.................................))))..............[[...............[[..(((....((...(..(((.............................................................................................................................))).)....)..)...)))..((((.........(((...((.(..]..]............................)))))).(.(((.(.(.(.((.......)).).).).)))].].)......................)).))))))).)))).((((((.....................................(((..(.((.........................................................(((((.]]]]....))))).........)))...)).)..................)...).)).[.....................)..)...((((.(.(.((....))).)..).).).)......].....).)))))))...................................................................................]]]]]]]]......)))))).))))....
RF00010_50_3	996	50	1131.107	102	14	12	0.879	0.895	0.887	((((.((.(.(.(.(.(..[[[[[[[.((((.((..(.((...................................................................................................)).).).).))))....(((.((((((((.(........[[[[..(.((.((................(((((.................................)))))(((((.................................)))).)((.......((.(((...............((.(((....((...(..(((.............................................................................................................................))).)....)..)...)))..))...........(((...((.(..................................))))))..((((.(.(.(.((.......)).).).).)))..)...................)))..)).))))))).))))...((((.....................................(((..(.((.........................................................(((((.]]]]....))))).........)))...)).)..................)...).))..............................((((.(.(.((....))).)..).).).)..............]]]]]]]...................................................................................))))))))...)..)))))).))))....	((((.((.(.(.(.(....((((((((((((.((..(.((...................................................................................................)).).).).))))....[[[.[[[[[(((.(........[[[[..(.((.((................(((((............(...)................))))).((((.................................))))............[.[[...............[[..(((....((...(..(((.............................................................................................................................))).)....)..)...)))..((((.........(((...((.(..]..]............................))))))...(((.(.(.(.((.......)).).).).)))].].]......................)).))))))).)))).((((((.....................................(((..(.(((........................................................(((((.]]]]....)))))........))))...)).)..................)...).)).......................)..)...((((.(.(.((....))).)..).).).)............).)))))))...................................................................................]]]]]]]]......)))))).))))....
RF00010_50_4	996	50	1134.208	103	12	11	0.896	0.904	0.9	((((.((.(.(.(.(.(..[[[[[[[.((((.((..(.((...................................................................................................)).).).).))))....(((.((((((((.(........[[[[..(.((.((................(((((.................................)))))(((((.................................)))).)((.......((.(((...............((.(((....((...(..(((.............................................................................................................................))).)....)..)...)))..))...........(((...((.(..................................))))))..((((.(.(.(.((.......)).).).).)))..)...................)))..)).))))))).))))...((((.....................................(((..(.((.........................................................(((((.]]]]....))))).........)))...)).)..................)...).))..............................((((.(.(.((....))).)..).).).)..............]]]]]]]...................................................................................))))))))...)..)))))).))))....	((((.((.(.(.(.(.(..((((((((((((.((..(.((...................................................................................................)).).).).))))....[[[.[[[[[(((.(........[[[[..(.((.((................(((((............(...)................))))).((((.................................))))..............[[{..............[[..(((....((...(..(((.............................................................................................................................))).)....)..)...)))..((((.........(((...((.(..]..]............................))))))...(((.(.(.(.((.......)).).).).)))].]...................}....)).))))))).))))...((((.....................................(((..(.(((........................................................(((((.]]]]....)))))........))))...)).)..................)...).))..............................((((.(.(.((....))).)..).).).)............).))))))))..................................................................................]]]]]]]]......)))))).))))....
RF00010_50_5	996	50	1137.478	102	12	12	0.895	0.895	0.895	((((.((.(.(.(.(.(..[[[[[[[.((((.((..(.((...................................................................................................)).).).).))))....(((.((((((((.(........[[[[..(.((.((................(((((.................................)))))(((((.................................)))).)((.......((.(((...............((.(((....((...(..(((.............................................................................................................................))).)....)..)...)))..))...........(((...((.(..................................))))))..((((.(.(.(.((.......)).).).).)))..)...................)))..)).))))))).))))...((((.....................................(((..(.((.........................................................(((((.]]]]....))))).........)))...)).)..................)...).))..............................((((.(.(.((....))).)..).).).)..............]]]]]]]...................................................................................))))))))...)..)))))).))))....	((((.((.(.(.(.(.(..((((((((((((.((..(.((...................................................................................................)).).).).))))....[[[.[[[[[(((.(........[[[[..(.((.((................(((((............(...)................))))).((((.................................))))..............[[...................(((....((...(..(((.............................................................................................................................))).)....)..)...)))..((((.........(((...((.(..................................))))))...(((.(.(.(.((.......)).).).).)))].]........................)).))))))).))))...((((.....................................(((..(.(((........................................................(((((.]]]]....)))))........))))...)).)..................)...).)).(.....................(......((((.(.(.((....))).)..).).).).....)).....).))))))))..................................................................................]]]]]]]]......)))))).))))....
RF00010_50_6	996	50	1140.801	102	18	12	0.85	0.895	0.872	((((.((.(.(.(.(.(..[[[[[[[.((((.((..(.((...................................................................................................)).).).).))))....(((.((((((((.(........[[[[..(.((.((................(((((.................................)))))(((((.................................)))).)((.......((.(((...............((.(((....((...(..(((.............................................................................................................................))).)....)..)...)))..))...........(((...((.(..................................))))))..((((.(.(.(.((.......)).).).).)))..)...................)))..)).))))))).))))...((((.....................................(((..(.((.........................................................(((((.]]]]....))))).........)))...)).)..................)...).))..............................((((.(.(.((....))).)..).).).)..............]]]]]]]...................................................................................))))))))...)..)))))).))))....	((((.((.(.(.(.(....((((((((((((.((..(.(((............................................................................................).....)).).).).))))....[[[.[[[[[(((.(........[[[[..(.((.((................(((((............(...)................))))).((((.................................))))............[.[[...............[[..(((....((...(..(((.............................................................................................................................))).)....)..)...)))..((((.........(((...((.(..]..]............................))))))...(((.(.(.(.((.......)).).).).)))].].]......................)).))))))).))))...((((.....................................(((..(.(((........................................................(((((.]]]]....)))))........))))...)).)..................)...).)).(.....................(......((((.(.(.((....))).)..).).).).....)).....).)))))))...................(((.................................................))).........]]]]]]]]......)))))).))))....
RF00010_50_7	996	50	1143.978	103	11	11	0.904	0.904	0.904	((((.((.(.(.(.(.(..[[[[[[[.((((.((..(.((...................................................................................................)).).).).))))....(((.((((((((.(........[[[[..(.((.((................(((((.................................)))))(((((.................................)))).)((.......((.(((...............((.(((....((...(..(((.............................................................................................................................))).)....)..)...)))..))...........(((...((.(..................................))))))..((((.(.(.(.((.......)).).).).)))..)...................)))..)).))))))).))))...((((.....................................(((..(.((.........................................................(((((.]]]]....))))).........)))...)).)..................)...).))..............................((((.(.(.((....))).)..).).).)..............]]]]]]]...................................................................................))))))))...)..)))))).))))....	((((.((.(.(.(.(....((((((((((((.((..(.((...................................................................................................)).).).).))))....[[[.[[[[[(((.(........[[[[..(.((.((................(((((............(...)................))))).((((.................................))))..............[[{..................(((....((...(..(((.............................................................................................................................))).)....)..)...)))..((((.........(((...((.(..................................))))))...(((.(.(.(.((.......)).).).).)))].]...................}....)).))))))).))))...((((.....................................(((..(.(((........................................................(((((.]]]]....)))))........))))...)).)..................)...).)).(.....................(......((((.(.(.((....))).)..).).).).....)).....).)))))))...................................................................................]]]]]]]]......)))))).))))....
RF00010_50_8	996	50	1147.215	102	19	12	0.843	0.895	0.868	((((.((.(.(.(.(.(..[[[[[[[.((((.((..(.((...................................................................................................)).).).).))))....(((.((((((((.(........[[[[..(.((.((................(((((.................................)))))(((((.................................)))).)((.......((.(((...............((.(((....((...(..(((.............................................................................................................................))).)....)..)...)))..))...........(((...((.(..................................))))))..((((.(.(.(.((.......)).).).).)))..)...................)))..)).))))))).))))...((((.....................................(((..(.((.........................................................(((((.]]]]....))))).........)))...)).)..................)...).))..............................((((.(.(.((....))).)..).).).)..............]]]]]]]...................................................................................))))))))...)..)))))).))))....	((((.((.(.(.(.(....((((((((((((.((..(.((...................................................................................................)).).).).))))....[[[.[[[[[(((.(........[[[[..(.((.((................(((((............(...)................))))).((((.................................))))............[.[[...............[[..(((....((...(..(((.............................................................................................................................))).)....)..)...)))..((((.........(((...((.(..]..]............................))))))...(((.(.(.(.((.......)).).).).)))].].]......................)).))))))).)))).((((((.....................................(((..(.(((........................................................(((((.]]]]....)))))........))))...)).)..................)...).)).[.....................)..)...((((.(.(.((....))).)..).).).)......].....).)))))))...................((((................................................))))........]]]]]]]]......)))))).))))....
RF00010_50_9	996	50	1150.535	102	16	12	0.864	0.895	0.879	((((.((.(.(.(.(.(..[[[[[[[.((((.((..(.((...................................................................................................)).).).).))))....(((.((((((((.(........[[[[..(.((.((................(((((.................................)))))(((((.................................)))).)((.......((.(((...............((.(((....((...(..(((.............................................................................................................................))).)....)..)...)))..))...........(((...((.(..................................))))))..((((.(.(.(.((.......)).).).).)))..)...................)))..)).))))))).))))...((((.....................................(((..(.((.........................................................(((((.]]]]....))))).........)))...)).)..................)...).))..............................((((.(.(.((....))).)..).).).)..............]]]]]]]...................................................................................))))))))...)..)))))).))))....	((((.((.(.(.(.(....((((((((((((.((..(.((...................................................................................................)).).).).))))....[[[.[[[[[(((.(........[[[[..(.((.((................(((((............(...)................))))).((((.................................))))..............[[...............[[(.(((....((...(..((((...........................................................................................................................)))).)....)..)...)))..{{{{.........(((...((.(..]..]............................)))))).(.(((.(.(.(.((.......)).).).).)))].].).................)....}}.}}))))).)))).((((((.....................................(((..(.(((........................................................(((((.]]]]....)))))........))))...)).)..................)...).)).......................)..)...((((.(.(.((....))).)..).).).)............).)))))))...................................................................................]]]]]]]]......)))))).))))....
RF00010_75_1	996	75	1154.75	102	13	12	0.887	0.895	0.891	((((.((.(.(.(.(.(..[[[[[[[.((((.((..(.((...................................................................................................)).).).).))))....(((.((((((((.(........[[[[..(.((.((................(((((.................................)))))(((((.................................)))).)((.......((.(((...............((.(((....((...(..(((.............................................................................................................................))).)....)..)...)))..))...........(((...((.(..................................))))))..((((.(.(.(.((.......)).).).).)))..)...................)))..)).))))))).))))...((((.....................................(((..(.((.........................................................(((((.]]]]....))))).........)))...)).)..................)...).))..............................((((.(.(.((....))).)..).).).)..............]]]]]]]...................................................................................))))))))...)..)))))).))))....	((((.((.(.(.(.(....((((((((((((.((..(.((...................................................................................................)).).).).))))....[[[.[[[[[(((.(........[[[[..(.((.((................(((((............(...)................))))).((((.................................))))..............[[...............[[..(((....((...(..(((.............................................................................................................................))).)....)..)...)))..((((.........(((...((.(..]..]............................))))))...(((.(.(.(.((.......)).).).).)))].]........................)).))))))).))))...((((.....................................(((..(.(((........................................................(((((.]]]]....)))))........))))...)).)..................)...).)).(.....................(......((((.(.(.((....))).)..).).).).....)).....).)))))))...................................................................................]]]]]]]]......)))))).))))....
RF00010_75_10	996	75	1158.826	102	11	12	0.903	0.895	0.899	((((.((.(.(.(.(.(..[[[[[[[.((((.((..(.((...................................................................................................)).).).).))))....(((.((((((((.(........[[[[..(.((.((................(((((.................................)))))(((((.................................)))).)((.......((.(((...............((.(((....((...(..(((.............................................................................................................................))).)....)..)...)))..))...........(((...((.(..................................))))))..((((.(.(.(.((.......)).).).).)))..)...................)))..)).))))))).))))...((((.....................................(((..(.((.........................................................(((((.]]]]....))))).........)))...)).)..................)...).))..............................((((.(.(.((....))).)..).).).)..............]]]]]]]...................................................................................))))))))...)..)))))).))))....	((((.((.(.(.(.(....((((((((((((.((..(.((...................................................................................................)).).).).))))....[[[.[[[[[(((.(........[[[[..(.((.((................(((((............(...)................))))).((((.................................))))..............[[...................(((....((...(..(((.............................................................................................................................))).)....)..)...)))..((((.........(((...((.(..................................))))))...(((.(.(.(.((.......)).).).).)))].]........................)).))))))).))))...((((.....................................(((..(.(((........................................................(((((.]]]]....)))))........))))...)).)..................)...).)).(.....................(......((((.(.(.((....))).)..).).).).....)).....).)))))))...................................................................................]]]]]]]]......)))))).))))....
RF00010_75_2	996	75	1162.794	101	14	13	0.878	0.886	0.882	((((.((.(.(.(.(.(..[[[[[[[.((((.((..(.((...................................................................................................)).).).).))))....(((.((((((((.(........[[[[..(.((.((................(((((.................................)))))(((((.................................)))).)((.......((.(((...............((.(((....((...(..(((.............................................................................................................................))).)....)..)...)))..))...........(((...((.(..................................))))))..((((.(.(.(.((.......)).).).).)))..)...................)))..)).))))))).))))...((((.....................................(((..(.((.........................................................(((((.]]]]....))))).........)))...)).)..................)...).))..............................((((.(.(.((....))).)..).).).)..............]]]]]]]...................................................................................))))))))...)..)))))).))))....	((((.((.(.(.(.(.(..((((((((((((.((..(.(((............................................................................................).....)).).).).))))....[[[.[[[[[(((.(.........[[[..(.((.((................(((((............(...)................))))).((((.................................))))..............[[...............[[..(((....((...(..(((.............................................................................................................................))).)....)..)...)))..((((....(....(((...((.(..]..]............................))))))..)(((.(.(.(.((.......)).).).).)))].]........................)).))))))).))))...((((.....................................(((..(.(((........................................................(((((.]]].....)))))........))))...)).)..................)...).))..............................((((.(.(.((....))).)..).).).)............).))))))))..................................................................................]]]]]]]]......)))))).))))....
RF00010_75_3	996	75	1166.672	102	14	12	0.879	0.895	0.887	((((.((.(.(.(.(.(..[[[[[[[.((((.((..(.((...................................................................................................)).).).).))))....(((.((((((((.(........[[[[..(.((.((................(((((.................................)))))(((((.................................)))).)((.......((.(((...............((.(((....((...(..(((.............................................................................................................................))).)....)..)...)))..))...........(((...((.(..................................))))))..((((.(.(.(.((.......)).).).).)))..)...................)))..)).))))))).))))...((((.....................................(((..(.((.........................................................(((((.]]]]....))))).........)))...)).)..................)...).))..............................((((.(.(.((....))).)..).).).)..............]]]]]]]...................................................................................))))))))...)..)))))).))))....	((((.((.(.(.(.(....((((((((((((.((..(.((...................................................................................................)).).).).))))....[[[.[[[[[(((.(........[[[[..(.((.((................(((((............(...)................))))).((((.................................))))..............[[...............[[..(((....((...(..(((.............................................................................................................................))).)....)..)...)))..((((.........(((...((.(..]..]............................))))))...(((.(.(.(.((.......)).).).).)))].]........................)).))))))).))))...((((.....................................(((..(.(((........................................................(((((.]]]]....)))))........))))...)).)..................)...).)).(.....................(......((((.(.(.((....))).)..).).).).....)).....).)))))))...................(......................................................)........]]]]]]]]......)))))).))))....
RF00010_75_4	996	75	1170.791	102	11	12	0.903	0.895	0.899	((((.((.(.(.(.(.(..[[[[[[[.((((.((..(.((...................................................................................................)).).).).))))....(((.((((((((.(........[[[[..(.((.((................(((((.................................)))))(((((.................................)))).)((.......((.(((...............((.(((....((...(..(((.............................................................................................................................))).)....)..)...)))..))...........(((...((.(..................................))))))..((((.(.(.(.((.......)).).).).)))..)...................)))..)).))))))).))))...((((.....................................(((..(.((.........................................................(((((.]]]]....))))).........)))...)).)..................)...).))..............................((((.(.(.((....))).)..).).).)..............]]]]]]]...................................................................................))))))))...)..)))))).))))....	((((.((.(.(.(.(....((((((((((((.((..(.(((............................................................................................).....)).).).).))))....[[[.[[[[[(((.(........[[[[..(.((.((................(((((............(...)................))))).((((.................................))))..............[[...................(((....((...(..(((.............................................................................................................................))).)....)..)...)))..((((.........(((...((.(..................................)))))).(.(((.(.(.(.((.......)).).).).)))].].)......................)).))))))).))))...((((.....................................(((..(.((.........................................................(((((.]]]]....))))).........)))...)).)..................)...).))..............................((((.(.(.((....))).)..).).).)............).)))))))...................(......................................................)........]]]]]]]]......)))))).))))....
RF00010_75_5	996	75	1174.734	102	12	12	0.895	0.895	0.895	((((.((.(.(.(.(.(..[[[[[[[.((((.((..(.((...................................................................................................)).).).).))))....(((.((((((((.(........[[[[..(.((.((................(((((.................................)))))(((((.................................)))).)((.......((.(((...............((.(((....((...(..(((.............................................................................................................................))).)....)..)...)))..))...........(((...((.(..................................))))))..((((.(.(.(.((.......)).).).).)))..)...................)))..)).))))))).))))...((((.....................................(((..(.((.........................................................(((((.]]]]....))))).........)))...)).)..................)...).))..............................((((.(.(.((....))).)..).).).)..............]]]]]]]...................................................................................))))))))...)..)))))).))))....	((((.((.(.(.(.(....((((((((((((.((..(.((...................................................................................................)).).).).))))....[[[.[[[[[(((.(........[[[[..(.((.((................(((((............(...)................))))).((((.................................))))............[.[[...................(((....((...(..(((.............................................................................................................................))).)....)..)...)))..((((.........(((...((.(..................................))))))...(((.(.(.(.((.......)).).).).)))].].]......................)).))))))).))))...((((.....................................(((..(.(((........................................................(((((.]]]]....)))))........))))...)).)..................)...).)).(.....................(......((((.(.(.((....))).)..).).).).....)).....).)))))))...................................................................................]]]]]]]]......)))))).))))....
RF00010_75_6	996	75	1178.568	102	13	12	0.887	0.895	0.891	((((.((.(.(.(.(.(..[[[[[[[.((((.((..(.((...................................................................................................)).).).).))))....(((.((((((((.(........[[[[..(.((.((................(((((.................................)))))(((((.................................)))).)((.......((.(((...............((.(((....((...(..(((.............................................................................................................................))).)....)..)...)))..))...........(((...((.(..................................))))))..((((.(.(.(.((.......)).).).).)))..)...................)))..)).))))))).))))...((((.....................................(((..(.((.........................................................(((((.]]]]....))))).........)))...)).)..................)...).))..............................((((.(.(.((....))).)..).).).)..............]]]]]]]...................................................................................))))))))...)..)))))).))))....	((((.((.(.(.(.(....((((((((((((.((..(.((...................................................................................................)).).).).))))....[[[.[[[[[(((.(........[[[[..(.((.((................(((((............(...)................))))).((((.................................))))..............[[...............[[..(((....((...(..(((.............................................................................................................................))).)....)..)...)))..((((.........(((...((.(..]..]............................)))))).(.(((.(.(.(.((.......)).).).).)))].].)......................)).))))))).))))...((((.....................................(((..(.((.........................................................(((((.]]]]....))))).........)))...)).)..................)...).)).(.....................(......((((.(.(.((....))).)..).).).).....)).....).)))))))...................................................................................]]]]]]]]......)))))).))))....
RF00010_75_7	996	75	1182.53	102	15	12	0.872	0.895	0.883	((((.((.(.(.(.(.(..[[[[[[[.((((.((..(.((...................................................................................................)).).).).))))....(((.((((((((.(........[[[[..(.((.((................(((((.................................)))))(((((.................................)))).)((.......((.(((...............((.(((....((...(..(((.............................................................................................................................))).)....)..)...)))..))...........(((...((.(..................................))))))..((((.(.(.(.((.......)).).).).)))..)...................)))..)).))))))).))))...((((.....................................(((..(.((.........................................................(((((.]]]]....))))).........)))...)).)..................)...).))..............................((((.(.(.((....))).)..).).).)..............]]]]]]]...................................................................................))))))))...)..)))))).))))....	((((.((.(.(.(.(....((((((((((((.((..(.(((............................................................................................).....)).).).).))))....[[[.[[[[[(((.(........[[[[..(.((.((................(((((............(...)................))))).((((.................................))))..............{{...............[[[.(((....((...(..(((.............................................................................................................................))).)....)..)...)))..((((.........(((...((.(..................................))))))...(((.(.(.(.((.......)).).).).)))}.}...................]]]..)).))))))).)))).((((((.....................................(((..(.(((........................................................(((((.]]]]....)))))........))))...)).)..................)...).)).......................)..)...((((.(.(.((....))).)..).).).)............).)))))))...................................................................................]]]]]]]]......)))))).))))....
RF00010_75_8	996	75	1186.544	102	13	12	0.887	0.895	0.891	((((.((.(.(.(.(.(..[[[[[[[.((((.((..(.((...................................................................................................)).).).).))))....(((.((((((((.(........[[[[..(.((.((................(((((.................................)))))(((((.................................)))).)((.......((.(((...............((.(((....((...(..(((.............................................................................................................................))).)....)..)...)))..))...........(((...((.(..................................))))))..((((.(.(.(.((.......)).).).).)))..)...................)))..)).))))))).))))...((((.....................................(((..(.((.........................................................(((((.]]]]....))))).........)))...)).)..................)...).))..............................((((.(.(.((....))).)..).).).)..............]]]]]]]...................................................................................))))))))...)..)))))).))))....	((((.((.(.(.(.(....((((((((((((.((..(.(((............................................................................................).....)).).).).))))....[[[.[[[[[(((.(........[[[[..(.((.((................(((((............(...)................))))).((((.................................))))..............[[...............[[(.(((....((...(..(((.............................................................................................................................))).)....)..)...)))..{{{{.........(((...((.(..]..]............................)))))).(.(((.(.(.(.((.......)).).).).)))].].).................)....}}.}}))))).))))...((((.....................................(((..(.((.........................................................(((((.]]]]....))))).........)))...)).)..................)...).))..............................((((.(.(.((....))).)..).).).)............).)))))))...................................................................................]]]]]]]]......)))))).))))....
RF00010_75_9	996	75	1190.265	102	13	12	0.887	0.895	0.891	((((.((.(.(.(.(.(..[[[[[[[.((((.((..(.((...................................................................................................)).).).).))))....(((.((((((((.(........[[[[..(.((.((................(((((.................................)))))(((((.................................)))).)((.......((.(((...............((.(((....((...(..(((.............................................................................................................................))).)....)..)...)))..))...........(((...((.(..................................))))))..((((.(.(.(.((.......)).).).).)))..)...................)))..)).))))))).))))...((((.....................................(((..(.((.........................................................(((((.]]]]....))))).........)))...)).)..................)...).))..............................((((.(.(.((....))).)..).).).)..............]]]]]]]...................................................................................))))))))...)..)))))).))))....	((((.((.(.(.(.(....((((((((((((.((..(.((...................................................................................................)).).).).))))....[[[.[[[[[(((.(........[[[[..(.((.((................(((((............(...)................))))).((((.................................))))..............[[...............[[..(((....((...(..(((.............................................................................................................................))).)....)..)...)))..((((.........(((...((.(..]..]............................))))))...(((.(.(.(.((.......)).).).).)))].]........................)).))))))).)))).((((((.....................................(((..(.((.........................................................(((((.]]]]....))))).........)))...)).)..................)...).)).[.....................)..)...((((.(.(.((....))).)..).).).)......].....).)))))))...................................................................................]]]]]]]]......)))))).))))....
RF00010_100_1	996	100	1194.806	102	12	12	0.895	0.895	0.895	((((.((.(.(.(.(.(..[[[[[[[.((((.((..(.((...................................................................................................)).).).).))))....(((.((((((((.(........[[[[..(.((.((................(((((.................................)))))(((((.................................)))).)((.......((.(((...............((.(((....((...(..(((.............................................................................................................................))).)....)..)...)))..))...........(((...((.(..................................))))))..((((.(.(.(.((.......)).).).).)))..)...................)))..)).))))))).))))...((((.....................................(((..(.((.........................................................(((((.]]]]....))))).........)))...)).)..................)...).))..............................((((.(.(.((....))).)..).).).)..............]]]]]]]...................................................................................))))))))...)..)))))).))))....	((((.((.(.(.(.(....((((((((((((.((..(.((...................................................................................................)).).).).))))....[[[.[[[[[(((.(........[[[[..(.((.((................(((((............(...)................))))).((((.................................))))..............[[...................(((....((...(..(((.............................................................................................................................))).)....)..)...)))..((((.........(((...((.(..................................)))))).(.(((.(.(.(.((.......)).).).).)))].].)......................)).))))))).)))).((((((.....................................(((..(.(((........................................................(((((.]]]]....)))))........))))...)).)..................)...).)).......................)..)...((((.(.(.((....))).)..).).).)............).)))))))...................................................................................]]]]]]]]......)))))).))))....
RF00010_100_10	996	100	1199.334	102	12	12	0.895	0.895	0.895	((((.((.(.(.(.(.(..[[[[[[[.((((.((..(.((...................................................................................................)).).).).))))....(((.((((((((.(........[[[[..(.((.((................(((((.................................)))))(((((.................................)))).)((.......((.(((...............((.(((....((...(..(((.............................................................................................................................))).)....)..)...)))..))...........(((...((.(..................................))))))..((((.(.(.(.((.......)).).).).)))..)...................)))..)).))))))).))))...((((.....................................(((..(.((.........................................................(((((.]]]]....))))).........)))...)).)..................)...).))..............................((((.(.(.((....))).)..).).).)..............]]]]]]]...................................................................................))))))))...)..)))))).))))....	((((.((.(.(.(.(....((((((((((((.((..(.(((............................................................................................).....)).).).).))))....[[[.[[[[[(((.(........[[[[..(.((.((................(((((............(...)................))))).((((.................................))))..............[[...................(((....((...(..(((.............................................................................................................................))).)....)..)...)))..((((.........(((...((.(..................................))))))...(((.(.(.(.((.......)).).).).)))].]........................)).))))))).)))).((((((.....................................(((..(.(((........................................................(((((.]]]]....)))))........))))...)).)..................)...).)).......................)..)...((((.(.(.((....))).)..).).).)............).)))))))...................................................................................]]]]]]]]......)))))).))))....
RF00010_100_2	996	100	1203.987	102	15	12	0.872	0.895	0.883	((((.((.(.(.(.(.(..[[[[[[[.((((.((..(.((...................................................................................................)).).).).))))....(((.((((((((.(........[[[[..(.((.((................(((((.................................)))))(((((.................................)))).)((.......((.(((...............((.(((....((...(..(((.............................................................................................................................))).)....)..)...)))..))...........(((...((.(..................................))))))..((((.(.(.(.((.......)).).).).)))..)...................)))..)).))))))).))))...((((.....................................(((..(.((.........................................................(((((.]]]]....))))).........)))...)).)..................)...).))..............................((((.(.(.((....))).)..).).).)..............]]]]]]]...................................................................................))))))))...)..)))))).))))....	((((.((.(.(.(.(.(..((((((((((((.((..(.((...................................................................................................)).).).).))))....[[[.[[[[[(((.(........[[[[..(.((.((................(((((............(...)................))))).((((.................................))))............[.[[...............[[..(((....((...(..(((.............................................................................................................................))).)....)..)...)))..((((.........(((...((.(..]..]............................))))))...(((.(.(.(.((.......)).).).).)))].].]......................)).))))))).))))...((((.....................................(((..(.(((........................................................(((((.]]]]....)))))........))))...)).)..................)...).)).(.....................(......((((.(.(.((....))).)..).).).).....)).....).))))))))..................................................................................]]]]]]]]......)))))).))))....
RF00010_100_3	996	100	1208.504	102	15	12	0.872	0.895	0.883	((((.((.(.(.(.(.(..[[[[[[[.((((.((..(.((...................................................................................................)).).).).))))....(((.((((((((.(........[[[[..(.((.((................(((((.................................)))))(((((.................................)))).)((.......((.(((...............((.(((....((...(..(((.............................................................................................................................))).)....)..)...)))..))...........(((...((.(..................................))))))..((((.(.(.(.((.......)).).).).)))..)...................)))..)).))))))).))))...((((.....................................(((..(.((.........................................................(((((.]]]]....))))).........)))...)).)..................)...).))..............................((((.(.(.((....))).)..).).).)..............]]]]]]]...................................................................................))))))))...)..)))))).))))....	((((.((.(.(.(.(....((((((((((((.((..(.((...................................................................................................)).).).).))))....[[[.[[[[[(((.(........[[[[..(.((.((................(((((............(...)................))))).((((.................................))))..............[[...............[[(.(((....((...(..(((.............................................................................................................................))).)....)..)...)))..{{{{.........(((...((.(..]..]............................)))))).(.(((.(.(.(.((.......)).).).).)))].].).................)....}}.}}))))).)))).((((((.....................................(((..(.(((........................................................(((((.]]]]....)))))........))))...)).)..................)...).)).......................)..)...((((.(.(.((....))).)..).).).)............).)))))))...................................................................................]]]]]]]]......)))))).))))....
RF00010_100_4	996	100	1213.297	102	13	12	0.887	0.895	0.891	((((.((.(.(.(.(.(..[[[[[[[.((((.((..(.((...................................................................................................)).).).).))))....(((.((((((((.(........[[[[..(.((.((................(((((.................................)))))(((((.................................)))).)((.......((.(((...............((.(((....((...(..(((.............................................................................................................................))).)....)..)...)))..))...........(((...((.(..................................))))))..((((.(.(.(.((.......)).).).).)))..)...................)))..)).))))))).))))...((((.....................................(((..(.((.........................................................(((((.]]]]....))))).........)))...)).)..................)...).))..............................((((.(.(.((....))).)..).).).)..............]]]]]]]...................................................................................))))))))...)..)))))).))))....	((((.((.(.(.(.(....((((((((((((.((..(.((...................................................................................................)).).).).))))....[[[.[[[[[(((.(........[[[[..(.((.((................(((((............(...)................))))).((((.................................))))..............[[...............[[..(((....((...(..(((.............................................................................................................................))).)....)..)...)))..((((.........(((...((.(..]..]............................))))))...(((.(.(.(.((.......)).).).).)))].]........................)).))))))).))))...((((.....................................(((..(.(((........................................................(((((.]]]]....)))))........))))...)).)..................)...).)).(.....................(......((((.(.(.((....))).)..).).).).....)).....).)))))))...................................................................................]]]]]]]]......)))))).))))....
RF00010_100_5	996	100	1218.177	102	12	12	0.895	0.895	0.895	((((.((.(.(.(.(.(..[[[[[[[.((((.((..(.((...................................................................................................)).).).).))))....(((.((((((((.(........[[[[..(.((.((................(((((.................................)))))(((((.................................)))).)((.......((.(((...............((.(((....((...(..(((.............................................................................................................................))).)....)..)...)))..))...........(((...((.(..................................))))))..((((.(.(.(.((.......)).).).).)))..)...................)))..)).))))))).))))...((((.....................................(((..(.((.........................................................(((((.]]]]....))))).........)))...)).)..................)...).))..............................((((.(.(.((....))).)..).).).)..............]]]]]]]...................................................................................))))))))...)..)))))).))))....	((((.((.(.(.(.(....((((((((((((.((..(.((...................................................................................................)).).).).))))....[[[.[[[[[(((.(........[[[[..(.((.((................(((((............(...)................))))).((((.................................))))..............[[...................(((....((...(..(((.............................................................................................................................))).)....)..)...)))..((((.........(((...((.(..................................)))))).(.(((.(.(.(.((.......)).).).).)))].].)......................)).))))))).)))).((((((.....................................(((..(.(((........................................................(((((.]]]]....)))))........))))...)).)..................)...).)).......................)..)...((((.(.(.((....))).)..).).).)............).)))))))...................................................................................]]]]]]]]......)))))).))))....
RF00010_100_6	996	100	1222.98	102	16	12	0.864	0.895	0.879	((((.((.(.(.(.(.(..[[[[[[[.((((.((..(.((...................................................................................................)).).).).))))....(((.((((((((.(........[[[[..(.((.((................(((((.................................)))))(((((.................................)))).)((.......((.(((...............((.(((....((...(..(((.............................................................................................................................))).)....)..)...)))..))...........(((...((.(..................................))))))..((((.(.(.(.((.......)).).).).)))..)...................)))..)).))))))).))))...((((.....................................(((..(.((.........................................................(((((.]]]]....))))).........)))...)).)..................)...).))..............................((((.(.(.((....))).)..).).).)..............]]]]]]]...................................................................................))))))))...)..)))))).))))....	((((.((.(.(.(.(.(..((((((((((((.((..(.(((............................................................................................).....)).).).).))))....[[[.[[[[[(((.(........[[[[..(.((.((................(((((............(...)................))))).((((.................................))))............[.[[...............[[..(((....((...(..(((.............................................................................................................................))).)....)..)...)))..((((.........(((...((.(..]..]............................))))))...(((.(.(.(.((.......)).).).).)))].].]......................)).))))))).))))...((((.....................................(((..(.(((........................................................(((((.]]]]....)))))........))))...)).)..................)...).)).(.....................(......((((.(.(.((....))).)..).).).).....)).....).))))))))..................................................................................]]]]]]]]......)))))).))))....
RF00010_100_7	996	100	1227.503	102	11	12	0.903	0.895	0.899	((((.((.(.(.(.(.(..[[[[[[[.((((.((..(.((...................................................................................................)).).).).))))....(((.((((((((.(........[[[[..(.((.((................(((((.................................)))))(((((.................................)))).)((.......((.(((...............((.(((....((...(..(((.............................................................................................................................))).)....)..)...)))..))...........(((...((.(..................................))))))..((((.(.(.(.((.......)).).).).)))..)...................)))..)).))))))).))))...((((.....................................(((..(.((.........................................................(((((.]]]]....))))).........)))...)).)..................)...).))..............................((((.(.(.((....))).)..).).).)..............]]]]]]]...................................................................................))))))))...)..)))))).))))....	((((.((.(.(.(.(....((((((((((((.((..(.((...................................................................................................)).).).).))))....[[[.[[[[[(((.(........[[[[..(.((.((................(((((............(...)................))))).((((.................................))))..............[[...................(((....((...(..(((.............................................................................................................................))).)....)..)...)))..((((.........(((...((.(..................................))))))...(((.(.(.(.((.......)).).).).)))].]........................)).))))))).))))...((((.....................................(((..(.(((........................................................(((((.]]]]....)))))........))))...)).)..................)...).)).(.....................(......((((.(.(.((....))).)..).).).).....)).....).)))))))...................................................................................]]]]]]]]......)))))).))))....
RF00010_100_8	996	100	1232.15	102	15	12	0.872	0.895	0.883	((((.((.(.(.(.(.(..[[[[[[[.((((.((..(.((...................................................................................................)).).).).))))....(((.((((((((.(........[[[[..(.((.((................(((((.................................)))))(((((.................................)))).)((.......((.(((...............((.(((....((...(..(((.............................................................................................................................))).)....)..)...)))..))...........(((...((.(..................................))))))..((((.(.(.(.((.......)).).).).)))..)...................)))..)).))))))).))))...((((.....................................(((..(.((.........................................................(((((.]]]]....))))).........)))...)).)..................)...).))..............................((((.(.(.((....))).)..).).).)..............]]]]]]]...................................................................................))))))))...)..)))))).))))....	((((.((.(.(.(.(....((((((((((((.((..(.((...................................................................................................)).).).).))))....[[[.[[[[[(((.(........[[[[..(.((.((................(((((............(...)................))))).((((.................................))))..............{{...............[[[.(((....((...(..(((.............................................................................................................................))).)....)..)...)))..((((.........(((...((.(..................................)))))).(.(((.(.(.(.((.......)).).).).)))}.}.).................]]]..)).))))))).))))...((((.....................................(((..(.(((........................................................(((((.]]]]....)))))........))))...)).)..................)...).)).(.....................(......((((.(.(.((....))).)..).).).).....)).....).)))))))...................................................................................]]]]]]]]......)))))).))))....
RF00010_100_9	996	100	1236.717	102	14	12	0.879	0.895	0.887	((((.((.(.(.(.(.(..[[[[[[[.((((.((..(.((...................................................................................................)).).).).))))....(((.((((((((.(........[[[[..(.((.((................(((((.................................)))))(((((.................................)))).)((.......((.(((...............((.(((....((...(..(((.............................................................................................................................))).)....)..)...)))..))...........(((...((.(..................................))))))..((((.(.(.(.((.......)).).).).)))..)...................)))..)).))))))).))))...((((.....................................(((..(.((.........................................................(((((.]]]]....))))).........)))...)).)..................)...).))..............................((((.(.(.((....))).)..).).).)..............]]]]]]]...................................................................................))))))))...)..)))))).))))....	((((.((.(.(.(.(....((((((((((((.((..(.((...................................................................................................)).).).).))))....[[[.[[[[[(((.(........[[[[..(.((.((................(((((............(...)................))))).((((.................................))))............[.[[...............[[..(((....((...(..(((.............................................................................................................................))).)....)..)...)))..((((.........(((...((.(..]..]............................))))))...(((.(.(.(.((.......)).).).).)))].].]......................)).))))))).))))...((((.....................................(((..(.(((........................................................(((((.]]]]....)))))........))))...)).)..................)...).)).(.....................(......((((.(.(.((....))).)..).).).).....)).....).)))))))...................................................................................]]]]]]]]......)))))).))))....
RF00010_150_1	996	150	1242.311	102	11	12	0.903	0.895	0.899	((((.((.(.(.(.(.(..[[[[[[[.((((.((..(.((...................................................................................................)).).).).))))....(((.((((((((.(........[[[[..(.((.((................(((((.................................)))))(((((.................................)))).)((.......((.(((...............((.(((....((...(..(((.............................................................................................................................))).)....)..)...)))..))...........(((...((.(..................................))))))..((((.(.(.(.((.......)).).).).)))..)...................)))..)).))))))).))))...((((.....................................(((..(.((.........................................................(((((.]]]]....))))).........)))...)).)..................)...).))..............................((((.(.(.((....))).)..).).).)..............]]]]]]]...................................................................................))))))))...)..)))))).))))....	((((.((.(.(.(.(....((((((((((((.((..(.((...................................................................................................)).).).).))))....[[[.[[[[[(((.(........[[[[..(.((.((................(((((............(...)................))))).((((.................................))))..............[[...................(((....((...(..(((.............................................................................................................................))).)....)..)...)))..((((.........(((...((.(..................................))))))...(((.(.(.(.((.......)).).).).)))].]........................)).))))))).))))...((((.....................................(((..(.(((........................................................(((((.]]]]....)))))........))))...)).)..................)...).)).(.....................(......((((.(.(.((....))).)..).).).).....)).....).)))))))...................................................................................]]]]]]]]......)))))).))))....
RF00010_150_10	996	150	1248.149	102	13	12	0.887	0.895	0.891	((((.((.(.(.(.(.(..[[[[[[[.((((.((..(.((...................................................................................................)).).).).))))....(((.((((((((.(........[[[[..(.((.((................(((((.................................)))))(((((.................................)))).)((.......((.(((...............((.(((....((...(..(((.............................................................................................................................))).)....)..)...)))..))...........(((...((.(..................................))))))..((((.(.(.(.((.......)).).).).)))..)...................)))..)).))))))).))))...((((.....................................(((..(.((.........................................................(((((.]]]]....))))).........)))...)).)..................)...).))..............................((((.(.(.((....))).)..).).).)..............]]]]]]]...................................................................................))))))))...)..)))))).))))....	((((.((.(.(.(.(....((((((((((((.((..(.((...................................................................................................)).).).).))))....[[[.[[[[[(((.(........[[[[..(.((.((................(((((............(...)................))))).((((.................................))))..............[[...............[[..(((....((...(..(((.............................................................................................................................))).)....)..)...)))..((((.........(((...((.(..]..]............................)))))).(.(((.(.(.(.((.......)).).).).)))].].)......................)).))))))).)))).(.((((.....................................(((..(.(((........................................................(((((.]]]]....)))))........))))...)).)..................)...).))..........................)...((((.(.(.((....))).)..).).).)............).)))))))...................................................................................]]]]]]]]......)))))).))))....
RF00010_150_2	996	150	1253.614	102	11	12	0.903	0.895	0.899	((((.((.(.(.(.(.(..[[[[[[[.((((.((..(.((...................................................................................................)).).).).))))....(((.((((((((.(........[[[[..(.((.((................(((((.................................)))))(((((.................................)))).)((.......((.(((...............((.(((....((...(..(((.............................................................................................................................))).)....)..)...)))..))...........(((...((.(..................................))))))..((((.(.(.(.((.......)).).).).)))..)...................)))..)).))))))).))))...((((.....................................(((..(.((.........................................................(((((.]]]]....))))).........)))...)).)..................)...).))..............................((((.(.(.((....))).)..).).).)..............]]]]]]]...................................................................................))))))))...)..)))))).))))....	((((.((.(.(.(.(....((((((((((((.((..(.((...................................................................................................)).).).).))))....[[[.[[[[[(((.(........[[[[..(.((.((................(((((............(...)................))))).((((.................................))))..............[[...................(((....((...(..(((.............................................................................................................................))).)....)..)...)))..((((.........(((...((.(..................................))))))...(((.(.(.(.((.......)).).).).)))].]........................)).))))))).))))...((((.....................................(((..(.(((........................................................(((((.]]]]....)))))........))))...)).)..................)...).)).(.....................(......((((.(.(.((....))).)..).).).).....)).....).)))))))...................................................................................]]]]]]]]......)))))).))))....
RF00010_150_3	996	150	1259.505	102	16	12	0.864	0.895	0.879	((((.((.(.(.(.(.(..[[[[[[[.((((.((..(.((...................................................................................................)).).).).))))....(((.((((((((.(........[[[[..(.((.((................(((((.................................)))))(((((.................................)))).)((.......((.(((...............((.(((....((...(..(((.............................................................................................................................))).)....)..)...)))..))...........(((...((.(..................................))))))..((((.(.(.(.((.......)).).).).)))..)...................)))..)).))))))).))))...((((.....................................(((..(.((.........................................................(((((.]]]]....))))).........)))...)).)..................)...).))..............................((((.(.(.((....))).)..).).).)..............]]]]]]]...................................................................................))))))))...)..)))))).))))....	((((.((.(.(.(.(.(..((((((((((((.((..(.((...................................................................................................)).).).).))))....[[[.[[[[[(((.(........[[[[..(.((.((................(((((............(...)................))))).((((.................................))))..............[[...............[[(.(((....((...(..(((.............................................................................................................................))).)....)..)...)))..{{{{.........(((...((.(..]..]............................)))))).(.(((.(.(.(.((.......)).).).).)))].].).................)....}}.}}))))).))))...((((.....................................(((..(.(((........................................................(((((.]]]]....)))))........))))...)).)..................)...).)).(.....................(......((((.(.(.((....))).)..).).).).....)).....).))))))))..................................................................................]]]]]]]]......)))))).))))....
RF00010_150_4	996	150	1265.132	102	13	12	0.887	0.895	0.891	((((.((.(.(.(.(.(..[[[[[[[.((((.((..(.((...................................................................................................)).).).).))))....(((.((((((((.(........[[[[..(.((.((................(((((.................................)))))(((((.................................)))).)((.......((.(((...............((.(((....((...(..(((.............................................................................................................................))).)....)..)...)))..))...........(((...((.(..................................))))))..((((.(.(.(.((.......)).).).).)))..)...................)))..)).))))))).))))...((((.....................................(((..(.((.........................................................(((((.]]]]....))))).........)))...)).)..................)...).))..............................((((.(.(.((....))).)..).).).)..............]]]]]]]...................................................................................))))))))...)..)))))).))))....	((((.((.(.(.(.(....((((((((((((.((..(.((...................................................................................................)).).).).))))....[[[.[[[[[(((.(........[[[[..(.((.((................(((((............(...)................))))).((((.................................))))..............[[................{{.(((....((...(..(((.............................................................................................................................))).)....)..)...)))..((((.........(((...((.(..................................))))))...(((.(.(.(.((.......)).).).).)))].]...................}}...)).))))))).)))).((((((.....................................(((..(.(((........................................................(((((.]]]]....)))))........))))...)).)..................)...).)).......................)..)...((((.(.(.((....))).)..).).).)............).)))))))...................................................................................]]]]]]]]......)))))).))))....
RF00010_150_5	996	150	1270.722	102	13	12	0.887	0.895	0.891	((((.((.(.(.(.(.(..[[[[[[[.((((.((..(.((...................................................................................................)).).).).))))....(((.((((((((.(........[[[[..(.((.((................(((((.................................)))))(((((.................................)))).)((.......((.(((...............((.(((....((...(..(((.............................................................................................................................))).)....)..)...)))..))...........(((...((.(..................................))))))..((((.(.(.(.((.......)).).).).)))..)...................)))..)).))))))).))))...((((.....................................(((..(.((.........................................................(((((.]]]]....))))).........)))...)).)..................)...).))..............................((((.(.(.((....))).)..).).).)..............]]]]]]]...................................................................................))))))))...)..)))))).))))....	((((.((.(.(.(.(....((((((((((((.((..(.((...................................................................................................)).).).).))))....[[[.[[[[[(((.(........[[[[..(.((.((................(((((............(...)................))))).((((.................................))))..............[[...............[[..(((....((...(..(((.............................................................................................................................))).)....)..)...)))..((((.........(((...((.(..]..]............................))))))...(((.(.(.(.((.......)).).).).)))].]........................)).))))))).)))).((((((.....................................(((..(.(((........................................................(((((.]]]]....)))))........))))...)).)..................)...).)).......................)..)...((((.(.(.((....))).)..).).).)............).)))))))...................................................................................]]]]]]]]......)))))).))))....
RF00010_150_6	996	150	1276.918	103	11	11	0.904	0.904	0.904	((((.((.(.(.(.(.(..[[[[[[[.((((.((..(.((...................................................................................................)).).).).))))....(((.((((((((.(........[[[[..(.((.((................(((((.................................)))))(((((.................................)))).)((.......((.(((...............((.(((....((...(..(((.............................................................................................................................))).)....)..)...)))..))...........(((...((.(..................................))))))..((((.(.(.(.((.......)).).).).)))..)...................)))..)).))))))).))))...((((.....................................(((..(.((.........................................................(((((.]]]]....))))).........)))...)).)..................)...).))..............................((((.(.(.((....))).)..).).).)..............]]]]]]]...................................................................................))))))))...)..)))))).))))....	((((.((.(.(.(.(....((((((((((((.((..(.((...................................................................................................)).).).).))))....[[[.[[[[[(((.(........[[[[..(.((.((................(((((............(...)................))))).((((.................................))))..............[[{..................(((....((...(..(((.............................................................................................................................))).)....)..)...)))..((((.........(((...((.(..................................))))))...(((.(.(.(.((.......)).).).).)))].]...................}....)).))))))).))))...((((.....................................(((..(.(((........................................................(((((.]]]]....)))))........))))...)).)..................)...).)).(.....................(......((((.(.(.((....))).)..).).).).....)).....).)))))))...................................................................................]]]]]]]]......)))))).))))....
RF00010_150_7	996	150	1282.584	102	14	12	0.879	0.895	0.887	((((.((.(.(.(.(.(..[[[[[[[.((((.((..(.((...................................................................................................)).).).).))))....(((.((((((((.(........[[[[..(.((.((................(((((.................................)))))(((((.................................)))).)((.......((.(((...............((.(((....((...(..(((.............................................................................................................................))).)....)..)...)))..))...........(((...((.(..................................))))))..((((.(.(.(.((.......)).).).).)))..)...................)))..)).))))))).))))...((((.....................................(((..(.((.........................................................(((((.]]]]....))))).........)))...)).)..................)...).))..............................((((.(.(.((....))).)..).).).)..............]]]]]]]...................................................................................))))))))...)..)))))).))))....	((((.((.(.(.(.(....((((((((((((.((..(.((...................................................................................................)).).).).))))....[[[.[[[[[(((.(........[[[[..(.((.((................(((((............(...)................))))).((((.................................))))..............[[...............[[..(((....((...(..(((.............................................................................................................................))).)....)..)...)))..((((.........(((...((.(..]..]............................)))))).(.(((.(.(.(.((.......)).).).).)))].].)......................)).))))))).)))).((((((.....................................(((..(.(((........................................................(((((.]]]]....)))))........))))...)).)..................)...).)).......................)..)...((((.(.(.((....))).)..).).).)............).)))))))...................................................................................]]]]]]]]......)))))).))))....
RF00010_150_8	996	150	1288.24	102	13	12	0.887	0.895	0.891	((((.((.(.(.(.(.(..[[[[[[[.((((.((..(.((...................................................................................................)).).).).))))....(((.((((((((.(........[[[[..(.((.((................(((((.................................)))))(((((.................................)))).)((.......((.(((...............((.(((....((...(..(((.............................................................................................................................))).)....)..)...)))..))...........(((...((.(..................................))))))..((((.(.(.(.((.......)).).).).)))..)...................)))..)).))))))).))))...((((.....................................(((..(.((.........................................................(((((.]]]]....))))).........)))...)).)..................)...).))..............................((((.(.(.((....))).)..).).).)..............]]]]]]]...................................................................................))))))))...)..)))))).))))....	((((.((.(.(.(.(....((((((((((((.((..(.((...................................................................................................)).).).).))))....[[[.[[[[[(((.(........[[[[..(.((.((................(((((............(...)................))))).((((.................................))))..............[[...............[[..(((....((...(..(((.............................................................................................................................))).)....)..)...)))..((((.........(((...((.(..]..]............................))))))...(((.(.(.(.((.......)).).).).)))].]........................)).))))))).))))...((((.....................................(((..(.(((........................................................(((((.]]]]....)))))........))))...)).)..................)...).)).(.....................(......((((.(.(.((....))).)..).).).).....)).....).)))))))...................................................................................]]]]]]]]......)))))).))))....
RF00010_150_9	996	150	1293.967	102	11	12	0.903	0.895	0.899	((((.((.(.(.(.(.(..[[[[[[[.((((.((..(.((...................................................................................................)).).).).))))....(((.((((((((.(........[[[[..(.((.((................(((((.................................)))))(((((.................................)))).)((.......((.(((...............((.(((....((...(..(((.............................................................................................................................))).)....)..)...)))..))...........(((...((.(..................................))))))..((((.(.(.(.((.......)).).).).)))..)...................)))..)).))))))).))))...((((.....................................(((..(.((.........................................................(((((.]]]]....))))).........)))...)).)..................)...).))..............................((((.(.(.((....))).)..).).).)..............]]]]]]]...................................................................................))))))))...)..)))))).))))....	((((.((.(.(.(.(....((((((((((((.((..(.((...................................................................................................)).).).).))))....[[[.[[[[[(((.(........[[[[..(.((.((................(((((............(...)................))))).((((.................................))))..............[[...................(((....((...(..(((.............................................................................................................................))).)....)..)...)))..((((.........(((...((.(..................................))))))...(((.(.(.(.((.......)).).).).)))].]........................)).))))))).)))).((((((.....................................(((..(.(((........................................................(((((.]]]]....)))))........))))...)).)..................)...).)).......................)..)...((((.(.(.((....))).)..).).).)............).)))))))...................................................................................]]]]]]]]......)))))).))))....
RF00010_200_1	996	200	1300.426	102	14	12	0.879	0.895	0.887	((((.((.(.(.(.(.(..[[[[[[[.((((.((..(.((...................................................................................................)).).).).))))....(((.((((((((.(........[[[[..(.((.((................(((((.................................)))))(((((.................................)))).)((.......((.(((...............((.(((....((...(..(((.............................................................................................................................))).)....)..)...)))..))...........(((...((.(..................................))))))..((((.(.(.(.((.......)).).).).)))..)...................)))..)).))))))).))))...((((.....................................(((..(.((.........................................................(((((.]]]]....))))).........)))...)).)..................)...).))..............................((((.(.(.((....))).)..).).).)..............]]]]]]]...................................................................................))))))))...)..)))))).))))....	((((.((.(.(.(.(....((((((((((((.((..(.((...................................................................................................)).).).).))))....[[[.[[[[[(((.(........[[[[..(.((.((................(((((............(...)................))))).((((.................................))))..............{{................[[.(((....((...(..(((.............................................................................................................................))).)....)..)...)))..((((.........(((...((.(..................................)))))).(.(((.(.(.(.((.......)).).).).)))}.}.).................]]...)).))))))).))))...((((.....................................(((..(.(((........................................................(((((.]]]]....)))))........))))...)).)..................)...).)).(.....................(......((((.(.(.((....))).)..).).).).....)).....).)))))))...................................................................................]]]]]]]]......)))))).))))....
RF00010_200_10	996	200	1306.97	102	13	12	0.887	0.895	0.891	((((.((.(.(.(.(.(..[[[[[[[.((((.((..(.((...................................................................................................)).).).).))))....(((.((((((((.(........[[[[..(.((.((................(((((.................................)))))(((((.................................)))).)((.......((.(((...............((.(((....((...(..(((.............................................................................................................................))).)....)..)...)))..))...........(((...((.(..................................))))))..((((.(.(.(.((.......)).).).).)))..)...................)))..)).))))))).))))...((((.....................................(((..(.((.........................................................(((((.]]]]....))))).........)))...)).)..................)...).))..............................((((.(.(.((....))).)..).).).)..............]]]]]]]...................................................................................))))))))...)..)))))).))))....	((((.((.(.(.(.(....((((((((((((.((..(.((...................................................................................................)).).).).))))....[[[.[[[[[(((.(........[[[[..(.((.((................(((((............(...)................))))).((((.................................))))..............[[...............[[..(((....((...(..(((.............................................................................................................................))).)....)..)...)))..((((.........(((...((.(..]..]............................))))))...(((.(.(.(.((.......)).).).).)))].]........................)).))))))).))))...((((.....................................(((..(.(((........................................................(((((.]]]]....)))))........))))...)).)..................)...).)).(.....................(......((((.(.(.((....))).)..).).).).....)).....).)))))))...................................................................................]]]]]]]]......)))))).))))....
RF00010_200_2	996	200	1313.701	102	14	12	0.879	0.895	0.887	((((.((.(.(.(.(.(..[[[[[[[.((((.((..(.((...................................................................................................)).).).).))))....(((.((((((((.(........[[[[..(.((.((................(((((.................................)))))(((((.................................)))).)((.......((.(((...............((.(((....((...(..(((.............................................................................................................................))).)....)..)...)))..))...........(((...((.(..................................))))))..((((.(.(.(.((.......)).).).).)))..)...................)))..)).))))))).))))...((((.....................................(((..(.((.........................................................(((((.]]]]....))))).........)))...)).)..................)...).))..............................((((.(.(.((....))).)..).).).)..............]]]]]]]...................................................................................))))))))...)..)))))).))))....	((((.((.(.(.(.(....((((((((((((.((..(.((...................................................................................................)).).).).))))....[[[.[[[[[(((.(........[[[[..(.((.((................(((((............(...)................))))).((((.................................))))............[.[[...............[[..(((....((...(..(((.............................................................................................................................))).)....)..)...)))..((((.........(((...((.(..]..]............................))))))...(((.(.(.(.((.......)).).).).)))].].]......................)).))))))).))))...((((.....................................(((..(.(((........................................................(((((.]]]]....)))))........))))...)).)..................)...).)).(.....................(......((((.(.(.((....))).)..).).).).....)).....).)))))))...................................................................................]]]]]]]]......)))))).))))....
RF00010_200_3	996	200	1320.539	102	12	12	0.895	0.895	0.895	((((.((.(.(.(.(.(..[[[[[[[.((((.((..(.((...................................................................................................)).).).).))))....(((.((((((((.(........[[[[..(.((.((................(((((.................................)))))(((((.................................)))).)((.......((.(((...............((.(((....((...(..(((.............................................................................................................................))).)....)..)...)))..))...........(((...((.(..................................))))))..((((.(.(.(.((.......)).).).).)))..)...................)))..)).))))))).))))...((((.....................................(((..(.((.........................................................(((((.]]]]....))))).........)))...)).)..................)...).))..............................((((.(.(.((....))).)..).).).)..............]]]]]]]...................................................................................))))))))...)..)))))).))))....	((((.((.(.(.(.(....((((((((((((.((..(.((...................................................................................................)).).).).))))....[[[.[[[[[(((.(........[[[[..(.((.((................(((((............(...)................))))).((((.................................))))..............[[...................(((....((...(..(((.............................................................................................................................))).)....)..)...)))..((((.........(((...((.(..................................)))))).(.(((.(.(.(.((.......)).).).).)))].].)......................)).))))))).))))...((((.....................................(((..(.(((........................................................(((((.]]]]....)))))........))))...)).)..................)...).)).(.....................(......((((.(.(.((....))).)..).).).).....)).....).)))))))...................................................................................]]]]]]]]......)))))).))))....
RF00010_200_4	996	200	1327.11	102	13	12	0.887	0.895	0.891	((((.((.(.(.(.(.(..[[[[[[[.((((.((..(.((...................................................................................................)).).).).))))....(((.((((((((.(........[[[[..(.((.((................(((((.................................)))))(((((.................................)))).)((.......((.(((...............((.(((....((...(..(((.............................................................................................................................))).)....)..)...)))..))...........(((...((.(..................................))))))..((((.(.(.(.((.......)).).).).)))..)...................)))..)).))))))).))))...((((.....................................(((..(.((.........................................................(((((.]]]]....))))).........)))...)).)..................)...).))..............................((((.(.(.((....))).)..).).).)..............]]]]]]]...................................................................................))))))))...)..)))))).))))....	((((.((.(.(.(.(....((((((((((((.((..(.((...................................................................................................)).).).).))))....[[[.[[[[[(((.(........[[[[..(.((.((................(((((............(...)................))))).((((.................................))))..............[[...............[[..(((....((...(..(((.............................................................................................................................))).)....)..)...)))..((((.........(((...((.(..]..]............................))))))...(((.(.(.(.((.......)).).).).)))].]........................)).))))))).))))...((((.....................................(((..(.(((........................................................(((((.]]]]....)))))........))))...)).)..................)...).)).(.....................(......((((.(.(.((....))).)..).).).).....)).....).)))))))...................................................................................]]]]]]]]......)))))).))))....
RF00010_200_5	996	200	1333.882	102	15	12	0.872	0.895	0.883	((((.((.(.(.(.(.(..[[[[[[[.((((.((..(.((...................................................................................................)).).).).))))....(((.((((((((.(........[[[[..(.((.((................(((((.................................)))))(((((.................................)))).)((.......((.(((...............((.(((....((...(..(((.............................................................................................................................))).)....)..)...)))..))...........(((...((.(..................................))))))..((((.(.(.(.((.......)).).).).)))..)...................)))..)).))))))).))))...((((.....................................(((..(.((.........................................................(((((.]]]]....))))).........)))...)).)..................)...).))..............................((((.(.(.((....))).)..).).).)..............]]]]]]]...................................................................................))))))))...)..)))))).))))....	((((.((.(.(.(.(....((((((((((((.((..(.((...................................................................................................)).).).).))))....[[[.[[[[[(((.(........[[[[..(.((.((................(((((............(...)................))))).((((.................................))))..............[[...............[[(.(((....((...(..(((.............................................................................................................................))).)....)..)...)))..{{{{.........(((...((.(..]..]............................)))))).(.(((.(.(.(.((.......)).).).).)))].].).................)....}}.}}))))).))))...((((.....................................(((..(.(((........................................................(((((.]]]]....)))))........))))...)).)..................)...).)).(.....................(......((((.(.(.((....))).)..).).).).....)).....).)))))))...................................................................................]]]]]]]]......)))))).))))....
RF00010_200_6	996	200	1340.577	102	15	12	0.872	0.895	0.883	((((.((.(.(.(.(.(..[[[[[[[.((((.((..(.((...................................................................................................)).).).).))))....(((.((((((((.(........[[[[..(.((.((................(((((.................................)))))(((((.................................)))).)((.......((.(((...............((.(((....((...(..(((.............................................................................................................................))).)....)..)...)))..))...........(((...((.(..................................))))))..((((.(.(.(.((.......)).).).).)))..)...................)))..)).))))))).))))...((((.....................................(((..(.((.........................................................(((((.]]]]....))))).........)))...)).)..................)...).))..............................((((.(.(.((....))).)..).).).)..............]]]]]]]...................................................................................))))))))...)..)))))).))))....	((((.((.(.(.(.(....((((((((((((.((..(.((...................................................................................................)).).).).))))....[[[.[[[[[(((.(........[[[[..(.((.((................(((((............(...)................))))).((((.................................))))..............[[...............[[(.(((....((...(..(((.............................................................................................................................))).)....)..)...)))..{{{{.........(((...((.(..]..]............................)))))).(.(((.(.(.(.((.......)).).).).)))].].).................)....}}.}}))))).))))...((((.....................................(((..(.(((........................................................(((((.]]]]....)))))........))))...)).)..................)...).)).(.....................(......((((.(.(.((....))).)..).).).).....)).....).)))))))...................................................................................]]]]]]]]......)))))).))))....
RF00010_200_7	996	200	1347.276	102	11	12	0.903	0.895	0.899	((((.((.(.(.(.(.(..[[[[[[[.((((.((..(.((...................................................................................................)).).).).))))....(((.((((((((.(........[[[[..(.((.((................(((((.................................)))))(((((.................................)))).)((.......((.(((...............((.(((....((...(..(((.............................................................................................................................))).)....)..)...)))..))...........(((...((.(..................................))))))..((((.(.(.(.((.......)).).).).)))..)...................)))..)).))))))).))))...((((.....................................(((..(.((.........................................................(((((.]]]]....))))).........)))...)).)..................)...).))..............................((((.(.(.((....))).)..).).).)..............]]]]]]]...................................................................................))))))))...)..)))))).))))....	((((.((.(.(.(.(....((((((((((((.((..(.((...................................................................................................)).).).).))))....[[[.[[[[[(((.(........[[[[..(.((.((................(((((............(...)................))))).((((.................................))))..............[[...................(((....((...(..(((.............................................................................................................................))).)....)..)...)))..((((.........(((...((.(..................................))))))...(((.(.(.(.((.......)).).).).)))].]........................)).))))))).)))).((((((.....................................(((..(.(((........................................................(((((.]]]]....)))))........))))...)).)..................)...).)).......................)..)...((((.(.(.((....))).)..).).).)............).)))))))...................................................................................]]]]]]]]......)))))).))))....
RF00010_200_8	996	200	1353.853	102	11	12	0.903	0.895	0.899	((((.((.(.(.(.(.(..[[[[[[[.((((.((..(.((...................................................................................................)).).).).))))....(((.((((((((.(........[[[[..(.((.((................(((((.................................)))))(((((.................................)))).)((.......((.(((...............((.(((....((...(..(((.............................................................................................................................))).)....)..)...)))..))...........(((...((.(..................................))))))..((((.(.(.(.((.......)).).).).)))..)...................)))..)).))))))).))))...((((.....................................(((..(.((.........................................................(((((.]]]]....))))).........)))...)).)..................)...).))..............................((((.(.(.((....))).)..).).).)..............]]]]]]]...................................................................................))))))))...)..)))))).))))....	((((.((.(.(.(.(....((((((((((((.((..(.((...................................................................................................)).).).).))))....[[[.[[[[[(((.(........[[[[..(.((.((................(((((............(...)................))))).((((.................................))))..............[[...................(((....((...(..(((.............................................................................................................................))).)....)..)...)))..((((.........(((...((.(..................................))))))...(((.(.(.(.((.......)).).).).)))].]........................)).))))))).))))...((((.....................................(((..(.(((........................................................(((((.]]]]....)))))........))))...)).)..................)...).)).(.....................(......((((.(.(.((....))).)..).).).).....)).....).)))))))...................................................................................]]]]]]]]......)))))).))))....
RF00010_200_9	996	200	1360.453	102	12	12	0.895	0.895	0.895	((((.((.(.(.(.(.(..[[[[[[[.((((.((..(.((...................................................................................................)).).).).))))....(((.((((((((.(........[[[[..(.((.((................(((((.................................)))))(((((.................................)))).)((.......((.(((...............((.(((....((...(..(((.............................................................................................................................))).)....)..)...)))..))...........(((...((.(..................................))))))..((((.(.(.(.((.......)).).).).)))..)...................)))..)).))))))).))))...((((.....................................(((..(.((.........................................................(((((.]]]]....))))).........)))...)).)..................)...).))..............................((((.(.(.((....))).)..).).).)..............]]]]]]]...................................................................................))))))))...)..)))))).))))....	((((.((.(.(.(.(....((((((((((((.((..(.((...................................................................................................)).).).).))))....[[[.[[[[[(((.(........[[[[..(.((.((................(((((............(...)................))))).((((.................................))))............[.[[...................(((....((...(..(((.............................................................................................................................))).)....)..)...)))..((((.........(((...((.(..................................))))))...(((.(.(.(.((.......)).).).).)))].].]......................)).))))))).)))).((((((.....................................(((..(.(((........................................................(((((.]]]]....)))))........))))...)).)..................)...).)).......................)..)...((((.(.(.((....))).)..).).).)............).)))))))...................................................................................]]]]]]]]......)))))).))))....
RF00010_300_1	996	300	1368.994	102	11	12	0.903	0.895	0.899	((((.((.(.(.(.(.(..[[[[[[[.((((.((..(.((...................................................................................................)).).).).))))....(((.((((((((.(........[[[[..(.((.((................(((((.................................)))))(((((.................................)))).)((.......((.(((...............((.(((....((...(..(((.............................................................................................................................))).)....)..)...)))..))...........(((...((.(..................................))))))..((((.(.(.(.((.......)).).).).)))..)...................)))..)).))))))).))))...((((.....................................(((..(.((.........................................................(((((.]]]]....))))).........)))...)).)..................)...).))..............................((((.(.(.((....))).)..).).).)..............]]]]]]]...................................................................................))))))))...)..)))))).))))....	((((.((.(.(.(.(....((((((((((((.((..(.((...................................................................................................)).).).).))))....[[[.[[[[[(((.(........[[[[..(.((.((................(((((............(...)................))))).((((.................................))))..............[[...................(((....((...(..(((.............................................................................................................................))).)....)..)...)))..((((.........(((...((.(..................................))))))...(((.(.(.(.((.......)).).).).)))].]........................)).))))))).)))).((((((.....................................(((..(.(((........................................................(((((.]]]]....)))))........))))...)).)..................)...).)).......................)..)...((((.(.(.((....))).)..).).).)............).)))))))...................................................................................]]]]]]]]......)))))).))))....
RF00010_300_10	996	300	1377.942	102	14	12	0.879	0.895	0.887	((((.((.(.(.(.(.(..[[[[[[[.((((.((..(.((...................................................................................................)).).).).))))....(((.((((((((.(........[[[[..(.((.((................(((((.................................)))))(((((.................................)))).)((.......((.(((...............((.(((....((...(..(((.............................................................................................................................))).)....)..)...)))..))...........(((...((.(..................................))))))..((((.(.(.(.((.......)).).).).)))..)...................)))..)).))))))).))))...((((.....................................(((..(.((.........................................................(((((.]]]]....))))).........)))...)).)..................)...).))..............................((((.(.(.((....))).)..).).).)..............]]]]]]]...................................................................................))))))))...)..)))))).))))....	((((.((.(.(.(.(....((((((((((((.((..(.((...................................................................................................)).).).).))))....[[[.[[[[[(((.(........[[[[..(.((.((................(((((............(...)................))))).((((.................................))))..............[[...............[[..(((....((...(..(((.............................................................................................................................))).)....)..)...)))..((((.........(((...((.(..]..]............................)))))).(.(((.(.(.(.((.......)).).).).)))].].)......................)).))))))).)))).((((((.....................................(((..(.(((........................................................(((((.]]]]....)))))........))))...)).)..................)...).)).......................)..)...((((.(.(.((....))).)..).).).)............).)))))))...................................................................................]]]]]]]]......)))))).))))....
RF00010_300_2	996	300	1386.887	102	15	12	0.872	0.895	0.883	((((.((.(.(.(.(.(..[[[[[[[.((((.((..(.((...................................................................................................)).).).).))))....(((.((((((((.(........[[[[..(.((.((................(((((.................................)))))(((((.................................)))).)((.......((.(((...............((.(((....((...(..(((.............................................................................................................................))).)....)..)...)))..))...........(((...((.(..................................))))))..((((.(.(.(.((.......)).).).).)))..)...................)))..)).))))))).))))...((((.....................................(((..(.((.........................................................(((((.]]]]....))))).........)))...)).)..................)...).))..............................((((.(.(.((....))).)..).).).)..............]]]]]]]...................................................................................))))))))...)..)))))).))))....	((((.((.(.(.(.(....((((((((((((.((..(.((...................................................................................................)).).).).))))....[[[.[[[[[(((.(........[[[[..(.((.((................(((((............(...)................))))).((((.................................))))..............[[...............[[(.(((....((...(..(((.............................................................................................................................))).)....)..)...)))..{{{{.........(((...((.(..]..]............................)))))).(.(((.(.(.(.((.......)).).).).)))].].).................)....}}.}}))))).))))...((((.....................................(((..(.(((........................................................(((((.]]]]....)))))........))))...)).)..................)...).)).(.....................(......((((.(.(.((....))).)..).).).).....)).....).)))))))...................................................................................]]]]]]]]......)))))).))))....
RF00010_300_3	996	300	1395.91	102	13	12	0.887	0.895	0.891	((((.((.(.(.(.(.(..[[[[[[[.((((.((..(.((...................................................................................................)).).).).))))....(((.((((((((.(........[[[[..(.((.((................(((((.................................)))))(((((.................................)))).)((.......((.(((...............((.(((....((...(..(((.............................................................................................................................))).)....)..)...)))..))...........(((...((.(..................................))))))..((((.(.(.(.((.......)).).).).)))..)...................)))..)).))))))).))))...((((.....................................(((..(.((.........................................................(((((.]]]]....))))).........)))...)).)..................)...).))..............................((((.(.(.((....))).)..).).).)..............]]]]]]]...................................................................................))))))))...)..)))))).))))....	((((.((.(.(.(.(....((((((((((((.((..(.((...................................................................................................)).).).).))))....[[[.[[[[[(((.(........[[[[..(.((.((................(((((............(...)................))))).((((.................................))))..............[[...............[[..(((....((...(..(((.............................................................................................................................))).)....)..)...)))..((((.........(((...((.(..]..]............................))))))...(((.(.(.(.((.......)).).).).)))].]........................)).))))))).))))...((((.....................................(((..(.(((........................................................(((((.]]]]....)))))........))))...)).)..................)...).)).(.....................(......((((.(.(.((....))).)..).).).).....)).....).)))))))...................................................................................]]]]]]]]......)))))).))))....
RF00010_300_4	996	300	1404.282	102	12	12	0.895	0.895	0.895	((((.((.(.(.(.(.(..[[[[[[[.((((.((..(.((...................................................................................................)).).).).))))....(((.((((((((.(........[[[[..(.((.((................(((((.................................)))))(((((.................................)))).)((.......((.(((...............((.(((....((...(..(((.............................................................................................................................))).)....)..)...)))..))...........(((...((.(..................................))))))..((((.(.(.(.((.......)).).).).)))..)...................)))..)).))))))).))))...((((.....................................(((..(.((.........................................................(((((.]]]]....))))).........)))...)).)..................)...).))..............................((((.(.(.((....))).)..).).).)..............]]]]]]]...................................................................................))))))))...)..)))))).))))....	((((.((.(.(.(.(....((((((((((((.((..(.((...................................................................................................)).).).).))))....[[[.[[[[[(((.(........[[[[..(.((.((................(((((............(...)................))))).((((.................................))))..............[[...................(((....((...(..(((.............................................................................................................................))).)....)..)...)))..((((.........(((...((.(..................................)))))).(.(((.(.(.(.((.......)).).).).)))].].)......................)).))))))).)))).((((((.....................................(((..(.(((........................................................(((((.]]]]....)))))........))))...)).)..................)...).)).......................)..)...((((.(.(.((....))).)..).).).)............).)))))))...................................................................................]]]]]]]]......)))))).))))....
RF00010_300_5	996	300	1412.888	102	15	12	0.872	0.895	0.883	((((.((.(.(.(.(.(..[[[[[[[.((((.((..(.((...................................................................................................)).).).).))))....(((.((((((((.(........[[[[..(.((.((................(((((.................................)))))(((((.................................)))).)((.......((.(((...............((.(((....((...(..(((.............................................................................................................................))).)....)..)...)))..))...........(((...((.(..................................))))))..((((.(.(.(.((.......)).).).).)))..)...................)))..)).))))))).))))...((((.....................................(((..(.((.........................................................(((((.]]]]....))))).........)))...)).)..................)...).))..............................((((.(.(.((....))).)..).).).)..............]]]]]]]...................................................................................))))))))...)..)))))).))))....	((((.((.(.(.(.(....((((((((((((.((..(.((...................................................................................................)).).).).))))....[[[.[[[[[(((.(........[[[[..(.((.((................(((((............(...)................))))).((((.................................))))..............{{...............[[[.(((....((...(..(((.............................................................................................................................))).)....)..)...)))..((((.........(((...((.(..................................)))))).(.(((.(.(.(.((.......)).).).).)))}.}.).................]]]..)).))))))).))))...((((.....................................(((..(.(((........................................................(((((.]]]]....)))))........))))...)).)..................)...).)).(.....................(......((((.(.(.((....))).)..).).).).....)).....).)))))))...................................................................................]]]]]]]]......)))))).))))....
RF00010_300_6	996	300	1421.391	102	14	12	0.879	0.895	0.887	((((.((.(.(.(.(.(..[[[[[[[.((((.((..(.((...................................................................................................)).).).).))))....(((.((((((((.(........[[[[..(.((.((................(((((.................................)))))(((((.................................)))).)((.......((.(((...............((.(((....((...(..(((.............................................................................................................................))).)....)..)...)))..))...........(((...((.(..................................))))))..((((.(.(.(.((.......)).).).).)))..)...................)))..)).))))))).))))...((((.....................................(((..(.((.........................................................(((((.]]]]....))))).........)))...)).)..................)...).))..............................((((.(.(.((....))).)..).).).)..............]]]]]]]...................................................................................))))))))...)..)))))).))))....	((((.((.(.(.(.(....((((((((((((.((..(.((...................................................................................................)).).).).))))....[[[.[[[[[(((.(........[[[[..(.((.((................(((((............(...)................))))).((((.................................))))..............[[...............[[..(((....((...(..(((.............................................................................................................................))).)....)..)...)))..((((.........(((...((.(..]..]............................)))))).(.(((.(.(.(.((.......)).).).).)))].].)......................)).))))))).))))...((((.....................................(((..(.(((........................................................(((((.]]]]....)))))........))))...)).)..................)...).)).(.....................(......((((.(.(.((....))).)..).).).).....)).....).)))))))...................................................................................]]]]]]]]......)))))).))))....
RF00010_300_7	996	300	1430.135	102	14	12	0.879	0.895	0.887	((((.((.(.(.(.(.(..[[[[[[[.((((.((..(.((...................................................................................................)).).).).))))....(((.((((((((.(........[[[[..(.((.((................(((((.................................)))))(((((.................................)))).)((.......((.(((...............((.(((....((...(..(((.............................................................................................................................))).)....)..)...)))..))...........(((...((.(..................................))))))..((((.(.(.(.((.......)).).).).)))..)...................)))..)).))))))).))))...((((.....................................(((..(.((.........................................................(((((.]]]]....))))).........)))...)).)..................)...).))..............................((((.(.(.((....))).)..).).).)..............]]]]]]]...................................................................................))))))))...)..)))))).))))....	((((.((.(.(.(.(....((((((((((((.((..(.((...................................................................................................)).).).).))))....[[[.[[[[[(((.(........[[[[..(.((.((................(((((............(...)................))))).((((.................................))))..............[[...............[[..(((....((...(..(((.............................................................................................................................))).)....)..)...)))..((((.........(((...((.(..]..]............................)))))).(.(((.(.(.(.((.......)).).).).)))].].)......................)).))))))).)))).((((((.....................................(((..(.(((........................................................(((((.]]]]....)))))........))))...)).)..................)...).)).......................)..)...((((.(.(.((....))).)..).).).)............).)))))))...................................................................................]]]]]]]]......)))))).))))....
RF00010_300_8	996	300	1438.802	102	14	12	0.879	0.895	0.887	((((.((.(.(.(.(.(..[[[[[[[.((((.((..(.((...................................................................................................)).).).).))))....(((.((((((((.(........[[[[..(.((.((................(((((.................................)))))(((((.................................)))).)((.......((.(((...............((.(((....((...(..(((.............................................................................................................................))).)....)..)...)))..))...........(((...((.(..................................))))))..((((.(.(.(.((.......)).).).).)))..)...................)))..)).))))))).))))...((((.....................................(((..(.((.........................................................(((((.]]]]....))))).........)))...)).)..................)...).))..............................((((.(.(.((....))).)..).).).)..............]]]]]]]...................................................................................))))))))...)..)))))).))))....	((((.((.(.(.(.(....((((((((((((.((..(.((...................................................................................................)).).).).))))....[[[.[[[[[(((.(........[[[[..(.((.((................(((((............(...)................))))).((((.................................))))..............[[...............[[..(((....((...(..(((.............................................................................................................................))).)....)..)...)))..((((.........(((...((.(..]..]............................)))))).(.(((.(.(.(.((.......)).).).).)))].].)......................)).))))))).)))).((((((.....................................(((..(.(((........................................................(((((.]]]]....)))))........))))...)).)..................)...).)).......................)..)...((((.(.(.((....))).)..).).).)............).)))))))...................................................................................]]]]]]]]......)))))).))))....
RF00010_300_9	996	300	1447.594	102	13	12	0.887	0.895	0.891	((((.((.(.(.(.(.(..[[[[[[[.((((.((..(.((...................................................................................................)).).).).))))....(((.((((((((.(........[[[[..(.((.((................(((((.................................)))))(((((.................................)))).)((.......((.(((...............((.(((....((...(..(((.............................................................................................................................))).)....)..)...)))..))...........(((...((.(..................................))))))..((((.(.(.(.((.......)).).).).)))..)...................)))..)).))))))).))))...((((.....................................(((..(.((.........................................................(((((.]]]]....))))).........)))...)).)..................)...).))..............................((((.(.(.((....))).)..).).).)..............]]]]]]]...................................................................................))))))))...)..)))))).))))....	((((.((.(.(.(.(....((((((((((((.((..(.((...................................................................................................)).).).).))))....[[[.[[[[[(((.(........[[[[..(.((.((................(((((............(...)................))))).((((.................................))))............[.[[................[..(((....((...(..(((.............................................................................................................................))).)....)..)...)))..((((.........(((...((.(..]...............................))))))...(((.(.(.(.((.......)).).).).)))].].]......................)).))))))).))))...((((.....................................(((..(.(((........................................................(((((.]]]]....)))))........))))...)).)..................)...).)).(.....................(......((((.(.(.((....))).)..).).).).....)).....).)))))))...................................................................................]]]]]]]]......)))))).))))....
RF00177_2_1	1980	2	1557.705	211	254	251	0.454	0.457	0.455	........(((((.........))))).((((.((((((..(.(((..((((.(....(((.(((..(((..(((.((.............(((((((.........)))).).))...............................................................................................................................))..)).)))).......(((......((((((((....((...(((((((.((..((....(((((((....))))))).....)))).....((((..(((..(((........)))..).)).).).))......(((..................................................................))).)))))))..))))))))))(((..(.(((..((((((((.......))))))))))).....))))..((((.((((....))))...))))))).((((((..........)))))).((((....))))...)))))).).....(.(((...(((((.....))))).)))).)).))))))..((((........((((.........)))).....))))...(((((((....(......(((.......................))).......)....))))))...)..(((((......(((((.....((....)).......)))))))))).))))))))))..........(((.....(.(.(((.(.(((.(((((((..((((((.(((((....((((.(((.....))).)).))..)))))))))..)))))).)))....(((((((((..(((((((((..((((((((...(((......)))......))))))))..))....(....((....)))))))))).)))))).)))...))))...)))).....(((.(((...((...((((..........))))...))))).)))............((((..((...((.((((.((((((.....................................))))))))))))...........((....)).....))))))))))...(((........((((....))))....))).........(((((.(((((((..((...(((((((((((((((((....((((........)))).........(((((((.....(((.(((((..............(((((((.....)))))))...((((......................................))))....))))).))).(.(.((((..(((((((((...(((((((((....)))..((((......))))...)))))).....((((.(((((((...((...(((........................)))..)).....)))))))..((((((((........)))).)))).....))))....)))).)))...))))))))....)))))))...)).))))))))))...(((.((((......(((.....((...(((....)))....))....)))......)))))))......(...((((((((........))))))))...).....))))).....((((((((.........))))))))......))....)))))))))).))..(.((.((...((((((((..((((((.(((.(((....(((((.(...((((...((..........)).)))).))))))...))).)))))))))..))))))))......))..))..).(((.(((((((....)))))))...)).).............	.......AAAA.{.{{{{.{{{{{{...(((.(((((((..{.{[[..[[[[.[......(((.............................(..(((.........)))<.<.)[[.............................................................................................................................[[....(..............[[[[...((((((((...............[............((((((....))))))[[[.[[[[[[.....((((..(((..((..........))..).)).).).)).((((.(((((((((...........................................((...[))))))).].))))..))..))....))))))))..<<<<<<<<<.((.............<<<<<<)){{{{........[[[[[[.[(((....)))....<<<<<<).(((((............))))).(((([[[.))))<<<<<<]]]....((((.[[[))))<<((.(..}}}}...]]].....))).}})))..............<...<<((..((((...)))))(((((([[[[[.......(..(((((((((........)))).)...))))...)))))))..]]]]]....)...((]]]]]]].((((((}}.{{.....]]]]]]..))))))..))..)))))))))).............((((((([.........(((((........((((.(((((.....(((.(((]....))).)).)...)))))))))..}}...(..(((.....(((((....(((((((...[[{{{((((((...{{{{..........)))))).[[[...}}}}.........>>>[[[)))))))}}})))))..........(...........(((.((((((.....}}}}.}}}}}.)))).........)).)))>>)....[[[[.((((..((.((((.({{(.((((((.(]............................]]]..))))))))..))).................}}...))))))))]]].........))){{.{{{.............]]].......]]{{{{{{{A{{{{{.(.....)......[[[[[[[[{{{{{{((((........))))...{{{{).[[[[[[[([[[)..(((((((..............(((((((.....)))))))....((((....................................)))).....))))))).}}}.}>>>>>>.>>>>>>......((((((............((((}}}}}}))))...)))))).....a......(((...((((...................................)).))aaaa)))..................).)))).......>>>>>>.......]]]...........)))))))]]]]]]]......]]]]]]]]....]]](.((((..............................>>.>>>>>>>.>>]....))))).............(((((((....]]]]))))))).........]]]].(((((((((((.......]].]]]]]))))).......[.[[.}}}}}[[[[[........}}}}}}}.[[[[.........[[.[.).)))))..(((((.....]]](...((..((....)))).).....)))))((((...........]]]](<<<<<<<.)}}.}}}.]]]]].(((.(((((((.]]])))))))...)).)..>>>>>>>))))
RF00177_2_10	1980	2	1652.481	202	222	260	0.476	0.437	0.456	........(((((.........))))).((((.((((((..(.(((..((((.(....(((.(((..(((..(((.((.............(((((((.........)))).).))...............................................................................................................................))..)).)))).......(((......((((((((....((...(((((((.((..((....(((((((....))))))).....)))).....((((..(((..(((........)))..).)).).).))......(((..................................................................))).)))))))..))))))))))(((..(.(((..((((((((.......))))))))))).....))))..((((.((((....))))...))))))).((((((..........)))))).((((....))))...)))))).).....(.(((...(((((.....))))).)))).)).))))))..((((........((((.........)))).....))))...(((((((....(......(((.......................))).......)....))))))...)..(((((......(((((.....((....)).......)))))))))).))))))))))..........(((.....(.(.(((.(.(((.(((((((..((((((.(((((....((((.(((.....))).)).))..)))))))))..)))))).)))....(((((((((..(((((((((..((((((((...(((......)))......))))))))..))....(....((....)))))))))).)))))).)))...))))...)))).....(((.(((...((...((((..........))))...))))).)))............((((..((...((.((((.((((((.....................................))))))))))))...........((....)).....))))))))))...(((........((((....))))....))).........(((((.(((((((..((...(((((((((((((((((....((((........)))).........(((((((.....(((.(((((..............(((((((.....)))))))...((((......................................))))....))))).))).(.(.((((..(((((((((...(((((((((....)))..((((......))))...)))))).....((((.(((((((...((...(((........................)))..)).....)))))))..((((((((........)))).)))).....))))....)))).)))...))))))))....)))))))...)).))))))))))...(((.((((......(((.....((...(((....)))....))....)))......)))))))......(...((((((((........))))))))...).....))))).....((((((((.........))))))))......))....)))))))))).))..(.((.((...((((((((..((((((.(((.(((....(((((.(...((((...((..........)).)))).))))))...))).)))))))))..))))))))......))..))..).(((.(((((((....)))))))...)).).............	........<<<<<.<....((<<.....))...<<<<<<.<<.<<...<<((.(........................[[[..........(((((((.........)))).).)).[..........................................................................................................................[[[[[..[[.(((......[[[[[......{{{{{{{......(((((((((((............((((((....))))))...........[[[[((((...((.((((........))).)).)..).).))......(((..................................................................))).)))))...((((}}}}}}}((((((.(((..((((((((.......)))))))))))...))))))...[[[.[[[[[[[[......[[[[[[[...[[[[[[[{{{.{{{..))))[[[[[[[[[[.[))))))[[[[......(((((((...(((((.....))))).))))))).>>)))......................((((..(((.....]]]]..(((((((((....................................................)))))))))....((](((((.......>>>>>>>)))))........]]]]]]])).....>>>))))))).................).))............]]]..((((((.(((((.{{{{{({.{{{{{{.......).....)))))))))..))........((.(((.........(((((((...[[[[[[........((((...[[[[[...............))))AA..A{[[[[...{{))))))){............(((.......)))....(((.((((..{{...>>((.......[[.)).<<]].)))).)))((((........((((..((.(.((.((((.((((((.....................................))))))))))))........]].]]..]]]]]...)))))))..............))).)(((}}..))).....)))))].]]]]](((((((((((((......[.......((((((((((((..((((.((...)))))))))).....(((((((]{{{{.(((((((................((((((.....)))))).(..(((........................................)))....)))))))).........(((((((.((((((.((((((...................]]]]]]]...))))))..........(((((((...............................................))))))).....>>............................))))))}}}}....))))))).......)))))))......))))))))....]]]].]]]...}............}}..(((....)))......}.................]]]]]]]]]]]..(((((((..>>>>>>)))))))....................(((((((......].]]])))))))............))))))..<<...]]]]])))))))].......}}}}}}}(.}}}..).......(((........].]]]]...]]]]...]........)))............aaa.....}}.((((((......}}}>>...((.(.((((.((....)).))))...)))..}}}...))))))
RF00177_2_2	1980	2	1750.94	253	192	209	0.569	0.548	0.558	........(((((.........))))).((((.((((((..(.(((..((((.(....(((.(((..(((..(((.((.............(((((((.........)))).).))...............................................................................................................................))..)).)))).......(((......((((((((....((...(((((((.((..((....(((((((....))))))).....)))).....((((..(((..(((........)))..).)).).).))......(((..................................................................))).)))))))..))))))))))(((..(.(((..((((((((.......))))))))))).....))))..((((.((((....))))...))))))).((((((..........)))))).((((....))))...)))))).).....(.(((...(((((.....))))).)))).)).))))))..((((........((((.........)))).....))))...(((((((....(......(((.......................))).......)....))))))...)..(((((......(((((.....((....)).......)))))))))).))))))))))..........(((.....(.(.(((.(.(((.(((((((..((((((.(((((....((((.(((.....))).)).))..)))))))))..)))))).)))....(((((((((..(((((((((..((((((((...(((......)))......))))))))..))....(....((....)))))))))).)))))).)))...))))...)))).....(((.(((...((...((((..........))))...))))).)))............((((..((...((.((((.((((((.....................................))))))))))))...........((....)).....))))))))))...(((........((((....))))....))).........(((((.(((((((..((...(((((((((((((((((....((((........)))).........(((((((.....(((.(((((..............(((((((.....)))))))...((((......................................))))....))))).))).(.(.((((..(((((((((...(((((((((....)))..((((......))))...)))))).....((((.(((((((...((...(((........................)))..)).....)))))))..((((((((........)))).)))).....))))....)))).)))...))))))))....)))))))...)).))))))))))...(((.((((......(((.....((...(((....)))....))....)))......)))))))......(...((((((((........))))))))...).....))))).....((((((((.........))))))))......))....)))))))))).))..(.((.((...((((((((..((((((.(((.(((....(((((.(...((((...((..........)).)))).))))))...))).)))))))))..))))))))......))..))..).(((.(((((((....)))))))...)).).............	<<<<<.<.(((((.[[[[.[..((([[[[[[[.[[[[[[..(.(((..(((.................((((....((..............((((((.........)))).).)................................................................................................................................))...(.((((.......(((......((((((((.........(((((((.((..((.....((((((....))))))......)))).....((((..(((.((((........))).)).)).).).))......((((((...............................................((...[)))))...].))).)))))))....))))))))..((........((((((((.......))))))))....{{..))[[..((((.(((.........)))))))))).(((((............))))).((((..{.)))))))))..)))).......(((...(((((.....))))).)))....)))))))..((((...........{...{{{{..{........)))).(((((((((..........((((((((........]])))).....))))...........)))))))))..[[[[[[{{{...[[[[[[)))...............]]]]]]]]]]]]]]]]]]]]]((((........................[[[[[[(((((([...(((...]........(((.((((...)))).)).)..]]]]]]{)))....)))).)).......[[[[[[......((((....((((((((((.........{{......)))))))))).....[................))))))))]]]]]]].......]].((.((((((...(((.((((.......((([.[[[[[[[...)))[[[[)))).)))............((((..((.((((.((((.((((((.....................................))))))))))))......................)))))))).............]]]]...)))))..)))..)))))(((.(...(((((((((....(......(({{{{{.(({{((((]]]]]]]]((........))......[[[[.((((((((((((.}}.(((((................................[[..(((....((.............................)).]])))....)))))....................((((((.((((((....]]]]...[[[.....[[[[......))))))(((((.....[[[[[.)))))(.(((((....((((((((....)))))))))))...........]]]]]]]]]{{{{((....]]].))..........)))..))))))))))).................)))))))......))))..)).....(((.((((........((...(...)))..........]].....[[[[>>>.>>>))))))).......]]]](((...........[[[[[)))..............))....(((((((...........)))))))............)}}}}).......}}}}}))))))))[[[}}.}..}}}..........}}}}}}.(((.(...........(..........).......))))((....}....))..((.......]]]}}.]]].]]........(((.(((((((....)))))))...)).)]]]]]))..))))
RF00177_2_3	1980	2	1847.077	201	217	261	0.481	0.435	0.457	........(((((.........))))).((((.((((((..(.(((..((((.(....(((.(((..(((..(((.((.............(((((((.........)))).).))...............................................................................................................................))..)).)))).......(((......((((((((....((...(((((((.((..((....(((((((....))))))).....)))).....((((..(((..(((........)))..).)).).).))......(((..................................................................))).)))))))..))))))))))(((..(.(((..((((((((.......))))))))))).....))))..((((.((((....))))...))))))).((((((..........)))))).((((....))))...)))))).).....(.(((...(((((.....))))).)))).)).))))))..((((........((((.........)))).....))))...(((((((....(......(((.......................))).......)....))))))...)..(((((......(((((.....((....)).......)))))))))).))))))))))..........(((.....(.(.(((.(.(((.(((((((..((((((.(((((....((((.(((.....))).)).))..)))))))))..)))))).)))....(((((((((..(((((((((..((((((((...(((......)))......))))))))..))....(....((....)))))))))).)))))).)))...))))...)))).....(((.(((...((...((((..........))))...))))).)))............((((..((...((.((((.((((((.....................................))))))))))))...........((....)).....))))))))))...(((........((((....))))....))).........(((((.(((((((..((...(((((((((((((((((....((((........)))).........(((((((.....(((.(((((..............(((((((.....)))))))...((((......................................))))....))))).))).(.(.((((..(((((((((...(((((((((....)))..((((......))))...)))))).....((((.(((((((...((...(((........................)))..)).....)))))))..((((((((........)))).)))).....))))....)))).)))...))))))))....)))))))...)).))))))))))...(((.((((......(((.....((...(((....)))....))....)))......)))))))......(...((((((((........))))))))...).....))))).....((((((((.........))))))))......))....)))))))))).))..(.((.((...((((((((..((((((.(((.(((....(((((.(...((((...((..........)).)))).))))))...))).)))))))))..))))))))......))..))..).(((.(((((((....)))))))...)).).............	(((((((({{{{{.{.{{.{{{{..{{......((((((......(..((AA.A...........((((........))))..........(((.(((.........)))..).)).[..........................................................................................................................[[[[[..[[.{{[[[[...[[[[[..AAA.((((((((.........((((((((............(((((....))))){{{{{.......[[[[((((..(((.((((........))).)).)).).).))......(((..................................................................)))))))))))....))))))))((((}}}}}(..((((((((.......))))))))).......))))[[[[[[.[[[[[[[[........(((}}[[[[[[[[[[}}......)))...........<<<<<<...<<<<<.....((<<<((...................))...)).)))...............[........[[[[..[[[...............(((((....................................................))))).......(((([[[[[..(((((((.....]]]]]......))))))).)))).))))))]]]]]]].aaa...{{{{{.....a.aa.......(((...[.(.((((((.(((((...(((((.(((.....))).)).)).)))))))))).....])).))))....(((((((...(((((((....((((((((((..........[[[[[..))))))))))..}}}}}............[[[))))))).........(((((([[.............(((.(....]]....}}}}.}}..................).)))....<<.<<....(((..((.(.((.((((.((((((.....................................)))))))))))).........].]]..]]]]]...))))))(((((..((........(.((((....)))))}}}}}}.........................(.((((.....{{{{{{{.((({{{{......[)))][[[[[[..(((....))))))))...(((((.((..............(((((((.....)))))))....]]]]]....................................].......))])))))))).))))...........))))))(((((.........>>>>AA}}}}]]]]]]]...)))))..>>>.aa...[[[[[[[...)).)))))....................................]]]]]]]>>>>>(((((........)))).).............<<<<.........(((........................}}}}}}}...]]].....................((...(((....)))....))..................]]]]]]]]]]]..(((((((...[[[[[)))))))))).....]]]]].]]]...(((((((......].]]])))))))...))))).))).............]]]]].]]]]..]..........{((((......))))......(.(......].]]]]...]].............)).(((.}.)))...............((......>>.>>.......(.((.((((.((....)).))))...)))......>>>>>>))
RF00177_2_4	1980	2	1942.842	202	254	260	0.443	0.437	0.44	........(((((.........))))).((((.((((((..(.(((..((((.(....(((.(((..(((..(((.((.............(((((((.........)))).).))...............................................................................................................................))..)).)))).......(((......((((((((....((...(((((((.((..((....(((((((....))))))).....)))).....((((..(((..(((........)))..).)).).).))......(((..................................................................))).)))))))..))))))))))(((..(.(((..((((((((.......))))))))))).....))))..((((.((((....))))...))))))).((((((..........)))))).((((....))))...)))))).).....(.(((...(((((.....))))).)))).)).))))))..((((........((((.........)))).....))))...(((((((....(......(((.......................))).......)....))))))...)..(((((......(((((.....((....)).......)))))))))).))))))))))..........(((.....(.(.(((.(.(((.(((((((..((((((.(((((....((((.(((.....))).)).))..)))))))))..)))))).)))....(((((((((..(((((((((..((((((((...(((......)))......))))))))..))....(....((....)))))))))).)))))).)))...))))...)))).....(((.(((...((...((((..........))))...))))).)))............((((..((...((.((((.((((((.....................................))))))))))))...........((....)).....))))))))))...(((........((((....))))....))).........(((((.(((((((..((...(((((((((((((((((....((((........)))).........(((((((.....(((.(((((..............(((((((.....)))))))...((((......................................))))....))))).))).(.(.((((..(((((((((...(((((((((....)))..((((......))))...)))))).....((((.(((((((...((...(((........................)))..)).....)))))))..((((((((........)))).)))).....))))....)))).)))...))))))))....)))))))...)).))))))))))...(((.((((......(((.....((...(((....)))....))....)))......)))))))......(...((((((((........))))))))...).....))))).....((((((((.........))))))))......))....)))))))))).))..(.((.((...((((((((..((((((.(((.(((....(((((.(...((((...((..........)).)))).))))))...))).)))))))))..))))))))......))..))..).(((.(((((((....)))))))...)).).............	.((((...[[[[[.[[([.[.<<<<<<<<..)......B.(............{......{{{.{{{...{{{{{................(((((((.........)))).).))..................................................................................................................................)......{{{{.{.......{{{{((((((((...........((((((........{{{((((((....))))))....{{{{{{...((((((..(((..(((........)))..).)).).).)).))...((((((.......................................................))).....)))))))))......))))))))((..........((((((((.......))))))))..........))..((((.(((......]].))))))).(((((((((>>>>>........]]]]]]][[[[[[[[.[[[[[[..............(((((...(.((((((((................AA[[[[.......)))))...))))...)))))...]]]].(((((((((......((.(((((((((...........)))....))))).))).......)))))))))...((((.......(((((((>>>.<<<<<<<<<...))))))).)))).b[[[[[[......(((((..<<<))))).................[[[[[..(((((.(((]]]]]..(((.(((.....))).)).).....)))))))).((((((.........<<<)))))).[[[[[[[....[))))))))).}}}}}}...(((((((.........]....(((((..(..........]]]]]]]....((((...)))).[[[................[[[..................>>>))))))..]]]a.a>>>]]]...)))..((((..((.(.((.((((.((((((.....................................)))))))))))).......(((...]]]]]]))).)))))))....................[))))..]}}}...............(((((((((((((..((..((((((..((((((((((((..((((.[[[[..[)))))))).....((((((((((((((...]((]...........]]]...((((.....))))......[[[[[[[................................[...........))]]].]]]].]]]]]]]))...........((((((............((.}}}}..]].))...)))))){{{{{{[[[[[((((((...............................................))))))......(((((........)))).).........[[[[[[[[)))))]]]]]]...........)))))))......)))))))).....(((.((((.......}}}...}}}..((((....))))..........]]......)))))))...}}}}}...(((((((...[[[..)))))))....]]]...)))))).))...(((((.<<........)))))[[[....}}}.}}.))))))}}}....]]]..)))))))..[[}}}.))))((((..[...([............).[[....)))...).((...(((((]].(........]....]>>)..........]]((......))..]]]]]}....]]]]]](....)>>>>>>...>>.>.....))))))).
RF00177_2_5	1980	2	2048.51	198	268	264	0.425	0.429	0.427	........(((((.........))))).((((.((((((..(.(((..((((.(....(((.(((..(((..(((.((.............(((((((.........)))).).))...............................................................................................................................))..)).)))).......(((......((((((((....((...(((((((.((..((....(((((((....))))))).....)))).....((((..(((..(((........)))..).)).).).))......(((..................................................................))).)))))))..))))))))))(((..(.(((..((((((((.......))))))))))).....))))..((((.((((....))))...))))))).((((((..........)))))).((((....))))...)))))).).....(.(((...(((((.....))))).)))).)).))))))..((((........((((.........)))).....))))...(((((((....(......(((.......................))).......)....))))))...)..(((((......(((((.....((....)).......)))))))))).))))))))))..........(((.....(.(.(((.(.(((.(((((((..((((((.(((((....((((.(((.....))).)).))..)))))))))..)))))).)))....(((((((((..(((((((((..((((((((...(((......)))......))))))))..))....(....((....)))))))))).)))))).)))...))))...)))).....(((.(((...((...((((..........))))...))))).)))............((((..((...((.((((.((((((.....................................))))))))))))...........((....)).....))))))))))...(((........((((....))))....))).........(((((.(((((((..((...(((((((((((((((((....((((........)))).........(((((((.....(((.(((((..............(((((((.....)))))))...((((......................................))))....))))).))).(.(.((((..(((((((((...(((((((((....)))..((((......))))...)))))).....((((.(((((((...((...(((........................)))..)).....)))))))..((((((((........)))).)))).....))))....)))).)))...))))))))....)))))))...)).))))))))))...(((.((((......(((.....((...(((....)))....))....)))......)))))))......(...((((((((........))))))))...).....))))).....((((((((.........))))))))......))....)))))))))).))..(.((.((...((((((((..((((((.(((.(((....(((((.(...((((...((..........)).)))).))))))...))).)))))))))..))))))))......))..))..).(((.(((((((....)))))))...)).).............	........[[......((.((((...))).............................((((((...........................(((((((.........)))).).)).........................................................................................................................................((((.((((..........([[[[[..(...)..[[[[[[[[........(((((((((....))))))((............([(((..(((...((..((((..(((..(.((.(.(..].((((.(((((((((....))))))))))))))))))))))).)))).)))))))....((((((....))...))))]]]]]]]]..<<]]]]].....[[[[)){{{{[[[[((((((.........]]]]......]]]].((.((((.(((.........)))))))....{{{{{{................{{]]{{)).....<<<<<<.((.(((...[)))(...................)...].............{{.)).......[[...[[[[..[[.......}}((((((((((((..........((((((((((......))))))....))))............)))))))))...((((([[[[..(((((((.....]]]].......))))))))))))..(((((((...((((((((((((............[[}}<<<<<((((((..}}(((.....)))..((((.(((...]]))).)).))..............))))).).........([[..[..(((((((....(}}}}}}(((............[[...)))......).....{{.....[[[.......)))))))..]]].)(((((.(((.......)))..(.(((.((((........(((.....[[[[.)))}}]].)))).))))......)))).).((..((.(.((.((((.((((((...............................]]....))))))))))))................]].....)))))>>>)))..)))..((((.(.((..>><<<<)))..)))).........[[[[[[[[[[[[[..[[..[[[[[[..[[[[[[[[...))))))[[[)))))))..))))))))).{{{{{{{[[[[[.((([[[((..............(>>>>((.....))....)...((((((..................................))))))....))[[[))).....>>>>>>.....>>{{{{{.(((((([[[.......[[[[.....{{{{{{....)))))).]]]].....[[[[[[[))).....................................}}.}}}}]]]]]]]]]]..(]]](........)]]].)...........}}}}}.]]]]]]]].<<<...(......}}}}}}})...).]]]]]]]].....(((.((((...................(((....)))}}}.}..............)))))))))))))))...(((((((........)))))))>>>.......]]]]]].]]..((((((...........)))))){{...........]]]]]]{{{{........]]]]]]]{{{{]((]].............]]]]]]]].........))(...((..(......))).)...............).))))).(((((....}}}}....).))))}}}}..(((.(((((((....)))))))...)).))))}}........
RF00177_2_6	1980	2	2139.859	223	236	239	0.486	0.483	0.484	........(((((.........))))).((((.((((((..(.(((..((((.(....(((.(((..(((..(((.((.............(((((((.........)))).).))...............................................................................................................................))..)).)))).......(((......((((((((....((...(((((((.((..((....(((((((....))))))).....)))).....((((..(((..(((........)))..).)).).).))......(((..................................................................))).)))))))..))))))))))(((..(.(((..((((((((.......))))))))))).....))))..((((.((((....))))...))))))).((((((..........)))))).((((....))))...)))))).).....(.(((...(((((.....))))).)))).)).))))))..((((........((((.........)))).....))))...(((((((....(......(((.......................))).......)....))))))...)..(((((......(((((.....((....)).......)))))))))).))))))))))..........(((.....(.(.(((.(.(((.(((((((..((((((.(((((....((((.(((.....))).)).))..)))))))))..)))))).)))....(((((((((..(((((((((..((((((((...(((......)))......))))))))..))....(....((....)))))))))).)))))).)))...))))...)))).....(((.(((...((...((((..........))))...))))).)))............((((..((...((.((((.((((((.....................................))))))))))))...........((....)).....))))))))))...(((........((((....))))....))).........(((((.(((((((..((...(((((((((((((((((....((((........)))).........(((((((.....(((.(((((..............(((((((.....)))))))...((((......................................))))....))))).))).(.(.((((..(((((((((...(((((((((....)))..((((......))))...)))))).....((((.(((((((...((...(((........................)))..)).....)))))))..((((((((........)))).)))).....))))....)))).)))...))))))))....)))))))...)).))))))))))...(((.((((......(((.....((...(((....)))....))....)))......)))))))......(...((((((((........))))))))...).....))))).....((((((((.........))))))))......))....)))))))))).))..(.((.((...((((((((..((((((.(((.(((....(((((.(...((((...((..........)).)))).))))))...))).)))))))))..))))))))......))..))..).(((.(((((((....)))))))...)).).............	.AAA<<<..[[[[..{{{..(((((((((((.(((((((.((.(((..((([.[[[{.(((]]]]..{........(((((.......((((((((((.........)))).).))))..........................................................................................................................))))).)..............(((......((((((((..{{{{{{.((((((((((.......]]]]((((....))))[[[[.............((((..(((.((((........))).)).)).).).))...}}.}}..........................................................}}........))))))))))....))))))))......]]]]..((((((((.......))))))))............[[[[[[.((((...)))....)....))).(((((............))))).((((....))))......)))......}(((((...(((((.....))))).)))))..)))))))...(((..{.{{{{{{{{...{{{{..{{{......)))..(((((((((....................................................))))))))){{{{{..]]]]]]....{{{{{)))[[[[[[[[...................))))))))............(((.....}.}}}}<<<<<<<.....((...[[.[.[[[[[[[[[[(((.(((.....))).)).).[[[{..........))..............(((((...(((((((((..((((((((((]]}..]..[[[.[[...)))))))))).....))))..).{...........))))..))))).....)))BB......(......(((.(((((......(BBB.BBB[[[[[[...)]..))))).))){{{..........{{{..{{.{.((.((((.(((((]..]............................]].....))))))))))).............]..]])]]].}}}}}}>>>>>..>>.......}}.}.>>>}..]]]]]......<<<......<<<<<<<.[[[[[......[[[[....[[[[[[[[}}}}}}}}}}......<<<<<}}}}}}}}..[[[[........(((((((((.............((((((((.....))))))))...(((......................................))).....)))))))))...........[.....................)))).....(((((.........aaa.[[[.[[)))))(..(((((....]](...............<<..............<<..)....]]].)))))AAAAA(((((........)))).)........)..(((((.......)))))]((((...}}}...]]]]))))..]]]]]]]].....(((.((((.....(..........>>>>>>>>>...........bbbbbb).....))))))).aaaaa...[[(((((((........)))))))..}..)))).]]]]]]......(((((}}}.bb.....)))))(((...........]]]]]{{{{{.]])))..>>>>>>>]]........((((((.(((.(]].]]((((((.(.([((.............].......))).)))))))....).)))))))))...((((((((.........}}}}}..........((....))]]]]]...]].]..))))))))>>>
