FAMILY	LENGTH	DEPTH	STRUCTURE	TP	FP	FN	PREC	REC	FSCORE
RF00001	230	712	Rfam	22	12	9	0.647	0.71	0.677
RF00001	230	712	CentroidAlifold	25	4	6	0.862	0.806	0.833
RF00001	230	712	RNAalifold	22	3	9	0.88	0.71	0.786
RF00001	230	712	RscapeNested	30	9	1	0.769	0.968	0.857
RF00001	230	712	RscapeTotal	30	9	1	0.769	0.968	0.857
RF00001	230	712	SQUARNAs3u	27	11	4	0.711	0.871	0.783
RF00002	207	61	Rfam	4	21	0	0.16	1.0	0.276
RF00002	207	61	CentroidAlifold	4	7	0	0.364	1.0	0.533
RF00002	207	61	RNAalifold	4	8	0	0.333	1.0	0.5
RF00002	207	61	RscapeNested	4	13	0	0.235	1.0	0.381
RF00002	207	61	RscapeTotal	4	13	0	0.235	1.0	0.381
RF00002	207	61	SQUARNAs3u	4	31	0	0.114	1.0	0.205
RF00003	203	100	Rfam	12	34	0	0.261	1.0	0.414
RF00003	203	100	CentroidAlifold	12	26	0	0.316	1.0	0.48
RF00003	203	100	RNAalifold	12	27	0	0.308	1.0	0.471
RF00003	203	100	RscapeNested	12	39	0	0.235	1.0	0.381
RF00003	203	100	RscapeTotal	12	39	0	0.235	1.0	0.381
RF00003	203	100	SQUARNAs3u	12	39	0	0.235	1.0	0.381
RF00004	278	208	Rfam	33	12	6	0.733	0.846	0.786
RF00004	278	208	CentroidAlifold	31	8	8	0.795	0.795	0.795
RF00004	278	208	RNAalifold	31	9	8	0.775	0.795	0.785
RF00004	278	208	RscapeNested	33	11	6	0.75	0.846	0.795
RF00004	278	208	RscapeTotal	35	17	4	0.673	0.897	0.769
RF00004	278	208	SQUARNAs3u	35	27	4	0.565	0.897	0.693
RF00005	118	954	Rfam	21	0	16	1.0	0.568	0.724
RF00005	118	954	CentroidAlifold	20	0	17	1.0	0.541	0.702
RF00005	118	954	RNAalifold	20	0	17	1.0	0.541	0.702
RF00005	118	954	RscapeNested	22	0	15	1.0	0.595	0.746
RF00005	118	954	RscapeTotal	25	2	12	0.926	0.676	0.781
RF00005	118	954	SQUARNAs3u	21	0	16	1.0	0.568	0.724
RF00006	163	73	Rfam	4	15	0	0.211	1.0	0.348
RF00006	163	73	CentroidAlifold	4	11	0	0.267	1.0	0.421
RF00006	163	73	RNAalifold	4	11	0	0.267	1.0	0.421
RF00006	163	73	RscapeNested	4	22	0	0.154	1.0	0.267
RF00006	163	73	RscapeTotal	4	22	0	0.154	1.0	0.267
RF00006	163	73	SQUARNAs3u	4	15	0	0.211	1.0	0.348
RF00007	269	62	Rfam	11	31	0	0.262	1.0	0.415
RF00007	269	62	CentroidAlifold	10	24	1	0.294	0.909	0.444
RF00007	269	62	RNAalifold	10	24	1	0.294	0.909	0.444
RF00007	269	62	RscapeNested	11	38	0	0.224	1.0	0.367
RF00007	269	62	RscapeTotal	11	38	0	0.224	1.0	0.367
RF00007	269	62	SQUARNAs3u	11	39	0	0.22	1.0	0.361
RF00008	85	85	Rfam	4	13	0	0.235	1.0	0.381
RF00008	85	85	CentroidAlifold	4	11	0	0.267	1.0	0.421
RF00008	85	85	RNAalifold	3	7	1	0.3	0.75	0.429
RF00008	85	85	RscapeNested	4	13	0	0.235	1.0	0.381
RF00008	85	85	RscapeTotal	4	13	0	0.235	1.0	0.381
RF00008	85	85	SQUARNAs3u	4	13	0	0.235	1.0	0.381
RF00009	845	116	Rfam	41	21	0	0.661	1.0	0.796
RF00009	845	116	CentroidAlifold	37	7	4	0.841	0.902	0.871
RF00009	845	116	RNAalifold	33	8	8	0.805	0.805	0.805
RF00009	845	116	RscapeNested	41	56	0	0.423	1.0	0.594
RF00009	845	116	RscapeTotal	41	56	0	0.423	1.0	0.594
RF00009	845	116	SQUARNAs3u	40	30	1	0.571	0.976	0.721
RF00010	996	458	Rfam	86	28	7	0.754	0.925	0.831
RF00010	996	458	CentroidAlifold	68	9	25	0.883	0.731	0.8
RF00010	996	458	RNAalifold	70	11	23	0.864	0.753	0.805
RF00010	996	458	RscapeNested	86	29	7	0.748	0.925	0.827
RF00010	996	458	RscapeTotal	88	35	5	0.715	0.946	0.815
RF00010	996	458	SQUARNAs3u	83	33	10	0.716	0.892	0.794
RF00011	604	114	Rfam	57	48	2	0.543	0.966	0.695
RF00011	604	114	CentroidAlifold	55	27	4	0.671	0.932	0.78
RF00011	604	114	RNAalifold	55	35	4	0.611	0.932	0.738
RF00011	604	114	RscapeNested	57	47	2	0.548	0.966	0.699
RF00011	604	114	RscapeTotal	59	49	0	0.546	1.0	0.707
RF00011	604	114	SQUARNAs3u	56	63	3	0.471	0.949	0.629
RF00012	316	87	Rfam	19	44	0	0.302	1.0	0.463
RF00012	316	87	CentroidAlifold	19	12	0	0.613	1.0	0.76
RF00012	316	87	RNAalifold	19	19	0	0.5	1.0	0.667
RF00012	316	87	RscapeNested	19	23	0	0.452	1.0	0.623
RF00012	316	87	RscapeTotal	19	23	0	0.452	1.0	0.623
RF00012	316	87	SQUARNAs3u	19	43	0	0.306	1.0	0.469
RF00013	262	150	Rfam	33	19	0	0.635	1.0	0.776
RF00013	262	150	CentroidAlifold	28	13	5	0.683	0.848	0.757
RF00013	262	150	RNAalifold	31	13	2	0.705	0.939	0.805
RF00013	262	150	RscapeNested	33	28	0	0.541	1.0	0.702
RF00013	262	150	RscapeTotal	33	28	0	0.541	1.0	0.702
RF00013	262	150	SQUARNAs3u	33	22	0	0.6	1.0	0.75
RF00014	88	5	Rfam	0	29	0	0.0	1	0.0
RF00014	88	5	CentroidAlifold	0	22	0	0.0	1	0.0
RF00014	88	5	RNAalifold	0	23	0	0.0	1	0.0
RF00014	88	5	RscapeNested	0	22	0	0.0	1	0.0
RF00014	88	5	RscapeTotal	0	22	0	0.0	1	0.0
RF00014	88	5	SQUARNAs3u	0	28	0	0.0	1	0.0
RF00015	261	177	Rfam	25	3	0	0.893	1.0	0.943
RF00015	261	177	CentroidAlifold	22	1	3	0.957	0.88	0.917
RF00015	261	177	RNAalifold	23	2	2	0.92	0.92	0.92
RF00015	261	177	RscapeNested	25	11	0	0.694	1.0	0.82
RF00015	261	177	RscapeTotal	25	11	0	0.694	1.0	0.82
RF00015	261	177	SQUARNAs3u	24	13	1	0.649	0.96	0.774
RF00016	159	18	Rfam	1	10	0	0.091	1.0	0.167
RF00016	159	18	CentroidAlifold	1	8	0	0.111	1.0	0.2
RF00016	159	18	RNAalifold	1	10	0	0.091	1.0	0.167
RF00016	159	18	RscapeNested	1	23	0	0.042	1.0	0.08
RF00016	159	18	RscapeTotal	1	23	0	0.042	1.0	0.08
RF00016	159	18	SQUARNAs3u	1	32	0	0.03	1.0	0.059
RF00017	412	91	Rfam	12	108	0	0.1	1.0	0.182
RF00017	412	91	CentroidAlifold	12	65	0	0.156	1.0	0.27
RF00017	412	91	RNAalifold	12	67	0	0.152	1.0	0.264
RF00017	412	91	RscapeNested	12	75	0	0.138	1.0	0.242
RF00017	412	91	RscapeTotal	12	75	0	0.138	1.0	0.242
RF00017	412	91	SQUARNAs3u	12	90	0	0.118	1.0	0.211
RF00018	438	38	Rfam	0	54	0	0.0	1	0.0
RF00018	438	38	CentroidAlifold	0	46	0	0.0	1	0.0
RF00018	438	38	RNAalifold	0	53	0	0.0	1	0.0
RF00018	438	38	RscapeNested	0	39	0	0.0	1	0.0
RF00018	438	38	RscapeTotal	0	39	0	0.0	1	0.0
RF00018	438	38	SQUARNAs3u	0	93	0	0.0	1	0.0
RF00019	145	104	Rfam	0	23	1	0.0	0.0	0.0
RF00019	145	104	CentroidAlifold	0	15	1	0.0	0.0	0.0
RF00019	145	104	RNAalifold	0	14	1	0.0	0.0	0.0
RF00019	145	104	RscapeNested	0	19	1	0.0	0.0	0.0
RF00019	145	104	RscapeTotal	0	19	1	0.0	0.0	0.0
RF00019	145	104	SQUARNAs3u	0	22	1	0.0	0.0	0.0
RF00020	192	180	Rfam	23	7	7	0.767	0.767	0.767
RF00020	192	180	CentroidAlifold	23	5	7	0.821	0.767	0.793
RF00020	192	180	RNAalifold	18	3	12	0.857	0.6	0.706
RF00020	192	180	RscapeNested	24	13	6	0.649	0.8	0.716
RF00020	192	180	RscapeTotal	24	23	6	0.511	0.8	0.623
RF00020	192	180	SQUARNAs3u	23	12	7	0.657	0.767	0.708
RF00021	142	19	Rfam	0	37	0	0.0	1	0.0
RF00021	142	19	CentroidAlifold	0	27	0	0.0	1	0.0
RF00021	142	19	RNAalifold	0	36	0	0.0	1	0.0
RF00021	142	19	RscapeNested	0	22	0	0.0	1	0.0
RF00021	142	19	RscapeTotal	0	22	0	0.0	1	0.0
RF00021	142	19	SQUARNAs3u	0	34	0	0.0	1	0.0
RF00022	284	27	Rfam	0	47	0	0.0	1	0.0
RF00022	284	27	CentroidAlifold	0	26	0	0.0	1	0.0
RF00022	284	27	RNAalifold	0	25	0	0.0	1	0.0
RF00022	284	27	RscapeNested	0	26	0	0.0	1	0.0
RF00022	284	27	RscapeTotal	0	26	0	0.0	1	0.0
RF00022	284	27	SQUARNAs3u	0	56	0	0.0	1	0.0
RF00023	954	477	Rfam	96	23	33	0.807	0.744	0.774
RF00023	954	477	CentroidAlifold	50	4	79	0.926	0.388	0.546
RF00023	954	477	RNAalifold	45	1	84	0.978	0.349	0.514
RF00023	954	477	RscapeNested	66	25	63	0.725	0.512	0.6
RF00023	954	477	RscapeTotal	89	43	40	0.674	0.69	0.682
RF00023	954	477	SQUARNAs3u	100	25	29	0.8	0.775	0.787
RF00024	777	37	Rfam	9	98	0	0.084	1.0	0.155
RF00024	777	37	CentroidAlifold	8	74	1	0.098	0.889	0.176
RF00024	777	37	RNAalifold	8	77	1	0.094	0.889	0.17
RF00024	777	37	RscapeNested	9	156	0	0.055	1.0	0.103
RF00024	777	37	RscapeTotal	9	156	0	0.055	1.0	0.103
RF00024	777	37	SQUARNAs3u	8	119	1	0.063	0.889	0.118
RF00025	261	21	Rfam	0	38	0	0.0	1	0.0
RF00025	261	21	CentroidAlifold	0	31	0	0.0	1	0.0
RF00025	261	21	RNAalifold	0	32	0	0.0	1	0.0
RF00025	261	21	RscapeNested	0	18	0	0.0	1	0.0
RF00025	261	21	RscapeTotal	0	21	0	0.0	1	0.0
RF00025	261	21	SQUARNAs3u	0	45	0	0.0	1	0.0
RF00026	215	188	Rfam	5	0	0	1.0	1.0	1.0
RF00026	215	188	CentroidAlifold	5	1	0	0.833	1.0	0.909
RF00026	215	188	RNAalifold	5	0	0	1.0	1.0	1.0
RF00026	215	188	RscapeNested	5	4	0	0.556	1.0	0.714
RF00026	215	188	RscapeTotal	5	4	0	0.556	1.0	0.714
RF00026	215	188	SQUARNAs3u	5	25	0	0.167	1.0	0.286
RF00027	95	64	Rfam	1	31	1	0.031	0.5	0.059
RF00027	95	64	CentroidAlifold	2	23	0	0.08	1.0	0.148
RF00027	95	64	RNAalifold	2	26	0	0.071	1.0	0.133
RF00027	95	64	RscapeNested	2	27	0	0.069	1.0	0.129
RF00027	95	64	RscapeTotal	2	27	0	0.069	1.0	0.129
RF00027	95	64	SQUARNAs3u	2	29	0	0.065	1.0	0.121
RF00028	891	12	Rfam	3	58	11	0.049	0.214	0.08
RF00028	891	12	CentroidAlifold	3	24	11	0.111	0.214	0.146
RF00028	891	12	RNAalifold	3	29	11	0.094	0.214	0.13
RF00028	891	12	RscapeNested	4	72	10	0.053	0.286	0.089
RF00028	891	12	RscapeTotal	4	114	10	0.034	0.286	0.061
RF00028	891	12	SQUARNAs3u	3	59	11	0.048	0.214	0.079
RF00029	186	92	Rfam	12	7	0	0.632	1.0	0.774
RF00029	186	92	CentroidAlifold	12	8	0	0.6	1.0	0.75
RF00029	186	92	RNAalifold	12	8	0	0.6	1.0	0.75
RF00029	186	92	RscapeNested	12	12	0	0.5	1.0	0.667
RF00029	186	92	RscapeTotal	12	12	0	0.5	1.0	0.667
RF00029	186	92	SQUARNAs3u	12	10	0	0.545	1.0	0.706
RF00030	1213	66	Rfam	37	37	2	0.5	0.949	0.655
RF00030	1213	66	CentroidAlifold	31	19	8	0.62	0.795	0.697
RF00030	1213	66	RNAalifold	31	20	8	0.608	0.795	0.689
RF00030	1213	66	RscapeNested	36	37	3	0.493	0.923	0.643
RF00030	1213	66	RscapeTotal	36	37	3	0.493	0.923	0.643
RF00030	1213	66	SQUARNAs3u	37	42	2	0.468	0.949	0.627
RF00031	93	61	Rfam	15	3	0	0.833	1.0	0.909
RF00031	93	61	CentroidAlifold	14	2	1	0.875	0.933	0.903
RF00031	93	61	RNAalifold	15	2	0	0.882	1.0	0.938
RF00031	93	61	RscapeNested	15	8	0	0.652	1.0	0.789
RF00031	93	61	RscapeTotal	15	8	0	0.652	1.0	0.789
RF00031	93	61	SQUARNAs3u	15	3	0	0.833	1.0	0.909
RF00032	47	46	Rfam	3	3	0	0.5	1.0	0.667
RF00032	47	46	CentroidAlifold	3	3	0	0.5	1.0	0.667
RF00032	47	46	RNAalifold	3	3	0	0.5	1.0	0.667
RF00032	47	46	RscapeNested	3	3	0	0.5	1.0	0.667
RF00032	47	46	RscapeTotal	3	3	0	0.5	1.0	0.667
RF00032	47	46	SQUARNAs3u	3	3	0	0.5	1.0	0.667
RF00033	96	4	Rfam	0	16	0	0.0	1	0.0
RF00033	96	4	CentroidAlifold	0	17	0	0.0	1	0.0
RF00033	96	4	RNAalifold	0	19	0	0.0	1	0.0
RF00033	96	4	RscapeNested	0	20	0	0.0	1	0.0
RF00033	96	4	RscapeTotal	0	20	0	0.0	1	0.0
RF00033	96	4	SQUARNAs3u	0	22	0	0.0	1	0.0
RF00034	120	13	Rfam	0	18	0	0.0	1	0.0
RF00034	120	13	CentroidAlifold	0	7	0	0.0	1	0.0
RF00034	120	13	RNAalifold	0	12	0	0.0	1	0.0
RF00034	120	13	RscapeNested	0	7	0	0.0	1	0.0
RF00034	120	13	RscapeTotal	0	7	0	0.0	1	0.0
RF00034	120	13	SQUARNAs3u	0	23	0	0.0	1	0.0
RF00035	114	5	Rfam	0	26	0	0.0	1	0.0
RF00035	114	5	CentroidAlifold	0	27	0	0.0	1	0.0
RF00035	114	5	RNAalifold	0	28	0	0.0	1	0.0
RF00035	114	5	RscapeNested	0	23	0	0.0	1	0.0
RF00035	114	5	RscapeTotal	0	23	0	0.0	1	0.0
RF00035	114	5	SQUARNAs3u	0	38	0	0.0	1	0.0
RF00036	340	65	Rfam	0	116	0	0.0	1	0.0
RF00036	340	65	CentroidAlifold	0	93	0	0.0	1	0.0
RF00036	340	65	RNAalifold	0	107	0	0.0	1	0.0
RF00036	340	65	RscapeNested	0	108	0	0.0	1	0.0
RF00036	340	65	RscapeTotal	0	108	0	0.0	1	0.0
RF00036	340	65	SQUARNAs3u	0	122	0	0.0	1	0.0
RF00037	38	62	Rfam	3	12	0	0.2	1.0	0.333
RF00037	38	62	CentroidAlifold	2	7	1	0.222	0.667	0.333
RF00037	38	62	RNAalifold	2	8	1	0.2	0.667	0.308
RF00037	38	62	RscapeNested	2	6	1	0.25	0.667	0.364
RF00037	38	62	RscapeTotal	2	6	1	0.25	0.667	0.364
RF00037	38	62	SQUARNAs3u	3	12	0	0.2	1.0	0.333
RF00038	135	11	Rfam	0	14	0	0.0	1	0.0
RF00038	135	11	CentroidAlifold	0	11	0	0.0	1	0.0
RF00038	135	11	RNAalifold	0	28	0	0.0	1	0.0
RF00038	135	11	RscapeNested	0	28	0	0.0	1	0.0
RF00038	135	11	RscapeTotal	0	28	0	0.0	1	0.0
RF00038	135	11	SQUARNAs3u	0	50	0	0.0	1	0.0
RF00039	55	5	Rfam	0	11	0	0.0	1	0.0
RF00039	55	5	CentroidAlifold	0	13	0	0.0	1	0.0
RF00039	55	5	RNAalifold	0	11	0	0.0	1	0.0
RF00039	55	5	RscapeNested	0	12	0	0.0	1	0.0
RF00039	55	5	RscapeTotal	0	12	0	0.0	1	0.0
RF00039	55	5	SQUARNAs3u	0	15	0	0.0	1	0.0
RF00040	455	6	Rfam	0	84	0	0.0	1	0.0
RF00040	455	6	CentroidAlifold	0	81	0	0.0	1	0.0
RF00040	455	6	RNAalifold	0	85	0	0.0	1	0.0
RF00040	455	6	RscapeNested	0	90	0	0.0	1	0.0
RF00040	455	6	RscapeTotal	0	90	0	0.0	1	0.0
RF00040	455	6	SQUARNAs3u	0	93	0	0.0	1	0.0
RF00041	139	60	Rfam	0	35	0	0.0	1	0.0
RF00041	139	60	CentroidAlifold	0	19	0	0.0	1	0.0
RF00041	139	60	RNAalifold	0	21	0	0.0	1	0.0
RF00041	139	60	RscapeNested	0	25	0	0.0	1	0.0
RF00041	139	60	RscapeTotal	0	25	0	0.0	1	0.0
RF00041	139	60	SQUARNAs3u	0	39	0	0.0	1	0.0
RF00042	95	37	Rfam	0	25	1	0.0	0.0	0.0
RF00042	95	37	CentroidAlifold	0	22	1	0.0	0.0	0.0
RF00042	95	37	RNAalifold	0	22	1	0.0	0.0	0.0
RF00042	95	37	RscapeNested	0	29	1	0.0	0.0	0.0
RF00042	95	37	RscapeTotal	0	31	1	0.0	0.0	0.0
RF00042	95	37	SQUARNAs3u	0	30	1	0.0	0.0	0.0
RF00043	77	8	Rfam	0	21	0	0.0	1	0.0
RF00043	77	8	CentroidAlifold	0	20	0	0.0	1	0.0
RF00043	77	8	RNAalifold	0	20	0	0.0	1	0.0
RF00043	77	8	RscapeNested	0	20	0	0.0	1	0.0
RF00043	77	8	RscapeTotal	0	20	0	0.0	1	0.0
RF00043	77	8	SQUARNAs3u	0	21	0	0.0	1	0.0
RF00044	244	3	Rfam	0	43	0	0.0	1	0.0
RF00044	244	3	CentroidAlifold	0	56	0	0.0	1	0.0
RF00044	244	3	RNAalifold	0	68	0	0.0	1	0.0
RF00044	244	3	RscapeNested	0	55	0	0.0	1	0.0
RF00044	244	3	RscapeTotal	0	55	0	0.0	1	0.0
RF00044	244	3	SQUARNAs3u	0	87	0	0.0	1	0.0
RF00045	269	66	Rfam	2	48	0	0.04	1.0	0.077
RF00045	269	66	CentroidAlifold	2	19	0	0.095	1.0	0.174
RF00045	269	66	RNAalifold	1	20	1	0.048	0.5	0.087
RF00045	269	66	RscapeNested	2	52	0	0.037	1.0	0.071
RF00045	269	66	RscapeTotal	2	52	0	0.037	1.0	0.071
RF00045	269	66	SQUARNAs3u	2	56	0	0.034	1.0	0.067
RF00046	96	6	Rfam	0	4	0	0.0	1	0.0
RF00046	96	6	CentroidAlifold	0	7	0	0.0	1	0.0
RF00046	96	6	RNAalifold	0	25	0	0.0	1	0.0
RF00046	96	6	RscapeNested	0	22	0	0.0	1	0.0
RF00046	96	6	RscapeTotal	0	22	0	0.0	1	0.0
RF00046	96	6	SQUARNAs3u	0	28	0	0.0	1	0.0
RF00047	86	56	Rfam	0	21	0	0.0	1	0.0
RF00047	86	56	CentroidAlifold	0	16	0	0.0	1	0.0
RF00047	86	56	RNAalifold	0	7	0	0.0	1	0.0
RF00047	86	56	RscapeNested	0	20	0	0.0	1	0.0
RF00047	86	56	RscapeTotal	0	20	0	0.0	1	0.0
RF00047	86	56	SQUARNAs3u	0	24	0	0.0	1	0.0
RF00048	61	56	Rfam	0	12	1	0.0	0.0	0.0
RF00048	61	56	CentroidAlifold	0	11	1	0.0	0.0	0.0
RF00048	61	56	RNAalifold	0	10	1	0.0	0.0	0.0
RF00048	61	56	RscapeNested	0	12	1	0.0	0.0	0.0
RF00048	61	56	RscapeTotal	0	12	1	0.0	0.0	0.0
RF00048	61	56	SQUARNAs3u	0	21	1	0.0	0.0	0.0
RF00049	93	59	Rfam	0	4	0	0.0	1	0.0
RF00049	93	59	CentroidAlifold	0	3	0	0.0	1	0.0
RF00049	93	59	RNAalifold	0	0	0	1	1	1
RF00049	93	59	RscapeNested	0	0	0	1	1	1
RF00049	93	59	RscapeTotal	0	0	0	1	1	1
RF00049	93	59	SQUARNAs3u	0	14	0	0.0	1	0.0
RF00050	221	146	Rfam	12	20	3	0.375	0.8	0.511
RF00050	221	146	CentroidAlifold	11	12	4	0.478	0.733	0.579
RF00050	221	146	RNAalifold	11	13	4	0.458	0.733	0.564
RF00050	221	146	RscapeNested	12	22	3	0.353	0.8	0.49
RF00050	221	146	RscapeTotal	13	25	2	0.342	0.867	0.491
RF00050	221	146	SQUARNAs3u	12	23	3	0.343	0.8	0.48
RF00051	84	233	Rfam	0	12	0	0.0	1	0.0
RF00051	84	233	CentroidAlifold	0	15	0	0.0	1	0.0
RF00051	84	233	RNAalifold	0	10	0	0.0	1	0.0
RF00051	84	233	RscapeNested	0	26	0	0.0	1	0.0
RF00051	84	233	RscapeTotal	0	26	0	0.0	1	0.0
RF00051	84	233	SQUARNAs3u	0	28	0	0.0	1	0.0
RF00052	74	12	Rfam	0	22	0	0.0	1	0.0
RF00052	74	12	CentroidAlifold	0	21	0	0.0	1	0.0
RF00052	74	12	RNAalifold	0	21	0	0.0	1	0.0
RF00052	74	12	RscapeNested	0	31	0	0.0	1	0.0
RF00052	74	12	RscapeTotal	0	31	0	0.0	1	0.0
RF00052	74	12	SQUARNAs3u	0	25	0	0.0	1	0.0
RF00053	104	57	Rfam	4	24	0	0.143	1.0	0.25
RF00053	104	57	CentroidAlifold	4	21	0	0.16	1.0	0.276
RF00053	104	57	RNAalifold	4	20	0	0.167	1.0	0.286
RF00053	104	57	RscapeNested	4	31	0	0.114	1.0	0.205
RF00053	104	57	RscapeTotal	4	31	0	0.114	1.0	0.205
RF00053	104	57	SQUARNAs3u	4	31	0	0.114	1.0	0.205
RF00054	91	12	Rfam	0	5	0	0.0	1	0.0
RF00054	91	12	CentroidAlifold	0	3	0	0.0	1	0.0
RF00054	91	12	RNAalifold	0	0	0	1	1	1
RF00054	91	12	RscapeNested	0	11	0	0.0	1	0.0
RF00054	91	12	RscapeTotal	0	11	0	0.0	1	0.0
RF00054	91	12	SQUARNAs3u	0	18	0	0.0	1	0.0
RF00055	105	9	Rfam	0	5	0	0.0	1	0.0
RF00055	105	9	CentroidAlifold	0	4	0	0.0	1	0.0
RF00055	105	9	RNAalifold	0	5	0	0.0	1	0.0
RF00055	105	9	RscapeNested	0	0	0	1	1	1
RF00055	105	9	RscapeTotal	0	0	0	1	1	1
RF00055	105	9	SQUARNAs3u	0	7	0	0.0	1	0.0
RF00056	143	40	Rfam	0	39	0	0.0	1	0.0
RF00056	143	40	CentroidAlifold	0	29	0	0.0	1	0.0
RF00056	143	40	RNAalifold	0	28	0	0.0	1	0.0
RF00056	143	40	RscapeNested	0	38	0	0.0	1	0.0
RF00056	143	40	RscapeTotal	0	38	0	0.0	1	0.0
RF00056	143	40	SQUARNAs3u	0	49	0	0.0	1	0.0
RF00057	71	26	Rfam	1	12	0	0.077	1.0	0.143
RF00057	71	26	CentroidAlifold	1	6	0	0.143	1.0	0.25
RF00057	71	26	RNAalifold	1	8	0	0.111	1.0	0.2
RF00057	71	26	RscapeNested	1	12	0	0.077	1.0	0.143
RF00057	71	26	RscapeTotal	1	12	0	0.077	1.0	0.143
RF00057	71	26	SQUARNAs3u	1	17	0	0.056	1.0	0.105
RF00058	174	4	Rfam	0	38	0	0.0	1	0.0
RF00058	174	4	CentroidAlifold	0	45	0	0.0	1	0.0
RF00058	174	4	RNAalifold	0	48	0	0.0	1	0.0
RF00058	174	4	RscapeNested	0	48	0	0.0	1	0.0
RF00058	174	4	RscapeTotal	0	48	0	0.0	1	0.0
RF00058	174	4	SQUARNAs3u	0	55	0	0.0	1	0.0
RF00059	211	115	Rfam	17	11	1	0.607	0.944	0.739
RF00059	211	115	CentroidAlifold	16	8	2	0.667	0.889	0.762
RF00059	211	115	RNAalifold	16	8	2	0.667	0.889	0.762
RF00059	211	115	RscapeNested	18	10	0	0.643	1.0	0.783
RF00059	211	115	RscapeTotal	18	10	0	0.643	1.0	0.783
RF00059	211	115	SQUARNAs3u	18	11	0	0.621	1.0	0.766
RF00060	135	4	Rfam	0	20	0	0.0	1	0.0
RF00060	135	4	CentroidAlifold	0	20	0	0.0	1	0.0
RF00060	135	4	RNAalifold	0	31	0	0.0	1	0.0
RF00060	135	4	RscapeNested	0	35	0	0.0	1	0.0
RF00060	135	4	RscapeTotal	0	35	0	0.0	1	0.0
RF00060	135	4	SQUARNAs3u	0	32	0	0.0	1	0.0
RF00061	308	79	Rfam	1	76	0	0.013	1.0	0.026
RF00061	308	79	CentroidAlifold	1	18	0	0.053	1.0	0.1
RF00061	308	79	RNAalifold	1	33	0	0.029	1.0	0.057
RF00061	308	79	RscapeNested	1	67	0	0.015	1.0	0.029
RF00061	308	79	RscapeTotal	1	67	0	0.015	1.0	0.029
RF00061	308	79	SQUARNAs3u	1	69	0	0.014	1.0	0.028
RF00062	177	5	Rfam	1	28	2	0.034	0.333	0.062
RF00062	177	5	CentroidAlifold	1	25	2	0.038	0.333	0.069
RF00062	177	5	RNAalifold	1	27	2	0.036	0.333	0.065
RF00062	177	5	RscapeNested	1	32	2	0.03	0.333	0.056
RF00062	177	5	RscapeTotal	1	32	2	0.03	0.333	0.056
RF00062	177	5	SQUARNAs3u	1	38	2	0.026	0.333	0.048
RF00063	97	5	Rfam	1	16	0	0.059	1.0	0.111
RF00063	97	5	CentroidAlifold	1	17	0	0.056	1.0	0.105
RF00063	97	5	RNAalifold	1	15	0	0.062	1.0	0.118
RF00063	97	5	RscapeNested	1	23	0	0.042	1.0	0.08
RF00063	97	5	RscapeTotal	1	23	0	0.042	1.0	0.08
RF00063	97	5	SQUARNAs3u	1	29	0	0.033	1.0	0.065
RF00064	299	5	Rfam	0	57	1	0.0	0.0	0.0
RF00064	299	5	CentroidAlifold	0	55	1	0.0	0.0	0.0
RF00064	299	5	RNAalifold	0	67	1	0.0	0.0	0.0
RF00064	299	5	RscapeNested	1	70	0	0.014	1.0	0.028
RF00064	299	5	RscapeTotal	1	70	0	0.014	1.0	0.028
RF00064	299	5	SQUARNAs3u	0	76	1	0.0	0.0	0.0
RF00065	132	5	Rfam	0	18	1	0.0	0.0	0.0
RF00065	132	5	CentroidAlifold	0	17	1	0.0	0.0	0.0
RF00065	132	5	RNAalifold	0	18	1	0.0	0.0	0.0
RF00065	132	5	RscapeNested	0	28	1	0.0	0.0	0.0
RF00065	132	5	RscapeTotal	0	28	1	0.0	0.0	0.0
RF00065	132	5	SQUARNAs3u	0	40	1	0.0	0.0	0.0
RF00066	75	49	Rfam	1	10	0	0.091	1.0	0.167
RF00066	75	49	CentroidAlifold	1	10	0	0.091	1.0	0.167
RF00066	75	49	RNAalifold	1	10	0	0.091	1.0	0.167
RF00066	75	49	RscapeNested	1	9	0	0.1	1.0	0.182
RF00066	75	49	RscapeTotal	1	9	0	0.1	1.0	0.182
RF00066	75	49	SQUARNAs3u	1	16	0	0.059	1.0	0.111
RF00067	163	11	Rfam	0	4	1	0.0	0.0	0.0
RF00067	163	11	CentroidAlifold	0	12	1	0.0	0.0	0.0
RF00067	163	11	RNAalifold	0	19	1	0.0	0.0	0.0
RF00067	163	11	RscapeNested	0	22	1	0.0	0.0	0.0
RF00067	163	11	RscapeTotal	0	22	1	0.0	0.0	0.0
RF00067	163	11	SQUARNAs3u	0	30	1	0.0	0.0	0.0
RF00068	97	5	Rfam	0	4	0	0.0	1	0.0
RF00068	97	5	CentroidAlifold	0	0	0	1	1	1
RF00068	97	5	RNAalifold	0	17	0	0.0	1	0.0
RF00068	97	5	RscapeNested	0	17	0	0.0	1	0.0
RF00068	97	5	RscapeTotal	0	17	0	0.0	1	0.0
RF00068	97	5	SQUARNAs3u	0	26	0	0.0	1	0.0
RF00069	101	14	Rfam	0	4	0	0.0	1	0.0
RF00069	101	14	CentroidAlifold	0	3	0	0.0	1	0.0
RF00069	101	14	RNAalifold	0	7	0	0.0	1	0.0
RF00069	101	14	RscapeNested	0	7	0	0.0	1	0.0
RF00069	101	14	RscapeTotal	0	7	0	0.0	1	0.0
RF00069	101	14	SQUARNAs3u	0	18	0	0.0	1	0.0
RF00070	93	10	Rfam	0	3	0	0.0	1	0.0
RF00070	93	10	CentroidAlifold	0	3	0	0.0	1	0.0
RF00070	93	10	RNAalifold	0	5	0	0.0	1	0.0
RF00070	93	10	RscapeNested	0	14	0	0.0	1	0.0
RF00070	93	10	RscapeTotal	0	14	0	0.0	1	0.0
RF00070	93	10	SQUARNAs3u	0	12	0	0.0	1	0.0
RF00071	86	25	Rfam	0	4	0	0.0	1	0.0
RF00071	86	25	CentroidAlifold	0	0	0	1	1	1
RF00071	86	25	RNAalifold	0	0	0	1	1	1
RF00071	86	25	RscapeNested	0	11	0	0.0	1	0.0
RF00071	86	25	RscapeTotal	0	11	0	0.0	1	0.0
RF00071	86	25	SQUARNAs3u	0	17	0	0.0	1	0.0
RF00072	157	6	Rfam	0	28	0	0.0	1	0.0
RF00072	157	6	CentroidAlifold	0	23	0	0.0	1	0.0
RF00072	157	6	RNAalifold	0	33	0	0.0	1	0.0
RF00072	157	6	RscapeNested	0	21	0	0.0	1	0.0
RF00072	157	6	RscapeTotal	0	21	0	0.0	1	0.0
RF00072	157	6	SQUARNAs3u	0	33	0	0.0	1	0.0
RF00073	102	10	Rfam	0	24	0	0.0	1	0.0
RF00073	102	10	CentroidAlifold	0	24	0	0.0	1	0.0
RF00073	102	10	RNAalifold	0	24	0	0.0	1	0.0
RF00073	102	10	RscapeNested	0	29	0	0.0	1	0.0
RF00073	102	10	RscapeTotal	0	29	0	0.0	1	0.0
RF00073	102	10	SQUARNAs3u	0	31	0	0.0	1	0.0
RF00074	72	10	Rfam	0	21	0	0.0	1	0.0
RF00074	72	10	CentroidAlifold	0	23	0	0.0	1	0.0
RF00074	72	10	RNAalifold	0	23	0	0.0	1	0.0
RF00074	72	10	RscapeNested	0	14	0	0.0	1	0.0
RF00074	72	10	RscapeTotal	0	14	0	0.0	1	0.0
RF00074	72	10	SQUARNAs3u	0	26	0	0.0	1	0.0
RF00075	193	31	Rfam	1	21	0	0.045	1.0	0.087
RF00075	193	31	CentroidAlifold	1	19	0	0.05	1.0	0.095
RF00075	193	31	RNAalifold	1	17	0	0.056	1.0	0.105
RF00075	193	31	RscapeNested	1	53	0	0.019	1.0	0.036
RF00075	193	31	RscapeTotal	1	53	0	0.019	1.0	0.036
RF00075	193	31	SQUARNAs3u	1	29	0	0.033	1.0	0.065
RF00076	83	19	Rfam	0	24	0	0.0	1	0.0
RF00076	83	19	CentroidAlifold	0	22	0	0.0	1	0.0
RF00076	83	19	RNAalifold	0	20	0	0.0	1	0.0
RF00076	83	19	RscapeNested	0	28	0	0.0	1	0.0
RF00076	83	19	RscapeTotal	0	28	0	0.0	1	0.0
RF00076	83	19	SQUARNAs3u	0	28	0	0.0	1	0.0
RF00077	169	5	Rfam	0	37	0	0.0	1	0.0
RF00077	169	5	CentroidAlifold	0	24	0	0.0	1	0.0
RF00077	169	5	RNAalifold	0	45	0	0.0	1	0.0
RF00077	169	5	RscapeNested	0	43	0	0.0	1	0.0
RF00077	169	5	RscapeTotal	0	43	0	0.0	1	0.0
RF00077	169	5	SQUARNAs3u	0	62	0	0.0	1	0.0
RF00078	105	17	Rfam	0	14	0	0.0	1	0.0
RF00078	105	17	CentroidAlifold	0	7	0	0.0	1	0.0
RF00078	105	17	RNAalifold	0	7	0	0.0	1	0.0
RF00078	105	17	RscapeNested	0	15	0	0.0	1	0.0
RF00078	105	17	RscapeTotal	0	15	0	0.0	1	0.0
RF00078	105	17	SQUARNAs3u	0	17	0	0.0	1	0.0
RF00079	114	23	Rfam	0	20	0	0.0	1	0.0
RF00079	114	23	CentroidAlifold	0	19	0	0.0	1	0.0
RF00079	114	23	RNAalifold	0	16	0	0.0	1	0.0
RF00079	114	23	RscapeNested	0	21	0	0.0	1	0.0
RF00079	114	23	RscapeTotal	0	21	0	0.0	1	0.0
RF00079	114	23	SQUARNAs3u	0	23	0	0.0	1	0.0
RF00080	369	29	Rfam	9	16	4	0.36	0.692	0.474
RF00080	369	29	CentroidAlifold	8	7	5	0.533	0.615	0.571
RF00080	369	29	RNAalifold	8	7	5	0.533	0.615	0.571
RF00080	369	29	RscapeNested	10	49	3	0.169	0.769	0.278
RF00080	369	29	RscapeTotal	10	59	3	0.145	0.769	0.244
RF00080	369	29	SQUARNAs3u	9	19	4	0.321	0.692	0.439
RF00081	115	9	Rfam	0	15	0	0.0	1	0.0
RF00081	115	9	CentroidAlifold	0	17	0	0.0	1	0.0
RF00081	115	9	RNAalifold	0	18	0	0.0	1	0.0
RF00081	115	9	RscapeNested	0	19	0	0.0	1	0.0
RF00081	115	9	RscapeTotal	0	19	0	0.0	1	0.0
RF00081	115	9	SQUARNAs3u	0	31	0	0.0	1	0.0
RF00082	189	7	Rfam	0	28	0	0.0	1	0.0
RF00082	189	7	CentroidAlifold	0	18	0	0.0	1	0.0
RF00082	189	7	RNAalifold	0	31	0	0.0	1	0.0
RF00082	189	7	RscapeNested	0	31	0	0.0	1	0.0
RF00082	189	7	RscapeTotal	0	31	0	0.0	1	0.0
RF00082	189	7	SQUARNAs3u	0	46	0	0.0	1	0.0
RF00083	249	21	Rfam	0	50	0	0.0	1	0.0
RF00083	249	21	CentroidAlifold	0	41	0	0.0	1	0.0
RF00083	249	21	RNAalifold	0	49	0	0.0	1	0.0
RF00083	249	21	RscapeNested	0	48	0	0.0	1	0.0
RF00083	249	21	RscapeTotal	0	48	0	0.0	1	0.0
RF00083	249	21	SQUARNAs3u	0	67	0	0.0	1	0.0
RF00084	261	4	Rfam	0	59	1	0.0	0.0	0.0
RF00084	261	4	CentroidAlifold	0	43	1	0.0	0.0	0.0
RF00084	261	4	RNAalifold	0	59	1	0.0	0.0	0.0
RF00084	261	4	RscapeNested	1	63	0	0.016	1.0	0.031
RF00084	261	4	RscapeTotal	1	65	0	0.015	1.0	0.03
RF00084	261	4	SQUARNAs3u	0	74	1	0.0	0.0	0.0
RF00085	87	20	Rfam	0	4	0	0.0	1	0.0
RF00085	87	20	CentroidAlifold	0	3	0	0.0	1	0.0
RF00085	87	20	RNAalifold	0	6	0	0.0	1	0.0
RF00085	87	20	RscapeNested	0	9	0	0.0	1	0.0
RF00085	87	20	RscapeTotal	0	9	0	0.0	1	0.0
RF00085	87	20	SQUARNAs3u	0	10	0	0.0	1	0.0
RF00086	85	8	Rfam	0	4	0	0.0	1	0.0
RF00086	85	8	CentroidAlifold	0	0	0	1	1	1
RF00086	85	8	RNAalifold	0	5	0	0.0	1	0.0
RF00086	85	8	RscapeNested	0	10	0	0.0	1	0.0
RF00086	85	8	RscapeTotal	0	10	0	0.0	1	0.0
RF00086	85	8	SQUARNAs3u	0	19	0	0.0	1	0.0
RF00087	79	17	Rfam	0	4	1	0.0	0.0	0.0
RF00087	79	17	CentroidAlifold	0	4	1	0.0	0.0	0.0
RF00087	79	17	RNAalifold	0	12	1	0.0	0.0	0.0
RF00087	79	17	RscapeNested	1	8	0	0.111	1.0	0.2
RF00087	79	17	RscapeTotal	1	8	0	0.111	1.0	0.2
RF00087	79	17	SQUARNAs3u	0	19	1	0.0	0.0	0.0
RF00088	76	20	Rfam	0	9	0	0.0	1	0.0
RF00088	76	20	CentroidAlifold	0	7	0	0.0	1	0.0
RF00088	76	20	RNAalifold	0	9	0	0.0	1	0.0
RF00088	76	20	RscapeNested	0	8	0	0.0	1	0.0
RF00088	76	20	RscapeTotal	0	8	0	0.0	1	0.0
RF00088	76	20	SQUARNAs3u	0	20	0	0.0	1	0.0
RF00089	76	26	Rfam	0	2	0	0.0	1	0.0
RF00089	76	26	CentroidAlifold	0	0	0	1	1	1
RF00089	76	26	RNAalifold	0	0	0	1	1	1
RF00089	76	26	RscapeNested	0	11	0	0.0	1	0.0
RF00089	76	26	RscapeTotal	0	11	0	0.0	1	0.0
RF00089	76	26	SQUARNAs3u	0	18	0	0.0	1	0.0
RF00090	216	24	Rfam	0	67	0	0.0	1	0.0
RF00090	216	24	CentroidAlifold	0	49	0	0.0	1	0.0
RF00090	216	24	RNAalifold	0	59	0	0.0	1	0.0
RF00090	216	24	RscapeNested	0	64	0	0.0	1	0.0
RF00090	216	24	RscapeTotal	0	64	0	0.0	1	0.0
RF00090	216	24	SQUARNAs3u	0	74	0	0.0	1	0.0
RF00091	166	18	Rfam	1	24	0	0.04	1.0	0.077
RF00091	166	18	CentroidAlifold	1	30	0	0.032	1.0	0.062
RF00091	166	18	RNAalifold	1	37	0	0.026	1.0	0.051
RF00091	166	18	RscapeNested	0	37	1	0.0	0.0	0.0
RF00091	166	18	RscapeTotal	0	37	1	0.0	0.0	0.0
RF00091	166	18	SQUARNAs3u	1	49	0	0.02	1.0	0.039
RF00092	135	8	Rfam	0	23	0	0.0	1	0.0
RF00092	135	8	CentroidAlifold	0	24	0	0.0	1	0.0
RF00092	135	8	RNAalifold	0	27	0	0.0	1	0.0
RF00092	135	8	RscapeNested	0	33	0	0.0	1	0.0
RF00092	135	8	RscapeTotal	0	33	0	0.0	1	0.0
RF00092	135	8	SQUARNAs3u	0	36	0	0.0	1	0.0
RF00093	102	16	Rfam	0	4	0	0.0	1	0.0
RF00093	102	16	CentroidAlifold	0	0	0	1	1	1
RF00093	102	16	RNAalifold	0	0	0	1	1	1
RF00093	102	16	RscapeNested	0	0	0	1	1	1
RF00093	102	16	RscapeTotal	0	0	0	1	1	1
RF00093	102	16	SQUARNAs3u	0	11	0	0.0	1	0.0
RF00094	115	33	Rfam	0	31	0	0.0	1	0.0
RF00094	115	33	CentroidAlifold	0	21	0	0.0	1	0.0
RF00094	115	33	RNAalifold	0	21	0	0.0	1	0.0
RF00094	115	33	RscapeNested	0	30	0	0.0	1	0.0
RF00094	115	33	RscapeTotal	0	30	0	0.0	1	0.0
RF00094	115	33	SQUARNAs3u	0	34	0	0.0	1	0.0
RF00095	63	25	Rfam	1	2	0	0.333	1.0	0.5
RF00095	63	25	CentroidAlifold	0	0	1	1	0.0	0.0
RF00095	63	25	RNAalifold	0	0	1	1	0.0	0.0
RF00095	63	25	RscapeNested	1	7	0	0.125	1.0	0.222
RF00095	63	25	RscapeTotal	1	7	0	0.125	1.0	0.222
RF00095	63	25	SQUARNAs3u	1	2	0	0.333	1.0	0.5
RF00096	189	55	Rfam	3	21	0	0.125	1.0	0.222
RF00096	189	55	CentroidAlifold	3	13	0	0.188	1.0	0.316
RF00096	189	55	RNAalifold	3	15	0	0.167	1.0	0.286
RF00096	189	55	RscapeNested	3	23	0	0.115	1.0	0.207
RF00096	189	55	RscapeTotal	3	23	0	0.115	1.0	0.207
RF00096	189	55	SQUARNAs3u	3	43	0	0.065	1.0	0.122
RF00097	108	25	Rfam	0	8	0	0.0	1	0.0
RF00097	108	25	CentroidAlifold	0	5	0	0.0	1	0.0
RF00097	108	25	RNAalifold	0	5	0	0.0	1	0.0
RF00097	108	25	RscapeNested	0	25	0	0.0	1	0.0
RF00097	108	25	RscapeTotal	0	25	0	0.0	1	0.0
RF00097	108	25	SQUARNAs3u	0	37	0	0.0	1	0.0
RF00099	148	49	Rfam	0	4	0	0.0	1	0.0
RF00099	148	49	CentroidAlifold	0	18	0	0.0	1	0.0
RF00099	148	49	RNAalifold	0	20	0	0.0	1	0.0
RF00099	148	49	RscapeNested	0	25	0	0.0	1	0.0
RF00099	148	49	RscapeTotal	0	25	0	0.0	1	0.0
RF00099	148	49	SQUARNAs3u	0	39	0	0.0	1	0.0
RF00100	402	45	Rfam	0	87	0	0.0	1	0.0
RF00100	402	45	CentroidAlifold	0	26	0	0.0	1	0.0
RF00100	402	45	RNAalifold	0	38	0	0.0	1	0.0
RF00100	402	45	RscapeNested	0	58	0	0.0	1	0.0
RF00100	402	45	RscapeTotal	0	58	0	0.0	1	0.0
RF00100	402	45	SQUARNAs3u	0	94	0	0.0	1	0.0
RF00101	153	13	Rfam	0	23	1	0.0	0.0	0.0
RF00101	153	13	CentroidAlifold	0	24	1	0.0	0.0	0.0
RF00101	153	13	RNAalifold	0	38	1	0.0	0.0	0.0
RF00101	153	13	RscapeNested	1	33	0	0.029	1.0	0.057
RF00101	153	13	RscapeTotal	1	33	0	0.029	1.0	0.057
RF00101	153	13	SQUARNAs3u	0	50	1	0.0	0.0	0.0
RF00102	249	54	Rfam	0	45	0	0.0	1	0.0
RF00102	249	54	CentroidAlifold	0	28	0	0.0	1	0.0
RF00102	249	54	RNAalifold	0	31	0	0.0	1	0.0
RF00102	249	54	RscapeNested	0	50	0	0.0	1	0.0
RF00102	249	54	RscapeTotal	0	50	0	0.0	1	0.0
RF00102	249	54	SQUARNAs3u	0	57	0	0.0	1	0.0
RF00103	86	66	Rfam	0	23	0	0.0	1	0.0
RF00103	86	66	CentroidAlifold	0	23	0	0.0	1	0.0
RF00103	86	66	RNAalifold	0	18	0	0.0	1	0.0
RF00103	86	66	RscapeNested	0	30	0	0.0	1	0.0
RF00103	86	66	RscapeTotal	0	30	0	0.0	1	0.0
RF00103	86	66	SQUARNAs3u	0	30	0	0.0	1	0.0
RF00104	80	36	Rfam	0	24	0	0.0	1	0.0
RF00104	80	36	CentroidAlifold	0	20	0	0.0	1	0.0
RF00104	80	36	RNAalifold	0	16	0	0.0	1	0.0
RF00104	80	36	RscapeNested	0	30	0	0.0	1	0.0
RF00104	80	36	RscapeTotal	0	30	0	0.0	1	0.0
RF00104	80	36	SQUARNAs3u	0	28	0	0.0	1	0.0
RF00105	84	32	Rfam	0	8	0	0.0	1	0.0
RF00105	84	32	CentroidAlifold	0	5	0	0.0	1	0.0
RF00105	84	32	RNAalifold	0	7	0	0.0	1	0.0
RF00105	84	32	RscapeNested	0	12	0	0.0	1	0.0
RF00105	84	32	RscapeTotal	0	12	0	0.0	1	0.0
RF00105	84	32	SQUARNAs3u	0	28	0	0.0	1	0.0
RF00106	108	10	Rfam	0	36	0	0.0	1	0.0
RF00106	108	10	CentroidAlifold	0	33	0	0.0	1	0.0
RF00106	108	10	RNAalifold	0	33	0	0.0	1	0.0
RF00106	108	10	RscapeNested	0	31	0	0.0	1	0.0
RF00106	108	10	RscapeTotal	0	31	0	0.0	1	0.0
RF00106	108	10	SQUARNAs3u	0	37	0	0.0	1	0.0
RF00107	80	6	Rfam	0	24	0	0.0	1	0.0
RF00107	80	6	CentroidAlifold	0	24	0	0.0	1	0.0
RF00107	80	6	RNAalifold	0	24	0	0.0	1	0.0
RF00107	80	6	RscapeNested	0	24	0	0.0	1	0.0
RF00107	80	6	RscapeTotal	0	24	0	0.0	1	0.0
RF00107	80	6	SQUARNAs3u	0	25	0	0.0	1	0.0
RF00108	118	48	Rfam	0	13	0	0.0	1	0.0
RF00108	118	48	CentroidAlifold	0	1	0	0.0	1	0.0
RF00108	118	48	RNAalifold	0	8	0	0.0	1	0.0
RF00108	118	48	RscapeNested	0	11	0	0.0	1	0.0
RF00108	118	48	RscapeTotal	0	11	0	0.0	1	0.0
RF00108	118	48	SQUARNAs3u	0	25	0	0.0	1	0.0
RF00109	86	19	Rfam	0	18	0	0.0	1	0.0
RF00109	86	19	CentroidAlifold	0	1	0	0.0	1	0.0
RF00109	86	19	RNAalifold	0	14	0	0.0	1	0.0
RF00109	86	19	RscapeNested	0	4	0	0.0	1	0.0
RF00109	86	19	RscapeTotal	0	4	0	0.0	1	0.0
RF00109	86	19	SQUARNAs3u	0	20	0	0.0	1	0.0
RF00110	84	8	Rfam	1	11	0	0.083	1.0	0.154
RF00110	84	8	CentroidAlifold	1	14	0	0.067	1.0	0.125
RF00110	84	8	RNAalifold	1	17	0	0.056	1.0	0.105
RF00110	84	8	RscapeNested	1	15	0	0.062	1.0	0.118
RF00110	84	8	RscapeTotal	1	15	0	0.062	1.0	0.118
RF00110	84	8	SQUARNAs3u	1	23	0	0.042	1.0	0.08
RF00111	115	17	Rfam	1	19	0	0.05	1.0	0.095
RF00111	115	17	CentroidAlifold	1	16	0	0.059	1.0	0.111
RF00111	115	17	RNAalifold	1	16	0	0.059	1.0	0.111
RF00111	115	17	RscapeNested	1	17	0	0.056	1.0	0.105
RF00111	115	17	RscapeTotal	1	17	0	0.056	1.0	0.105
RF00111	115	17	SQUARNAs3u	1	26	0	0.037	1.0	0.071
RF00112	95	17	Rfam	0	15	0	0.0	1	0.0
RF00112	95	17	CentroidAlifold	0	14	0	0.0	1	0.0
RF00112	95	17	RNAalifold	0	15	0	0.0	1	0.0
RF00112	95	17	RscapeNested	0	15	0	0.0	1	0.0
RF00112	95	17	RscapeTotal	0	15	0	0.0	1	0.0
RF00112	95	17	SQUARNAs3u	0	18	0	0.0	1	0.0
RF00113	166	17	Rfam	0	24	0	0.0	1	0.0
RF00113	166	17	CentroidAlifold	0	26	0	0.0	1	0.0
RF00113	166	17	RNAalifold	0	22	0	0.0	1	0.0
RF00113	166	17	RscapeNested	0	45	0	0.0	1	0.0
RF00113	166	17	RscapeTotal	0	45	0	0.0	1	0.0
RF00113	166	17	SQUARNAs3u	0	41	0	0.0	1	0.0
RF00114	140	78	Rfam	1	12	1	0.077	0.5	0.133
RF00114	140	78	CentroidAlifold	1	5	1	0.167	0.5	0.25
RF00114	140	78	RNAalifold	1	5	1	0.167	0.5	0.25
RF00114	140	78	RscapeNested	1	10	1	0.091	0.5	0.154
RF00114	140	78	RscapeTotal	1	10	1	0.091	0.5	0.154
RF00114	140	78	SQUARNAs3u	1	24	1	0.04	0.5	0.074
RF00115	96	4	Rfam	0	24	1	0.0	0.0	0.0
RF00115	96	4	CentroidAlifold	0	25	1	0.0	0.0	0.0
RF00115	96	4	RNAalifold	0	26	1	0.0	0.0	0.0
RF00115	96	4	RscapeNested	1	25	0	0.038	1.0	0.074
RF00115	96	4	RscapeTotal	1	25	0	0.038	1.0	0.074
RF00115	96	4	SQUARNAs3u	0	33	1	0.0	0.0	0.0
RF00116	78	8	Rfam	0	23	0	0.0	1	0.0
RF00116	78	8	CentroidAlifold	0	16	0	0.0	1	0.0
RF00116	78	8	RNAalifold	0	21	0	0.0	1	0.0
RF00116	78	8	RscapeNested	0	18	0	0.0	1	0.0
RF00116	78	8	RscapeTotal	0	18	0	0.0	1	0.0
RF00116	78	8	SQUARNAs3u	0	29	0	0.0	1	0.0
RF00117	222	9	Rfam	0	32	0	0.0	1	0.0
RF00117	222	9	CentroidAlifold	0	19	0	0.0	1	0.0
RF00117	222	9	RNAalifold	0	69	0	0.0	1	0.0
RF00117	222	9	RscapeNested	0	38	0	0.0	1	0.0
RF00117	222	9	RscapeTotal	0	38	0	0.0	1	0.0
RF00117	222	9	SQUARNAs3u	0	73	0	0.0	1	0.0
RF00118	69	7	Rfam	0	12	0	0.0	1	0.0
RF00118	69	7	CentroidAlifold	0	8	0	0.0	1	0.0
RF00118	69	7	RNAalifold	0	12	0	0.0	1	0.0
RF00118	69	7	RscapeNested	0	8	0	0.0	1	0.0
RF00118	69	7	RscapeTotal	0	8	0	0.0	1	0.0
RF00118	69	7	SQUARNAs3u	0	12	0	0.0	1	0.0
RF00119	79	5	Rfam	0	20	0	0.0	1	0.0
RF00119	79	5	CentroidAlifold	0	13	0	0.0	1	0.0
RF00119	79	5	RNAalifold	0	20	0	0.0	1	0.0
RF00119	79	5	RscapeNested	0	14	0	0.0	1	0.0
RF00119	79	5	RscapeTotal	0	14	0	0.0	1	0.0
RF00119	79	5	SQUARNAs3u	0	23	0	0.0	1	0.0
RF00121	134	8	Rfam	0	23	0	0.0	1	0.0
RF00121	134	8	CentroidAlifold	0	14	0	0.0	1	0.0
RF00121	134	8	RNAalifold	0	15	0	0.0	1	0.0
RF00121	134	8	RscapeNested	0	22	0	0.0	1	0.0
RF00121	134	8	RscapeTotal	0	22	0	0.0	1	0.0
RF00121	134	8	SQUARNAs3u	0	26	0	0.0	1	0.0
RF00122	114	5	Rfam	0	28	0	0.0	1	0.0
RF00122	114	5	CentroidAlifold	0	17	0	0.0	1	0.0
RF00122	114	5	RNAalifold	0	28	0	0.0	1	0.0
RF00122	114	5	RscapeNested	0	23	0	0.0	1	0.0
RF00122	114	5	RscapeTotal	0	23	0	0.0	1	0.0
RF00122	114	5	SQUARNAs3u	0	42	0	0.0	1	0.0
RF00124	208	5	Rfam	0	35	0	0.0	1	0.0
RF00124	208	5	CentroidAlifold	0	30	0	0.0	1	0.0
RF00124	208	5	RNAalifold	0	59	0	0.0	1	0.0
RF00124	208	5	RscapeNested	0	42	0	0.0	1	0.0
RF00124	208	5	RscapeTotal	0	42	0	0.0	1	0.0
RF00124	208	5	SQUARNAs3u	0	61	0	0.0	1	0.0
RF00125	213	5	Rfam	0	52	0	0.0	1	0.0
RF00125	213	5	CentroidAlifold	0	34	0	0.0	1	0.0
RF00125	213	5	RNAalifold	0	49	0	0.0	1	0.0
RF00125	213	5	RscapeNested	0	39	0	0.0	1	0.0
RF00125	213	5	RscapeTotal	0	39	0	0.0	1	0.0
RF00125	213	5	SQUARNAs3u	0	64	0	0.0	1	0.0
RF00126	323	9	Rfam	0	83	0	0.0	1	0.0
RF00126	323	9	CentroidAlifold	0	53	0	0.0	1	0.0
RF00126	323	9	RNAalifold	0	84	0	0.0	1	0.0
RF00126	323	9	RscapeNested	0	87	0	0.0	1	0.0
RF00126	323	9	RscapeTotal	0	87	0	0.0	1	0.0
RF00126	323	9	SQUARNAs3u	0	105	0	0.0	1	0.0
RF00127	140	78	Rfam	9	13	0	0.409	1.0	0.581
RF00127	140	78	CentroidAlifold	9	11	0	0.45	1.0	0.621
RF00127	140	78	RNAalifold	9	12	0	0.429	1.0	0.6
RF00127	140	78	RscapeNested	9	20	0	0.31	1.0	0.474
RF00127	140	78	RscapeTotal	9	20	0	0.31	1.0	0.474
RF00127	140	78	SQUARNAs3u	9	16	0	0.36	1.0	0.529
RF00128	176	17	Rfam	0	38	0	0.0	1	0.0
RF00128	176	17	CentroidAlifold	0	36	0	0.0	1	0.0
RF00128	176	17	RNAalifold	0	36	0	0.0	1	0.0
RF00128	176	17	RscapeNested	0	33	0	0.0	1	0.0
RF00128	176	17	RscapeTotal	0	33	0	0.0	1	0.0
RF00128	176	17	SQUARNAs3u	0	50	0	0.0	1	0.0
RF00129	82	93	Rfam	0	18	0	0.0	1	0.0
RF00129	82	93	CentroidAlifold	0	21	0	0.0	1	0.0
RF00129	82	93	RNAalifold	0	18	0	0.0	1	0.0
RF00129	82	93	RscapeNested	0	27	0	0.0	1	0.0
RF00129	82	93	RscapeTotal	0	27	0	0.0	1	0.0
RF00129	82	93	SQUARNAs3u	0	25	0	0.0	1	0.0
RF00130	116	48	Rfam	0	28	0	0.0	1	0.0
RF00130	116	48	CentroidAlifold	0	18	0	0.0	1	0.0
RF00130	116	48	RNAalifold	0	15	0	0.0	1	0.0
RF00130	116	48	RscapeNested	0	25	0	0.0	1	0.0
RF00130	116	48	RscapeTotal	0	25	0	0.0	1	0.0
RF00130	116	48	SQUARNAs3u	0	28	0	0.0	1	0.0
RF00131	64	49	Rfam	0	21	0	0.0	1	0.0
RF00131	64	49	CentroidAlifold	0	20	0	0.0	1	0.0
RF00131	64	49	RNAalifold	0	14	0	0.0	1	0.0
RF00131	64	49	RscapeNested	0	21	0	0.0	1	0.0
RF00131	64	49	RscapeTotal	0	21	0	0.0	1	0.0
RF00131	64	49	SQUARNAs3u	0	22	0	0.0	1	0.0
RF00132	97	12	Rfam	0	3	0	0.0	1	0.0
RF00132	97	12	CentroidAlifold	0	7	0	0.0	1	0.0
RF00132	97	12	RNAalifold	0	21	0	0.0	1	0.0
RF00132	97	12	RscapeNested	0	27	0	0.0	1	0.0
RF00132	97	12	RscapeTotal	0	27	0	0.0	1	0.0
RF00132	97	12	SQUARNAs3u	0	26	0	0.0	1	0.0
RF00133	111	72	Rfam	3	3	0	0.5	1.0	0.667
RF00133	111	72	CentroidAlifold	3	2	0	0.6	1.0	0.75
RF00133	111	72	RNAalifold	3	5	0	0.375	1.0	0.545
RF00133	111	72	RscapeNested	3	10	0	0.231	1.0	0.375
RF00133	111	72	RscapeTotal	3	10	0	0.231	1.0	0.375
RF00133	111	72	SQUARNAs3u	3	13	0	0.188	1.0	0.316
RF00134	104	22	Rfam	0	7	0	0.0	1	0.0
RF00134	104	22	CentroidAlifold	0	5	0	0.0	1	0.0
RF00134	104	22	RNAalifold	0	9	0	0.0	1	0.0
RF00134	104	22	RscapeNested	0	2	0	0.0	1	0.0
RF00134	104	22	RscapeTotal	0	2	0	0.0	1	0.0
RF00134	104	22	SQUARNAs3u	0	22	0	0.0	1	0.0
RF00135	95	5	Rfam	0	7	0	0.0	1	0.0
RF00135	95	5	CentroidAlifold	0	8	0	0.0	1	0.0
RF00135	95	5	RNAalifold	0	26	0	0.0	1	0.0
RF00135	95	5	RscapeNested	0	19	0	0.0	1	0.0
RF00135	95	5	RscapeTotal	0	19	0	0.0	1	0.0
RF00135	95	5	SQUARNAs3u	0	26	0	0.0	1	0.0
RF00136	90	22	Rfam	0	7	0	0.0	1	0.0
RF00136	90	22	CentroidAlifold	0	7	0	0.0	1	0.0
RF00136	90	22	RNAalifold	0	16	0	0.0	1	0.0
RF00136	90	22	RscapeNested	0	9	0	0.0	1	0.0
RF00136	90	22	RscapeTotal	0	9	0	0.0	1	0.0
RF00136	90	22	SQUARNAs3u	0	20	0	0.0	1	0.0
RF00137	80	7	Rfam	0	8	0	0.0	1	0.0
RF00137	80	7	CentroidAlifold	0	7	0	0.0	1	0.0
RF00137	80	7	RNAalifold	0	12	0	0.0	1	0.0
RF00137	80	7	RscapeNested	0	19	0	0.0	1	0.0
RF00137	80	7	RscapeTotal	0	19	0	0.0	1	0.0
RF00137	80	7	SQUARNAs3u	0	15	0	0.0	1	0.0
RF00138	101	5	Rfam	1	18	0	0.053	1.0	0.1
RF00138	101	5	CentroidAlifold	1	19	0	0.05	1.0	0.095
RF00138	101	5	RNAalifold	1	21	0	0.045	1.0	0.087
RF00138	101	5	RscapeNested	1	20	0	0.048	1.0	0.091
RF00138	101	5	RscapeTotal	1	20	0	0.048	1.0	0.091
RF00138	101	5	SQUARNAs3u	1	37	0	0.026	1.0	0.051
RF00139	150	29	Rfam	0	30	0	0.0	1	0.0
RF00139	150	29	CentroidAlifold	0	27	0	0.0	1	0.0
RF00139	150	29	RNAalifold	0	27	0	0.0	1	0.0
RF00139	150	29	RscapeNested	0	29	0	0.0	1	0.0
RF00139	150	29	RscapeTotal	0	29	0	0.0	1	0.0
RF00139	150	29	SQUARNAs3u	0	39	0	0.0	1	0.0
RF00140	137	39	Rfam	5	15	0	0.25	1.0	0.4
RF00140	137	39	CentroidAlifold	5	11	0	0.312	1.0	0.476
RF00140	137	39	RNAalifold	5	13	0	0.278	1.0	0.435
RF00140	137	39	RscapeNested	5	18	0	0.217	1.0	0.357
RF00140	137	39	RscapeTotal	5	18	0	0.217	1.0	0.357
RF00140	137	39	SQUARNAs3u	5	31	0	0.139	1.0	0.244
RF00142	111	7	Rfam	0	13	0	0.0	1	0.0
RF00142	111	7	CentroidAlifold	0	17	0	0.0	1	0.0
RF00142	111	7	RNAalifold	0	24	0	0.0	1	0.0
RF00142	111	7	RscapeNested	0	29	0	0.0	1	0.0
RF00142	111	7	RscapeTotal	0	29	0	0.0	1	0.0
RF00142	111	7	SQUARNAs3u	0	38	0	0.0	1	0.0
RF00143	97	36	Rfam	0	21	0	0.0	1	0.0
RF00143	97	36	CentroidAlifold	0	22	0	0.0	1	0.0
RF00143	97	36	RNAalifold	0	21	0	0.0	1	0.0
RF00143	97	36	RscapeNested	0	29	0	0.0	1	0.0
RF00143	97	36	RscapeTotal	0	29	0	0.0	1	0.0
RF00143	97	36	SQUARNAs3u	0	29	0	0.0	1	0.0
RF00144	83	83	Rfam	0	20	0	0.0	1	0.0
RF00144	83	83	CentroidAlifold	0	22	0	0.0	1	0.0
RF00144	83	83	RNAalifold	0	20	0	0.0	1	0.0
RF00144	83	83	RscapeNested	0	22	0	0.0	1	0.0
RF00144	83	83	RscapeTotal	0	22	0	0.0	1	0.0
RF00144	83	83	SQUARNAs3u	0	25	0	0.0	1	0.0
RF00145	77	11	Rfam	0	7	0	0.0	1	0.0
RF00145	77	11	CentroidAlifold	0	0	0	1	1	1
RF00145	77	11	RNAalifold	0	0	0	1	1	1
RF00145	77	11	RscapeNested	0	0	0	1	1	1
RF00145	77	11	RscapeTotal	0	0	0	1	1	1
RF00145	77	11	SQUARNAs3u	0	13	0	0.0	1	0.0
RF00147	94	14	Rfam	0	6	0	0.0	1	0.0
RF00147	94	14	CentroidAlifold	0	2	0	0.0	1	0.0
RF00147	94	14	RNAalifold	0	0	0	1	1	1
RF00147	94	14	RscapeNested	0	20	0	0.0	1	0.0
RF00147	94	14	RscapeTotal	0	20	0	0.0	1	0.0
RF00147	94	14	SQUARNAs3u	0	25	0	0.0	1	0.0
RF00149	108	12	Rfam	0	5	0	0.0	1	0.0
RF00149	108	12	CentroidAlifold	0	5	0	0.0	1	0.0
RF00149	108	12	RNAalifold	0	19	0	0.0	1	0.0
RF00149	108	12	RscapeNested	0	23	0	0.0	1	0.0
RF00149	108	12	RscapeTotal	0	23	0	0.0	1	0.0
RF00149	108	12	SQUARNAs3u	0	28	0	0.0	1	0.0
RF00150	78	7	Rfam	0	5	0	0.0	1	0.0
RF00150	78	7	CentroidAlifold	0	3	0	0.0	1	0.0
RF00150	78	7	RNAalifold	0	0	0	1	1	1
RF00150	78	7	RscapeNested	0	14	0	0.0	1	0.0
RF00150	78	7	RscapeTotal	0	14	0	0.0	1	0.0
RF00150	78	7	SQUARNAs3u	0	18	0	0.0	1	0.0
RF00151	99	33	Rfam	0	4	0	0.0	1	0.0
RF00151	99	33	CentroidAlifold	0	5	0	0.0	1	0.0
RF00151	99	33	RNAalifold	0	10	0	0.0	1	0.0
RF00151	99	33	RscapeNested	0	7	0	0.0	1	0.0
RF00151	99	33	RscapeTotal	0	7	0	0.0	1	0.0
RF00151	99	33	SQUARNAs3u	0	18	0	0.0	1	0.0
RF00152	93	28	Rfam	0	7	0	0.0	1	0.0
RF00152	93	28	CentroidAlifold	0	7	0	0.0	1	0.0
RF00152	93	28	RNAalifold	0	8	0	0.0	1	0.0
RF00152	93	28	RscapeNested	0	11	0	0.0	1	0.0
RF00152	93	28	RscapeTotal	0	11	0	0.0	1	0.0
RF00152	93	28	SQUARNAs3u	0	13	0	0.0	1	0.0
RF00153	87	14	Rfam	0	4	0	0.0	1	0.0
RF00153	87	14	CentroidAlifold	0	5	0	0.0	1	0.0
RF00153	87	14	RNAalifold	0	13	0	0.0	1	0.0
RF00153	87	14	RscapeNested	0	17	0	0.0	1	0.0
RF00153	87	14	RscapeTotal	0	17	0	0.0	1	0.0
RF00153	87	14	SQUARNAs3u	0	29	0	0.0	1	0.0
RF00154	98	23	Rfam	0	4	0	0.0	1	0.0
RF00154	98	23	CentroidAlifold	0	10	0	0.0	1	0.0
RF00154	98	23	RNAalifold	0	13	0	0.0	1	0.0
RF00154	98	23	RscapeNested	0	13	0	0.0	1	0.0
RF00154	98	23	RscapeTotal	0	13	0	0.0	1	0.0
RF00154	98	23	SQUARNAs3u	0	21	0	0.0	1	0.0
RF00155	145	25	Rfam	0	23	0	0.0	1	0.0
RF00155	145	25	CentroidAlifold	0	25	0	0.0	1	0.0
RF00155	145	25	RNAalifold	0	30	0	0.0	1	0.0
RF00155	145	25	RscapeNested	0	30	0	0.0	1	0.0
RF00155	145	25	RscapeTotal	0	30	0	0.0	1	0.0
RF00155	145	25	SQUARNAs3u	0	40	0	0.0	1	0.0
RF00156	149	43	Rfam	0	21	0	0.0	1	0.0
RF00156	149	43	CentroidAlifold	0	28	0	0.0	1	0.0
RF00156	149	43	RNAalifold	0	29	0	0.0	1	0.0
RF00156	149	43	RscapeNested	0	36	0	0.0	1	0.0
RF00156	149	43	RscapeTotal	0	36	0	0.0	1	0.0
RF00156	149	43	SQUARNAs3u	0	43	0	0.0	1	0.0
RF00157	86	20	Rfam	0	4	0	0.0	1	0.0
RF00157	86	20	CentroidAlifold	0	8	0	0.0	1	0.0
RF00157	86	20	RNAalifold	0	12	0	0.0	1	0.0
RF00157	86	20	RscapeNested	0	17	0	0.0	1	0.0
RF00157	86	20	RscapeTotal	0	17	0	0.0	1	0.0
RF00157	86	20	SQUARNAs3u	0	19	0	0.0	1	0.0
RF00158	81	27	Rfam	0	5	0	0.0	1	0.0
RF00158	81	27	CentroidAlifold	0	5	0	0.0	1	0.0
RF00158	81	27	RNAalifold	0	5	0	0.0	1	0.0
RF00158	81	27	RscapeNested	0	9	0	0.0	1	0.0
RF00158	81	27	RscapeTotal	0	9	0	0.0	1	0.0
RF00158	81	27	SQUARNAs3u	0	14	0	0.0	1	0.0
RF00159	86	6	Rfam	0	4	1	0.0	0.0	0.0
RF00159	86	6	CentroidAlifold	0	12	1	0.0	0.0	0.0
RF00159	86	6	RNAalifold	0	18	1	0.0	0.0	0.0
RF00159	86	6	RscapeNested	0	13	1	0.0	0.0	0.0
RF00159	86	6	RscapeTotal	0	13	1	0.0	0.0	0.0
RF00159	86	6	SQUARNAs3u	0	21	1	0.0	0.0	0.0
RF00160	103	10	Rfam	0	4	0	0.0	1	0.0
RF00160	103	10	CentroidAlifold	0	14	0	0.0	1	0.0
RF00160	103	10	RNAalifold	0	15	0	0.0	1	0.0
RF00160	103	10	RscapeNested	0	21	0	0.0	1	0.0
RF00160	103	10	RscapeTotal	0	21	0	0.0	1	0.0
RF00160	103	10	SQUARNAs3u	0	26	0	0.0	1	0.0
RF00161	65	9	Rfam	0	21	0	0.0	1	0.0
RF00161	65	9	CentroidAlifold	0	19	0	0.0	1	0.0
RF00161	65	9	RNAalifold	0	16	0	0.0	1	0.0
RF00161	65	9	RscapeNested	0	18	0	0.0	1	0.0
RF00161	65	9	RscapeTotal	0	18	0	0.0	1	0.0
RF00161	65	9	SQUARNAs3u	0	27	0	0.0	1	0.0
RF00162	239	457	Rfam	23	14	4	0.622	0.852	0.719
RF00162	239	457	CentroidAlifold	14	10	13	0.583	0.519	0.549
RF00162	239	457	RNAalifold	14	10	13	0.583	0.519	0.549
RF00162	239	457	RscapeNested	21	16	6	0.568	0.778	0.656
RF00162	239	457	RscapeTotal	23	18	4	0.561	0.852	0.676
RF00162	239	457	SQUARNAs3u	22	16	5	0.579	0.815	0.677
RF00163	124	29	Rfam	0	14	0	0.0	1	0.0
RF00163	124	29	CentroidAlifold	0	4	0	0.0	1	0.0
RF00163	124	29	RNAalifold	0	4	0	0.0	1	0.0
RF00163	124	29	RscapeNested	0	5	0	0.0	1	0.0
RF00163	124	29	RscapeTotal	0	5	0	0.0	1	0.0
RF00163	124	29	SQUARNAs3u	0	13	0	0.0	1	0.0
RF00164	47	39	Rfam	2	10	0	0.167	1.0	0.286
RF00164	47	39	CentroidAlifold	2	10	0	0.167	1.0	0.286
RF00164	47	39	RNAalifold	2	11	0	0.154	1.0	0.267
RF00164	47	39	RscapeNested	2	9	0	0.182	1.0	0.308
RF00164	47	39	RscapeTotal	2	9	0	0.182	1.0	0.308
RF00164	47	39	SQUARNAs3u	2	14	0	0.125	1.0	0.222
RF00165	72	52	Rfam	8	7	2	0.533	0.8	0.64
RF00165	72	52	CentroidAlifold	5	5	5	0.5	0.5	0.5
RF00165	72	52	RNAalifold	5	5	5	0.5	0.5	0.5
RF00165	72	52	RscapeNested	7	8	3	0.467	0.7	0.56
RF00165	72	52	RscapeTotal	10	12	0	0.455	1.0	0.625
RF00165	72	52	SQUARNAs3u	8	11	2	0.421	0.8	0.552
RF00166	152	37	Rfam	0	34	0	0.0	1	0.0
RF00166	152	37	CentroidAlifold	0	24	0	0.0	1	0.0
RF00166	152	37	RNAalifold	0	21	0	0.0	1	0.0
RF00166	152	37	RscapeNested	0	38	0	0.0	1	0.0
RF00166	152	37	RscapeTotal	0	38	0	0.0	1	0.0
RF00166	152	37	SQUARNAs3u	0	39	0	0.0	1	0.0
RF00167	113	133	Rfam	16	6	0	0.727	1.0	0.842
RF00167	113	133	CentroidAlifold	14	4	2	0.778	0.875	0.824
RF00167	113	133	RNAalifold	14	4	2	0.778	0.875	0.824
RF00167	113	133	RscapeNested	16	6	0	0.727	1.0	0.842
RF00167	113	133	RscapeTotal	16	6	0	0.727	1.0	0.842
RF00167	113	133	SQUARNAs3u	16	13	0	0.552	1.0	0.711
RF00168	274	47	Rfam	20	33	0	0.377	1.0	0.548
RF00168	274	47	CentroidAlifold	19	27	1	0.413	0.95	0.576
RF00168	274	47	RNAalifold	20	28	0	0.417	1.0	0.588
RF00168	274	47	RscapeNested	20	24	0	0.455	1.0	0.625
RF00168	274	47	RscapeTotal	20	24	0	0.455	1.0	0.625
RF00168	274	47	SQUARNAs3u	20	36	0	0.357	1.0	0.526
RF00169	127	261	Rfam	26	7	3	0.788	0.897	0.839
RF00169	127	261	CentroidAlifold	22	1	7	0.957	0.759	0.846
RF00169	127	261	RNAalifold	22	1	7	0.957	0.759	0.846
RF00169	127	261	RscapeNested	29	4	0	0.879	1.0	0.935
RF00169	127	261	RscapeTotal	29	4	0	0.879	1.0	0.935
RF00169	127	261	SQUARNAs3u	29	5	0	0.853	1.0	0.921
RF00170	83	7	Rfam	0	15	0	0.0	1	0.0
RF00170	83	7	CentroidAlifold	0	12	0	0.0	1	0.0
RF00170	83	7	RNAalifold	0	15	0	0.0	1	0.0
RF00170	83	7	RscapeNested	0	15	0	0.0	1	0.0
RF00170	83	7	RscapeTotal	0	15	0	0.0	1	0.0
RF00170	83	7	SQUARNAs3u	0	16	0	0.0	1	0.0
RF00171	193	9	Rfam	0	34	0	0.0	1	0.0
RF00171	193	9	CentroidAlifold	0	31	0	0.0	1	0.0
RF00171	193	9	RNAalifold	0	38	0	0.0	1	0.0
RF00171	193	9	RscapeNested	0	30	0	0.0	1	0.0
RF00171	193	9	RscapeTotal	0	30	0	0.0	1	0.0
RF00171	193	9	SQUARNAs3u	0	55	0	0.0	1	0.0
RF00172	90	9	Rfam	0	12	0	0.0	1	0.0
RF00172	90	9	CentroidAlifold	0	4	0	0.0	1	0.0
RF00172	90	9	RNAalifold	0	4	0	0.0	1	0.0
RF00172	90	9	RscapeNested	0	4	0	0.0	1	0.0
RF00172	90	9	RscapeTotal	0	4	0	0.0	1	0.0
RF00172	90	9	SQUARNAs3u	0	15	0	0.0	1	0.0
RF00173	52	5	Rfam	0	8	0	0.0	1	0.0
RF00173	52	5	CentroidAlifold	0	9	0	0.0	1	0.0
RF00173	52	5	RNAalifold	0	12	0	0.0	1	0.0
RF00173	52	5	RscapeNested	0	11	0	0.0	1	0.0
RF00173	52	5	RscapeTotal	0	11	0	0.0	1	0.0
RF00173	52	5	SQUARNAs3u	0	16	0	0.0	1	0.0
RF00174	440	433	Rfam	31	14	14	0.689	0.689	0.689
RF00174	440	433	CentroidAlifold	20	9	25	0.69	0.444	0.541
RF00174	440	433	RNAalifold	19	9	26	0.679	0.422	0.521
RF00174	440	433	RscapeNested	37	24	8	0.607	0.822	0.698
RF00174	440	433	RscapeTotal	38	24	7	0.613	0.844	0.71
RF00174	440	433	SQUARNAs3u	34	21	11	0.618	0.756	0.68
RF00175	47	70	Rfam	0	11	0	0.0	1	0.0
RF00175	47	70	CentroidAlifold	0	10	0	0.0	1	0.0
RF00175	47	70	RNAalifold	0	10	0	0.0	1	0.0
RF00175	47	70	RscapeNested	0	11	0	0.0	1	0.0
RF00175	47	70	RscapeTotal	0	11	0	0.0	1	0.0
RF00175	47	70	SQUARNAs3u	0	11	0	0.0	1	0.0
RF00176	92	18	Rfam	0	25	0	0.0	1	0.0
RF00176	92	18	CentroidAlifold	0	19	0	0.0	1	0.0
RF00176	92	18	RNAalifold	0	22	0	0.0	1	0.0
RF00176	92	18	RscapeNested	0	17	0	0.0	1	0.0
RF00176	92	18	RscapeTotal	0	17	0	0.0	1	0.0
RF00176	92	18	SQUARNAs3u	0	31	0	0.0	1	0.0
RF00177	1980	99	Rfam	166	296	1	0.359	0.994	0.528
RF00177	1980	99	CentroidAlifold	157	238	10	0.397	0.94	0.559
RF00177	1980	99	RNAalifold	159	244	8	0.395	0.952	0.558
RF00177	1980	99	RscapeNested	167	295	0	0.361	1.0	0.531
RF00177	1980	99	RscapeTotal	167	295	0	0.361	1.0	0.531
RF00177	1980	99	SQUARNAs3u	150	313	17	0.324	0.898	0.476
RF00178	76	63	Rfam	0	23	0	0.0	1	0.0
RF00178	76	63	CentroidAlifold	0	16	0	0.0	1	0.0
RF00178	76	63	RNAalifold	0	15	0	0.0	1	0.0
RF00178	76	63	RscapeNested	0	26	0	0.0	1	0.0
RF00178	76	63	RscapeTotal	0	26	0	0.0	1	0.0
RF00178	76	63	SQUARNAs3u	0	23	0	0.0	1	0.0
RF00179	71	8	Rfam	0	18	2	0.0	0.0	0.0
RF00179	71	8	CentroidAlifold	0	10	2	0.0	0.0	0.0
RF00179	71	8	RNAalifold	0	18	2	0.0	0.0	0.0
RF00179	71	8	RscapeNested	0	12	2	0.0	0.0	0.0
RF00179	71	8	RscapeTotal	0	12	2	0.0	0.0	0.0
RF00179	71	8	SQUARNAs3u	0	21	2	0.0	0.0	0.0
RF00180	37	13	Rfam	0	6	0	0.0	1	0.0
RF00180	37	13	CentroidAlifold	0	0	0	1	1	1
RF00180	37	13	RNAalifold	0	0	0	1	1	1
RF00180	37	13	RscapeNested	0	0	0	1	1	1
RF00180	37	13	RscapeTotal	0	0	0	1	1	1
RF00180	37	13	SQUARNAs3u	0	13	0	0.0	1	0.0
RF00181	109	59	Rfam	0	5	0	0.0	1	0.0
RF00181	109	59	CentroidAlifold	0	4	0	0.0	1	0.0
RF00181	109	59	RNAalifold	0	0	0	1	1	1
RF00181	109	59	RscapeNested	0	0	0	1	1	1
RF00181	109	59	RscapeTotal	0	0	0	1	1	1
RF00181	109	59	SQUARNAs3u	0	14	0	0.0	1	0.0
RF00182	110	6	Rfam	0	27	0	0.0	1	0.0
RF00182	110	6	CentroidAlifold	0	26	0	0.0	1	0.0
RF00182	110	6	RNAalifold	0	32	0	0.0	1	0.0
RF00182	110	6	RscapeNested	0	34	0	0.0	1	0.0
RF00182	110	6	RscapeTotal	0	34	0	0.0	1	0.0
RF00182	110	6	SQUARNAs3u	0	31	0	0.0	1	0.0
RF00183	100	16	Rfam	0	26	0	0.0	1	0.0
RF00183	100	16	CentroidAlifold	0	22	0	0.0	1	0.0
RF00183	100	16	RNAalifold	0	28	0	0.0	1	0.0
RF00183	100	16	RscapeNested	0	30	0	0.0	1	0.0
RF00183	100	16	RscapeTotal	0	30	0	0.0	1	0.0
RF00183	100	16	SQUARNAs3u	0	31	0	0.0	1	0.0
RF00184	54	4	Rfam	0	8	0	0.0	1	0.0
RF00184	54	4	CentroidAlifold	0	8	0	0.0	1	0.0
RF00184	54	4	RNAalifold	0	8	0	0.0	1	0.0
RF00184	54	4	RscapeNested	0	8	0	0.0	1	0.0
RF00184	54	4	RscapeTotal	0	8	0	0.0	1	0.0
RF00184	54	4	SQUARNAs3u	0	14	0	0.0	1	0.0
RF00185	118	84	Rfam	1	23	0	0.042	1.0	0.08
RF00185	118	84	CentroidAlifold	1	16	0	0.059	1.0	0.111
RF00185	118	84	RNAalifold	1	16	0	0.059	1.0	0.111
RF00185	118	84	RscapeNested	1	23	0	0.042	1.0	0.08
RF00185	118	84	RscapeTotal	1	23	0	0.042	1.0	0.08
RF00185	118	84	SQUARNAs3u	1	33	0	0.029	1.0	0.057
RF00186	90	26	Rfam	0	5	0	0.0	1	0.0
RF00186	90	26	CentroidAlifold	0	15	0	0.0	1	0.0
RF00186	90	26	RNAalifold	0	15	0	0.0	1	0.0
RF00186	90	26	RscapeNested	0	15	0	0.0	1	0.0
RF00186	90	26	RscapeTotal	0	15	0	0.0	1	0.0
RF00186	90	26	SQUARNAs3u	0	18	0	0.0	1	0.0
RF00187	75	11	Rfam	0	5	0	0.0	1	0.0
RF00187	75	11	CentroidAlifold	0	8	0	0.0	1	0.0
RF00187	75	11	RNAalifold	0	12	0	0.0	1	0.0
RF00187	75	11	RscapeNested	0	21	0	0.0	1	0.0
RF00187	75	11	RscapeTotal	0	21	0	0.0	1	0.0
RF00187	75	11	SQUARNAs3u	0	22	0	0.0	1	0.0
RF00188	92	41	Rfam	0	6	0	0.0	1	0.0
RF00188	92	41	CentroidAlifold	0	8	0	0.0	1	0.0
RF00188	92	41	RNAalifold	0	12	0	0.0	1	0.0
RF00188	92	41	RscapeNested	0	21	0	0.0	1	0.0
RF00188	92	41	RscapeTotal	0	21	0	0.0	1	0.0
RF00188	92	41	SQUARNAs3u	0	17	0	0.0	1	0.0
RF00189	68	7	Rfam	0	4	0	0.0	1	0.0
RF00189	68	7	CentroidAlifold	0	12	0	0.0	1	0.0
RF00189	68	7	RNAalifold	0	20	0	0.0	1	0.0
RF00189	68	7	RscapeNested	0	18	0	0.0	1	0.0
RF00189	68	7	RscapeTotal	0	18	0	0.0	1	0.0
RF00189	68	7	SQUARNAs3u	0	18	0	0.0	1	0.0
RF00190	169	29	Rfam	0	22	0	0.0	1	0.0
RF00190	169	29	CentroidAlifold	0	16	0	0.0	1	0.0
RF00190	169	29	RNAalifold	0	10	0	0.0	1	0.0
RF00190	169	29	RscapeNested	0	38	0	0.0	1	0.0
RF00190	169	29	RscapeTotal	0	38	0	0.0	1	0.0
RF00190	169	29	SQUARNAs3u	0	36	0	0.0	1	0.0
RF00191	160	26	Rfam	0	28	0	0.0	1	0.0
RF00191	160	26	CentroidAlifold	0	32	0	0.0	1	0.0
RF00191	160	26	RNAalifold	0	34	0	0.0	1	0.0
RF00191	160	26	RscapeNested	0	45	0	0.0	1	0.0
RF00191	160	26	RscapeTotal	0	45	0	0.0	1	0.0
RF00191	160	26	SQUARNAs3u	0	46	0	0.0	1	0.0
RF00192	55	5	Rfam	0	12	0	0.0	1	0.0
RF00192	55	5	CentroidAlifold	0	0	0	1	1	1
RF00192	55	5	RNAalifold	0	10	0	0.0	1	0.0
RF00192	55	5	RscapeNested	0	11	0	0.0	1	0.0
RF00192	55	5	RscapeTotal	0	11	0	0.0	1	0.0
RF00192	55	5	SQUARNAs3u	0	12	0	0.0	1	0.0
RF00193	275	9	Rfam	0	73	0	0.0	1	0.0
RF00193	275	9	CentroidAlifold	0	51	0	0.0	1	0.0
RF00193	275	9	RNAalifold	0	81	0	0.0	1	0.0
RF00193	275	9	RscapeNested	0	57	0	0.0	1	0.0
RF00193	275	9	RscapeTotal	0	57	0	0.0	1	0.0
RF00193	275	9	SQUARNAs3u	0	93	0	0.0	1	0.0
RF00194	68	25	Rfam	0	20	0	0.0	1	0.0
RF00194	68	25	CentroidAlifold	0	20	0	0.0	1	0.0
RF00194	68	25	RNAalifold	0	19	0	0.0	1	0.0
RF00194	68	25	RscapeNested	0	20	0	0.0	1	0.0
RF00194	68	25	RscapeTotal	0	20	0	0.0	1	0.0
RF00194	68	25	SQUARNAs3u	0	20	0	0.0	1	0.0
RF00195	134	11	Rfam	0	19	1	0.0	0.0	0.0
RF00195	134	11	CentroidAlifold	0	14	1	0.0	0.0	0.0
RF00195	134	11	RNAalifold	0	21	1	0.0	0.0	0.0
RF00195	134	11	RscapeNested	1	21	0	0.045	1.0	0.087
RF00195	134	11	RscapeTotal	1	21	0	0.045	1.0	0.087
RF00195	134	11	SQUARNAs3u	0	33	1	0.0	0.0	0.0
RF00196	35	6	Rfam	0	12	0	0.0	1	0.0
RF00196	35	6	CentroidAlifold	0	10	0	0.0	1	0.0
RF00196	35	6	RNAalifold	0	10	0	0.0	1	0.0
RF00196	35	6	RscapeNested	0	12	0	0.0	1	0.0
RF00196	35	6	RscapeTotal	0	12	0	0.0	1	0.0
RF00196	35	6	SQUARNAs3u	0	12	0	0.0	1	0.0
RF00198	106	28	Rfam	0	24	0	0.0	1	0.0
RF00198	106	28	CentroidAlifold	0	31	0	0.0	1	0.0
RF00198	106	28	RNAalifold	0	33	0	0.0	1	0.0
RF00198	106	28	RscapeNested	0	33	0	0.0	1	0.0
RF00198	106	28	RscapeTotal	0	33	0	0.0	1	0.0
RF00198	106	28	SQUARNAs3u	0	42	0	0.0	1	0.0
RF00199	130	30	Rfam	0	28	0	0.0	1	0.0
RF00199	130	30	CentroidAlifold	0	21	0	0.0	1	0.0
RF00199	130	30	RNAalifold	0	23	0	0.0	1	0.0
RF00199	130	30	RscapeNested	0	27	0	0.0	1	0.0
RF00199	130	30	RscapeTotal	0	27	0	0.0	1	0.0
RF00199	130	30	SQUARNAs3u	0	33	0	0.0	1	0.0
RF00200	107	17	Rfam	1	9	0	0.1	1.0	0.182
RF00200	107	17	CentroidAlifold	0	6	1	0.0	0.0	0.0
RF00200	107	17	RNAalifold	0	14	1	0.0	0.0	0.0
RF00200	107	17	RscapeNested	1	9	0	0.1	1.0	0.182
RF00200	107	17	RscapeTotal	1	9	0	0.1	1.0	0.182
RF00200	107	17	SQUARNAs3u	1	27	0	0.036	1.0	0.069
RF00201	115	7	Rfam	0	8	0	0.0	1	0.0
RF00201	115	7	CentroidAlifold	0	29	0	0.0	1	0.0
RF00201	115	7	RNAalifold	0	35	0	0.0	1	0.0
RF00201	115	7	RscapeNested	0	30	0	0.0	1	0.0
RF00201	115	7	RscapeTotal	0	30	0	0.0	1	0.0
RF00201	115	7	SQUARNAs3u	0	38	0	0.0	1	0.0
RF00202	78	6	Rfam	0	6	0	0.0	1	0.0
RF00202	78	6	CentroidAlifold	0	0	0	1	1	1
RF00202	78	6	RNAalifold	0	14	0	0.0	1	0.0
RF00202	78	6	RscapeNested	0	10	0	0.0	1	0.0
RF00202	78	6	RscapeTotal	0	10	0	0.0	1	0.0
RF00202	78	6	SQUARNAs3u	0	26	0	0.0	1	0.0
RF00203	96	9	Rfam	0	5	0	0.0	1	0.0
RF00203	96	9	CentroidAlifold	0	4	0	0.0	1	0.0
RF00203	96	9	RNAalifold	0	10	0	0.0	1	0.0
RF00203	96	9	RscapeNested	0	12	0	0.0	1	0.0
RF00203	96	9	RscapeTotal	0	12	0	0.0	1	0.0
RF00203	96	9	SQUARNAs3u	0	13	0	0.0	1	0.0
RF00204	93	9	Rfam	0	5	0	0.0	1	0.0
RF00204	93	9	CentroidAlifold	0	10	0	0.0	1	0.0
RF00204	93	9	RNAalifold	0	13	0	0.0	1	0.0
RF00204	93	9	RscapeNested	0	15	0	0.0	1	0.0
RF00204	93	9	RscapeTotal	0	15	0	0.0	1	0.0
RF00204	93	9	SQUARNAs3u	0	18	0	0.0	1	0.0
RF00205	111	7	Rfam	0	6	0	0.0	1	0.0
RF00205	111	7	CentroidAlifold	0	24	0	0.0	1	0.0
RF00205	111	7	RNAalifold	0	29	0	0.0	1	0.0
RF00205	111	7	RscapeNested	0	15	0	0.0	1	0.0
RF00205	111	7	RscapeTotal	0	15	0	0.0	1	0.0
RF00205	111	7	SQUARNAs3u	0	34	0	0.0	1	0.0
RF00206	96	21	Rfam	0	5	1	0.0	0.0	0.0
RF00206	96	21	CentroidAlifold	0	5	1	0.0	0.0	0.0
RF00206	96	21	RNAalifold	0	5	1	0.0	0.0	0.0
RF00206	96	21	RscapeNested	1	9	0	0.1	1.0	0.182
RF00206	96	21	RscapeTotal	1	9	0	0.1	1.0	0.182
RF00206	96	21	SQUARNAs3u	0	16	1	0.0	0.0	0.0
RF00207	48	10	Rfam	0	18	0	0.0	1	0.0
RF00207	48	10	CentroidAlifold	0	19	0	0.0	1	0.0
RF00207	48	10	RNAalifold	0	19	0	0.0	1	0.0
RF00207	48	10	RscapeNested	0	19	0	0.0	1	0.0
RF00207	48	10	RscapeTotal	0	19	0	0.0	1	0.0
RF00207	48	10	SQUARNAs3u	0	19	0	0.0	1	0.0
RF00208	87	5	Rfam	0	9	0	0.0	1	0.0
RF00208	87	5	CentroidAlifold	0	8	0	0.0	1	0.0
RF00208	87	5	RNAalifold	0	23	0	0.0	1	0.0
RF00208	87	5	RscapeNested	0	22	0	0.0	1	0.0
RF00208	87	5	RscapeTotal	0	22	0	0.0	1	0.0
RF00208	87	5	SQUARNAs3u	0	27	0	0.0	1	0.0
RF00209	286	25	Rfam	1	74	0	0.013	1.0	0.026
RF00209	286	25	CentroidAlifold	1	78	0	0.013	1.0	0.025
RF00209	286	25	RNAalifold	1	85	0	0.012	1.0	0.023
RF00209	286	25	RscapeNested	1	53	0	0.019	1.0	0.036
RF00209	286	25	RscapeTotal	1	53	0	0.019	1.0	0.036
RF00209	286	25	SQUARNAs3u	1	94	0	0.011	1.0	0.021
RF00210	569	92	Rfam	2	120	0	0.016	1.0	0.032
RF00210	569	92	CentroidAlifold	2	105	0	0.019	1.0	0.037
RF00210	569	92	RNAalifold	2	120	0	0.016	1.0	0.032
RF00210	569	92	RscapeNested	2	103	0	0.019	1.0	0.037
RF00210	569	92	RscapeTotal	2	103	0	0.019	1.0	0.037
RF00210	569	92	SQUARNAs3u	2	125	0	0.016	1.0	0.031
RF00211	95	8	Rfam	0	4	0	0.0	1	0.0
RF00211	95	8	CentroidAlifold	0	6	0	0.0	1	0.0
RF00211	95	8	RNAalifold	0	15	0	0.0	1	0.0
RF00211	95	8	RscapeNested	0	19	0	0.0	1	0.0
RF00211	95	8	RscapeTotal	0	19	0	0.0	1	0.0
RF00211	95	8	SQUARNAs3u	0	19	0	0.0	1	0.0
RF00212	74	7	Rfam	0	8	1	0.0	0.0	0.0
RF00212	74	7	CentroidAlifold	0	5	1	0.0	0.0	0.0
RF00212	74	7	RNAalifold	0	4	1	0.0	0.0	0.0
RF00212	74	7	RscapeNested	1	10	0	0.091	1.0	0.167
RF00212	74	7	RscapeTotal	1	10	0	0.091	1.0	0.167
RF00212	74	7	SQUARNAs3u	0	21	1	0.0	0.0	0.0
RF00213	114	19	Rfam	1	6	0	0.143	1.0	0.25
RF00213	114	19	CentroidAlifold	1	5	0	0.167	1.0	0.286
RF00213	114	19	RNAalifold	1	6	0	0.143	1.0	0.25
RF00213	114	19	RscapeNested	1	10	0	0.091	1.0	0.167
RF00213	114	19	RscapeTotal	1	10	0	0.091	1.0	0.167
RF00213	114	19	SQUARNAs3u	1	19	0	0.05	1.0	0.095
RF00214	95	26	Rfam	0	22	0	0.0	1	0.0
RF00214	95	26	CentroidAlifold	0	15	0	0.0	1	0.0
RF00214	95	26	RNAalifold	0	22	0	0.0	1	0.0
RF00214	95	26	RscapeNested	0	16	0	0.0	1	0.0
RF00214	95	26	RscapeTotal	0	16	0	0.0	1	0.0
RF00214	95	26	SQUARNAs3u	0	32	0	0.0	1	0.0
RF00215	72	28	Rfam	0	14	0	0.0	1	0.0
RF00215	72	28	CentroidAlifold	0	9	0	0.0	1	0.0
RF00215	72	28	RNAalifold	0	10	0	0.0	1	0.0
RF00215	72	28	RscapeNested	0	6	0	0.0	1	0.0
RF00215	72	28	RscapeTotal	0	6	0	0.0	1	0.0
RF00215	72	28	SQUARNAs3u	0	17	0	0.0	1	0.0
RF00216	310	23	Rfam	0	73	0	0.0	1	0.0
RF00216	310	23	CentroidAlifold	0	41	0	0.0	1	0.0
RF00216	310	23	RNAalifold	0	91	0	0.0	1	0.0
RF00216	310	23	RscapeNested	0	90	0	0.0	1	0.0
RF00216	310	23	RscapeTotal	0	90	0	0.0	1	0.0
RF00216	310	23	SQUARNAs3u	0	100	0	0.0	1	0.0
RF00217	84	13	Rfam	0	4	0	0.0	1	0.0
RF00217	84	13	CentroidAlifold	0	10	0	0.0	1	0.0
RF00217	84	13	RNAalifold	0	17	0	0.0	1	0.0
RF00217	84	13	RscapeNested	0	12	0	0.0	1	0.0
RF00217	84	13	RscapeTotal	0	12	0	0.0	1	0.0
RF00217	84	13	SQUARNAs3u	0	24	0	0.0	1	0.0
RF00218	105	5	Rfam	0	6	0	0.0	1	0.0
RF00218	105	5	CentroidAlifold	0	24	0	0.0	1	0.0
RF00218	105	5	RNAalifold	0	27	0	0.0	1	0.0
RF00218	105	5	RscapeNested	0	22	0	0.0	1	0.0
RF00218	105	5	RscapeTotal	0	22	0	0.0	1	0.0
RF00218	105	5	SQUARNAs3u	0	31	0	0.0	1	0.0
RF00220	86	12	Rfam	0	21	0	0.0	1	0.0
RF00220	86	12	CentroidAlifold	0	10	0	0.0	1	0.0
RF00220	86	12	RNAalifold	0	14	0	0.0	1	0.0
RF00220	86	12	RscapeNested	0	17	0	0.0	1	0.0
RF00220	86	12	RscapeTotal	0	17	0	0.0	1	0.0
RF00220	86	12	SQUARNAs3u	0	20	0	0.0	1	0.0
RF00221	64	4	Rfam	0	4	0	0.0	1	0.0
RF00221	64	4	CentroidAlifold	0	0	0	1	1	1
RF00221	64	4	RNAalifold	0	17	0	0.0	1	0.0
RF00221	64	4	RscapeNested	0	19	0	0.0	1	0.0
RF00221	64	4	RscapeTotal	0	19	0	0.0	1	0.0
RF00221	64	4	SQUARNAs3u	0	23	0	0.0	1	0.0
RF00222	389	15	Rfam	0	52	0	0.0	1	0.0
RF00222	389	15	CentroidAlifold	0	24	0	0.0	1	0.0
RF00222	389	15	RNAalifold	0	76	0	0.0	1	0.0
RF00222	389	15	RscapeNested	0	98	0	0.0	1	0.0
RF00222	389	15	RscapeTotal	0	98	0	0.0	1	0.0
RF00222	389	15	SQUARNAs3u	0	81	0	0.0	1	0.0
RF00223	277	9	Rfam	0	33	0	0.0	1	0.0
RF00223	277	9	CentroidAlifold	0	11	0	0.0	1	0.0
RF00223	277	9	RNAalifold	0	51	0	0.0	1	0.0
RF00223	277	9	RscapeNested	0	72	0	0.0	1	0.0
RF00223	277	9	RscapeTotal	0	72	0	0.0	1	0.0
RF00223	277	9	SQUARNAs3u	0	78	0	0.0	1	0.0
RF00224	507	6	Rfam	0	96	0	0.0	1	0.0
RF00224	507	6	CentroidAlifold	0	82	0	0.0	1	0.0
RF00224	507	6	RNAalifold	0	160	0	0.0	1	0.0
RF00224	507	6	RscapeNested	0	163	0	0.0	1	0.0
RF00224	507	6	RscapeTotal	0	163	0	0.0	1	0.0
RF00224	507	6	SQUARNAs3u	0	132	0	0.0	1	0.0
RF00225	154	7	Rfam	0	26	0	0.0	1	0.0
RF00225	154	7	CentroidAlifold	0	8	0	0.0	1	0.0
RF00225	154	7	RNAalifold	0	27	0	0.0	1	0.0
RF00225	154	7	RscapeNested	0	22	0	0.0	1	0.0
RF00225	154	7	RscapeTotal	0	22	0	0.0	1	0.0
RF00225	154	7	SQUARNAs3u	0	45	0	0.0	1	0.0
RF00226	329	6	Rfam	0	36	0	0.0	1	0.0
RF00226	329	6	CentroidAlifold	0	11	0	0.0	1	0.0
RF00226	329	6	RNAalifold	0	71	0	0.0	1	0.0
RF00226	329	6	RscapeNested	0	104	0	0.0	1	0.0
RF00226	329	6	RscapeTotal	0	104	0	0.0	1	0.0
RF00226	329	6	SQUARNAs3u	0	111	0	0.0	1	0.0
RF00227	92	5	Rfam	0	9	0	0.0	1	0.0
RF00227	92	5	CentroidAlifold	0	1	0	0.0	1	0.0
RF00227	92	5	RNAalifold	0	7	0	0.0	1	0.0
RF00227	92	5	RscapeNested	0	0	0	1	1	1
RF00227	92	5	RscapeTotal	0	0	0	1	1	1
RF00227	92	5	SQUARNAs3u	0	10	0	0.0	1	0.0
RF00228	578	23	Rfam	0	102	0	0.0	1	0.0
RF00228	578	23	CentroidAlifold	0	76	0	0.0	1	0.0
RF00228	578	23	RNAalifold	0	172	0	0.0	1	0.0
RF00228	578	23	RscapeNested	0	152	0	0.0	1	0.0
RF00228	578	23	RscapeTotal	0	152	0	0.0	1	0.0
RF00228	578	23	SQUARNAs3u	0	176	0	0.0	1	0.0
RF00229	260	92	Rfam	3	58	0	0.049	1.0	0.094
RF00229	260	92	CentroidAlifold	3	34	0	0.081	1.0	0.15
RF00229	260	92	RNAalifold	3	52	0	0.055	1.0	0.103
RF00229	260	92	RscapeNested	3	62	0	0.046	1.0	0.088
RF00229	260	92	RscapeTotal	3	62	0	0.046	1.0	0.088
RF00229	260	92	SQUARNAs3u	3	74	0	0.039	1.0	0.075
RF00230	556	48	Rfam	33	14	1	0.702	0.971	0.815
RF00230	556	48	CentroidAlifold	30	16	4	0.652	0.882	0.75
RF00230	556	48	RNAalifold	34	16	0	0.68	1.0	0.81
RF00230	556	48	RscapeNested	34	11	0	0.756	1.0	0.861
RF00230	556	48	RscapeTotal	34	11	0	0.756	1.0	0.861
RF00230	556	48	SQUARNAs3u	34	24	0	0.586	1.0	0.739
RF00231	299	24	Rfam	0	62	0	0.0	1	0.0
RF00231	299	24	CentroidAlifold	0	47	0	0.0	1	0.0
RF00231	299	24	RNAalifold	0	58	0	0.0	1	0.0
RF00231	299	24	RscapeNested	0	76	0	0.0	1	0.0
RF00231	299	24	RscapeTotal	0	76	0	0.0	1	0.0
RF00231	299	24	SQUARNAs3u	0	86	0	0.0	1	0.0
RF00232	170	5	Rfam	0	53	0	0.0	1	0.0
RF00232	170	5	CentroidAlifold	0	14	0	0.0	1	0.0
RF00232	170	5	RNAalifold	0	55	0	0.0	1	0.0
RF00232	170	5	RscapeNested	0	50	0	0.0	1	0.0
RF00232	170	5	RscapeTotal	0	50	0	0.0	1	0.0
RF00232	170	5	SQUARNAs3u	0	61	0	0.0	1	0.0
RF00233	92	28	Rfam	7	16	0	0.304	1.0	0.467
RF00233	92	28	CentroidAlifold	7	12	0	0.368	1.0	0.538
RF00233	92	28	RNAalifold	7	12	0	0.368	1.0	0.538
RF00233	92	28	RscapeNested	7	15	0	0.318	1.0	0.483
RF00233	92	28	RscapeTotal	7	15	0	0.318	1.0	0.483
RF00233	92	28	SQUARNAs3u	7	22	0	0.241	1.0	0.389
RF00234	236	18	Rfam	3	35	0	0.079	1.0	0.146
RF00234	236	18	CentroidAlifold	3	32	0	0.086	1.0	0.158
RF00234	236	18	RNAalifold	3	35	0	0.079	1.0	0.146
RF00234	236	18	RscapeNested	3	35	0	0.079	1.0	0.146
RF00234	236	18	RscapeTotal	3	35	0	0.079	1.0	0.146
RF00234	236	18	SQUARNAs3u	3	44	0	0.064	1.0	0.12
RF00235	131	7	Rfam	0	41	0	0.0	1	0.0
RF00235	131	7	CentroidAlifold	0	40	0	0.0	1	0.0
RF00235	131	7	RNAalifold	0	46	0	0.0	1	0.0
RF00235	131	7	RscapeNested	0	42	0	0.0	1	0.0
RF00235	131	7	RscapeTotal	0	42	0	0.0	1	0.0
RF00235	131	7	SQUARNAs3u	0	52	0	0.0	1	0.0
RF00236	88	15	Rfam	0	24	0	0.0	1	0.0
RF00236	88	15	CentroidAlifold	0	24	0	0.0	1	0.0
RF00236	88	15	RNAalifold	0	23	0	0.0	1	0.0
RF00236	88	15	RscapeNested	0	27	0	0.0	1	0.0
RF00236	88	15	RscapeTotal	0	27	0	0.0	1	0.0
RF00236	88	15	SQUARNAs3u	0	27	0	0.0	1	0.0
RF00237	67	43	Rfam	0	19	0	0.0	1	0.0
RF00237	67	43	CentroidAlifold	0	18	0	0.0	1	0.0
RF00237	67	43	RNAalifold	0	17	0	0.0	1	0.0
RF00237	67	43	RscapeNested	0	13	0	0.0	1	0.0
RF00237	67	43	RscapeTotal	0	13	0	0.0	1	0.0
RF00237	67	43	SQUARNAs3u	0	21	0	0.0	1	0.0
RF00238	95	48	Rfam	1	22	1	0.043	0.5	0.08
RF00238	95	48	CentroidAlifold	2	16	0	0.111	1.0	0.2
RF00238	95	48	RNAalifold	2	16	0	0.111	1.0	0.2
RF00238	95	48	RscapeNested	1	22	1	0.043	0.5	0.08
RF00238	95	48	RscapeTotal	1	22	1	0.043	0.5	0.08
RF00238	95	48	SQUARNAs3u	1	24	1	0.04	0.5	0.074
RF00239	92	56	Rfam	0	21	0	0.0	1	0.0
RF00239	92	56	CentroidAlifold	0	21	0	0.0	1	0.0
RF00239	92	56	RNAalifold	0	19	0	0.0	1	0.0
RF00239	92	56	RscapeNested	0	28	0	0.0	1	0.0
RF00239	92	56	RscapeTotal	0	28	0	0.0	1	0.0
RF00239	92	56	SQUARNAs3u	0	28	0	0.0	1	0.0
RF00240	77	16	Rfam	0	20	0	0.0	1	0.0
RF00240	77	16	CentroidAlifold	0	14	0	0.0	1	0.0
RF00240	77	16	RNAalifold	0	14	0	0.0	1	0.0
RF00240	77	16	RscapeNested	0	26	0	0.0	1	0.0
RF00240	77	16	RscapeTotal	0	26	0	0.0	1	0.0
RF00240	77	16	SQUARNAs3u	0	22	0	0.0	1	0.0
RF00241	87	164	Rfam	0	26	0	0.0	1	0.0
RF00241	87	164	CentroidAlifold	0	18	0	0.0	1	0.0
RF00241	87	164	RNAalifold	0	9	0	0.0	1	0.0
RF00241	87	164	RscapeNested	0	26	0	0.0	1	0.0
RF00241	87	164	RscapeTotal	0	26	0	0.0	1	0.0
RF00241	87	164	SQUARNAs3u	0	26	0	0.0	1	0.0
RF00242	115	16	Rfam	0	20	0	0.0	1	0.0
RF00242	115	16	CentroidAlifold	0	11	0	0.0	1	0.0
RF00242	115	16	RNAalifold	0	13	0	0.0	1	0.0
RF00242	115	16	RscapeNested	0	27	0	0.0	1	0.0
RF00242	115	16	RscapeTotal	0	27	0	0.0	1	0.0
RF00242	115	16	SQUARNAs3u	0	34	0	0.0	1	0.0
RF00243	111	6	Rfam	0	27	0	0.0	1	0.0
RF00243	111	6	CentroidAlifold	0	28	0	0.0	1	0.0
RF00243	111	6	RNAalifold	0	28	0	0.0	1	0.0
RF00243	111	6	RscapeNested	0	29	0	0.0	1	0.0
RF00243	111	6	RscapeTotal	0	29	0	0.0	1	0.0
RF00243	111	6	SQUARNAs3u	0	32	0	0.0	1	0.0
RF00244	84	82	Rfam	0	29	0	0.0	1	0.0
RF00244	84	82	CentroidAlifold	0	21	0	0.0	1	0.0
RF00244	84	82	RNAalifold	0	14	0	0.0	1	0.0
RF00244	84	82	RscapeNested	0	34	0	0.0	1	0.0
RF00244	84	82	RscapeTotal	0	34	0	0.0	1	0.0
RF00244	84	82	SQUARNAs3u	0	30	0	0.0	1	0.0
RF00245	84	46	Rfam	0	22	0	0.0	1	0.0
RF00245	84	46	CentroidAlifold	0	23	0	0.0	1	0.0
RF00245	84	46	RNAalifold	0	22	0	0.0	1	0.0
RF00245	84	46	RscapeNested	0	25	0	0.0	1	0.0
RF00245	84	46	RscapeTotal	0	25	0	0.0	1	0.0
RF00245	84	46	SQUARNAs3u	0	28	0	0.0	1	0.0
RF00246	92	32	Rfam	0	28	0	0.0	1	0.0
RF00246	92	32	CentroidAlifold	0	27	0	0.0	1	0.0
RF00246	92	32	RNAalifold	0	26	0	0.0	1	0.0
RF00246	92	32	RscapeNested	0	34	0	0.0	1	0.0
RF00246	92	32	RscapeTotal	0	34	0	0.0	1	0.0
RF00246	92	32	SQUARNAs3u	0	36	0	0.0	1	0.0
RF00247	137	7	Rfam	0	25	0	0.0	1	0.0
RF00247	137	7	CentroidAlifold	0	26	0	0.0	1	0.0
RF00247	137	7	RNAalifold	0	27	0	0.0	1	0.0
RF00247	137	7	RscapeNested	0	31	0	0.0	1	0.0
RF00247	137	7	RscapeTotal	0	31	0	0.0	1	0.0
RF00247	137	7	SQUARNAs3u	0	35	0	0.0	1	0.0
RF00248	89	70	Rfam	0	21	0	0.0	1	0.0
RF00248	89	70	CentroidAlifold	0	21	0	0.0	1	0.0
RF00248	89	70	RNAalifold	0	21	0	0.0	1	0.0
RF00248	89	70	RscapeNested	0	30	0	0.0	1	0.0
RF00248	89	70	RscapeTotal	0	30	0	0.0	1	0.0
RF00248	89	70	SQUARNAs3u	0	26	0	0.0	1	0.0
RF00249	98	57	Rfam	0	17	0	0.0	1	0.0
RF00249	98	57	CentroidAlifold	0	20	0	0.0	1	0.0
RF00249	98	57	RNAalifold	0	17	0	0.0	1	0.0
RF00249	98	57	RscapeNested	0	31	0	0.0	1	0.0
RF00249	98	57	RscapeTotal	0	31	0	0.0	1	0.0
RF00249	98	57	SQUARNAs3u	0	28	0	0.0	1	0.0
RF00250	61	45	Rfam	0	24	0	0.0	1	0.0
RF00250	61	45	CentroidAlifold	0	18	0	0.0	1	0.0
RF00250	61	45	RNAalifold	0	13	0	0.0	1	0.0
RF00250	61	45	RscapeNested	0	24	0	0.0	1	0.0
RF00250	61	45	RscapeTotal	0	24	0	0.0	1	0.0
RF00250	61	45	SQUARNAs3u	0	23	0	0.0	1	0.0
RF00251	76	13	Rfam	0	17	0	0.0	1	0.0
RF00251	76	13	CentroidAlifold	0	21	0	0.0	1	0.0
RF00251	76	13	RNAalifold	0	21	0	0.0	1	0.0
RF00251	76	13	RscapeNested	0	21	0	0.0	1	0.0
RF00251	76	13	RscapeTotal	0	21	0	0.0	1	0.0
RF00251	76	13	SQUARNAs3u	0	26	0	0.0	1	0.0
RF00252	190	18	Rfam	0	56	0	0.0	1	0.0
RF00252	190	18	CentroidAlifold	0	52	0	0.0	1	0.0
RF00252	190	18	RNAalifold	0	54	0	0.0	1	0.0
RF00252	190	18	RscapeNested	0	58	0	0.0	1	0.0
RF00252	190	18	RscapeTotal	0	58	0	0.0	1	0.0
RF00252	190	18	SQUARNAs3u	0	64	0	0.0	1	0.0
RF00253	75	59	Rfam	0	20	0	0.0	1	0.0
RF00253	75	59	CentroidAlifold	0	21	0	0.0	1	0.0
RF00253	75	59	RNAalifold	0	20	0	0.0	1	0.0
RF00253	75	59	RscapeNested	0	25	0	0.0	1	0.0
RF00253	75	59	RscapeTotal	0	25	0	0.0	1	0.0
RF00253	75	59	SQUARNAs3u	0	29	0	0.0	1	0.0
RF00254	82	12	Rfam	0	19	0	0.0	1	0.0
RF00254	82	12	CentroidAlifold	0	24	0	0.0	1	0.0
RF00254	82	12	RNAalifold	0	23	0	0.0	1	0.0
RF00254	82	12	RscapeNested	0	26	0	0.0	1	0.0
RF00254	82	12	RscapeTotal	0	26	0	0.0	1	0.0
RF00254	82	12	SQUARNAs3u	0	25	0	0.0	1	0.0
RF00255	89	74	Rfam	0	24	0	0.0	1	0.0
RF00255	89	74	CentroidAlifold	0	24	0	0.0	1	0.0
RF00255	89	74	RNAalifold	0	14	0	0.0	1	0.0
RF00255	89	74	RscapeNested	0	27	0	0.0	1	0.0
RF00255	89	74	RscapeTotal	0	27	0	0.0	1	0.0
RF00255	89	74	SQUARNAs3u	0	27	0	0.0	1	0.0
RF00256	96	14	Rfam	0	27	0	0.0	1	0.0
RF00256	96	14	CentroidAlifold	0	27	0	0.0	1	0.0
RF00256	96	14	RNAalifold	0	26	0	0.0	1	0.0
RF00256	96	14	RscapeNested	0	38	0	0.0	1	0.0
RF00256	96	14	RscapeTotal	0	38	0	0.0	1	0.0
RF00256	96	14	SQUARNAs3u	0	34	0	0.0	1	0.0
RF00257	95	29	Rfam	1	27	0	0.036	1.0	0.069
RF00257	95	29	CentroidAlifold	1	29	0	0.033	1.0	0.065
RF00257	95	29	RNAalifold	1	29	0	0.033	1.0	0.065
RF00257	95	29	RscapeNested	1	31	0	0.031	1.0	0.061
RF00257	95	29	RscapeTotal	1	31	0	0.031	1.0	0.061
RF00257	95	29	SQUARNAs3u	1	32	0	0.03	1.0	0.059
RF00258	84	9	Rfam	0	26	0	0.0	1	0.0
RF00258	84	9	CentroidAlifold	0	26	0	0.0	1	0.0
RF00258	84	9	RNAalifold	0	26	0	0.0	1	0.0
RF00258	84	9	RscapeNested	0	25	0	0.0	1	0.0
RF00258	84	9	RscapeTotal	0	25	0	0.0	1	0.0
RF00258	84	9	SQUARNAs3u	0	29	0	0.0	1	0.0
RF00259	169	5	Rfam	0	56	0	0.0	1	0.0
RF00259	169	5	CentroidAlifold	0	25	0	0.0	1	0.0
RF00259	169	5	RNAalifold	0	47	0	0.0	1	0.0
RF00259	169	5	RscapeNested	0	41	0	0.0	1	0.0
RF00259	169	5	RscapeTotal	0	41	0	0.0	1	0.0
RF00259	169	5	SQUARNAs3u	0	59	0	0.0	1	0.0
RF00260	51	52	Rfam	1	13	0	0.071	1.0	0.133
RF00260	51	52	CentroidAlifold	1	12	0	0.077	1.0	0.143
RF00260	51	52	RNAalifold	1	12	0	0.077	1.0	0.143
RF00260	51	52	RscapeNested	1	14	0	0.067	1.0	0.125
RF00260	51	52	RscapeTotal	1	14	0	0.067	1.0	0.125
RF00260	51	52	SQUARNAs3u	1	18	0	0.053	1.0	0.1
RF00261	237	11	Rfam	0	75	0	0.0	1	0.0
RF00261	237	11	CentroidAlifold	0	15	0	0.0	1	0.0
RF00261	237	11	RNAalifold	0	70	0	0.0	1	0.0
RF00261	237	11	RscapeNested	0	85	0	0.0	1	0.0
RF00261	237	11	RscapeTotal	0	85	0	0.0	1	0.0
RF00261	237	11	SQUARNAs3u	0	67	0	0.0	1	0.0
RF00262	68	4	Rfam	0	20	0	0.0	1	0.0
RF00262	68	4	CentroidAlifold	0	22	0	0.0	1	0.0
RF00262	68	4	RNAalifold	0	23	0	0.0	1	0.0
RF00262	68	4	RscapeNested	0	21	0	0.0	1	0.0
RF00262	68	4	RscapeTotal	0	21	0	0.0	1	0.0
RF00262	68	4	SQUARNAs3u	0	22	0	0.0	1	0.0
RF00263	147	26	Rfam	0	36	0	0.0	1	0.0
RF00263	147	26	CentroidAlifold	0	26	0	0.0	1	0.0
RF00263	147	26	RNAalifold	0	33	0	0.0	1	0.0
RF00263	147	26	RscapeNested	0	35	0	0.0	1	0.0
RF00263	147	26	RscapeTotal	0	35	0	0.0	1	0.0
RF00263	147	26	SQUARNAs3u	0	44	0	0.0	1	0.0
RF00264	138	9	Rfam	0	37	0	0.0	1	0.0
RF00264	138	9	CentroidAlifold	0	16	0	0.0	1	0.0
RF00264	138	9	RNAalifold	0	32	0	0.0	1	0.0
RF00264	138	9	RscapeNested	0	37	0	0.0	1	0.0
RF00264	138	9	RscapeTotal	0	37	0	0.0	1	0.0
RF00264	138	9	SQUARNAs3u	0	41	0	0.0	1	0.0
RF00265	146	16	Rfam	0	38	1	0.0	0.0	0.0
RF00265	146	16	CentroidAlifold	0	35	1	0.0	0.0	0.0
RF00265	146	16	RNAalifold	0	36	1	0.0	0.0	0.0
RF00265	146	16	RscapeNested	0	38	1	0.0	0.0	0.0
RF00265	146	16	RscapeTotal	0	38	1	0.0	0.0	0.0
RF00265	146	16	SQUARNAs3u	0	49	1	0.0	0.0	0.0
RF00266	76	26	Rfam	0	6	0	0.0	1	0.0
RF00266	76	26	CentroidAlifold	0	6	0	0.0	1	0.0
RF00266	76	26	RNAalifold	0	6	0	0.0	1	0.0
RF00266	76	26	RscapeNested	0	10	0	0.0	1	0.0
RF00266	76	26	RscapeTotal	0	10	0	0.0	1	0.0
RF00266	76	26	SQUARNAs3u	0	16	0	0.0	1	0.0
RF00267	106	14	Rfam	0	11	1	0.0	0.0	0.0
RF00267	106	14	CentroidAlifold	0	8	1	0.0	0.0	0.0
RF00267	106	14	RNAalifold	0	14	1	0.0	0.0	0.0
RF00267	106	14	RscapeNested	0	9	1	0.0	0.0	0.0
RF00267	106	14	RscapeTotal	0	9	1	0.0	0.0	0.0
RF00267	106	14	SQUARNAs3u	0	34	1	0.0	0.0	0.0
RF00268	79	5	Rfam	0	2	0	0.0	1	0.0
RF00268	79	5	CentroidAlifold	0	1	0	0.0	1	0.0
RF00268	79	5	RNAalifold	0	7	0	0.0	1	0.0
RF00268	79	5	RscapeNested	0	14	0	0.0	1	0.0
RF00268	79	5	RscapeTotal	0	14	0	0.0	1	0.0
RF00268	79	5	SQUARNAs3u	0	25	0	0.0	1	0.0
RF00270	88	36	Rfam	0	2	0	0.0	1	0.0
RF00270	88	36	CentroidAlifold	0	0	0	1	1	1
RF00270	88	36	RNAalifold	0	0	0	1	1	1
RF00270	88	36	RscapeNested	0	0	0	1	1	1
RF00270	88	36	RscapeTotal	0	0	0	1	1	1
RF00270	88	36	SQUARNAs3u	0	11	0	0.0	1	0.0
RF00271	103	22	Rfam	0	9	0	0.0	1	0.0
RF00271	103	22	CentroidAlifold	0	8	0	0.0	1	0.0
RF00271	103	22	RNAalifold	0	14	0	0.0	1	0.0
RF00271	103	22	RscapeNested	0	9	0	0.0	1	0.0
RF00271	103	22	RscapeTotal	0	9	0	0.0	1	0.0
RF00271	103	22	SQUARNAs3u	0	22	0	0.0	1	0.0
RF00272	153	12	Rfam	0	33	1	0.0	0.0	0.0
RF00272	153	12	CentroidAlifold	0	12	1	0.0	0.0	0.0
RF00272	153	12	RNAalifold	0	29	1	0.0	0.0	0.0
RF00272	153	12	RscapeNested	1	30	0	0.032	1.0	0.062
RF00272	153	12	RscapeTotal	1	30	0	0.032	1.0	0.062
RF00272	153	12	SQUARNAs3u	0	36	1	0.0	0.0	0.0
RF00273	86	24	Rfam	0	4	0	0.0	1	0.0
RF00273	86	24	CentroidAlifold	0	0	0	1	1	1
RF00273	86	24	RNAalifold	0	4	0	0.0	1	0.0
RF00273	86	24	RscapeNested	0	12	0	0.0	1	0.0
RF00273	86	24	RscapeTotal	0	12	0	0.0	1	0.0
RF00273	86	24	SQUARNAs3u	0	17	0	0.0	1	0.0
RF00274	94	23	Rfam	0	3	0	0.0	1	0.0
RF00274	94	23	CentroidAlifold	0	2	0	0.0	1	0.0
RF00274	94	23	RNAalifold	0	3	0	0.0	1	0.0
RF00274	94	23	RscapeNested	0	8	0	0.0	1	0.0
RF00274	94	23	RscapeTotal	0	8	0	0.0	1	0.0
RF00274	94	23	SQUARNAs3u	0	12	0	0.0	1	0.0
RF00275	72	7	Rfam	0	7	0	0.0	1	0.0
RF00275	72	7	CentroidAlifold	0	6	0	0.0	1	0.0
RF00275	72	7	RNAalifold	0	16	0	0.0	1	0.0
RF00275	72	7	RscapeNested	0	11	0	0.0	1	0.0
RF00275	72	7	RscapeTotal	0	11	0	0.0	1	0.0
RF00275	72	7	SQUARNAs3u	0	16	0	0.0	1	0.0
RF00276	72	20	Rfam	0	3	0	0.0	1	0.0
RF00276	72	20	CentroidAlifold	0	0	0	1	1	1
RF00276	72	20	RNAalifold	0	9	0	0.0	1	0.0
RF00276	72	20	RscapeNested	0	4	0	0.0	1	0.0
RF00276	72	20	RscapeTotal	0	4	0	0.0	1	0.0
RF00276	72	20	SQUARNAs3u	0	19	0	0.0	1	0.0
RF00277	80	28	Rfam	0	0	0	1	1	1
RF00277	80	28	CentroidAlifold	0	5	0	0.0	1	0.0
RF00277	80	28	RNAalifold	0	7	0	0.0	1	0.0
RF00277	80	28	RscapeNested	0	6	0	0.0	1	0.0
RF00277	80	28	RscapeTotal	0	6	0	0.0	1	0.0
RF00277	80	28	SQUARNAs3u	0	11	0	0.0	1	0.0
RF00278	78	26	Rfam	0	3	0	0.0	1	0.0
RF00278	78	26	CentroidAlifold	0	0	0	1	1	1
RF00278	78	26	RNAalifold	0	8	0	0.0	1	0.0
RF00278	78	26	RscapeNested	0	5	0	0.0	1	0.0
RF00278	78	26	RscapeTotal	0	5	0	0.0	1	0.0
RF00278	78	26	SQUARNAs3u	0	14	0	0.0	1	0.0
RF00279	84	11	Rfam	0	4	0	0.0	1	0.0
RF00279	84	11	CentroidAlifold	0	1	0	0.0	1	0.0
RF00279	84	11	RNAalifold	0	4	0	0.0	1	0.0
RF00279	84	11	RscapeNested	0	5	0	0.0	1	0.0
RF00279	84	11	RscapeTotal	0	5	0	0.0	1	0.0
RF00279	84	11	SQUARNAs3u	0	22	0	0.0	1	0.0
RF00280	80	14	Rfam	0	4	0	0.0	1	0.0
RF00280	80	14	CentroidAlifold	0	5	0	0.0	1	0.0
RF00280	80	14	RNAalifold	0	17	0	0.0	1	0.0
RF00280	80	14	RscapeNested	0	14	0	0.0	1	0.0
RF00280	80	14	RscapeTotal	0	14	0	0.0	1	0.0
RF00280	80	14	SQUARNAs3u	0	23	0	0.0	1	0.0
RF00281	83	20	Rfam	0	4	0	0.0	1	0.0
RF00281	83	20	CentroidAlifold	0	4	0	0.0	1	0.0
RF00281	83	20	RNAalifold	0	0	0	1	1	1
RF00281	83	20	RscapeNested	0	14	0	0.0	1	0.0
RF00281	83	20	RscapeTotal	0	14	0	0.0	1	0.0
RF00281	83	20	SQUARNAs3u	0	26	0	0.0	1	0.0
RF00282	64	8	Rfam	0	2	0	0.0	1	0.0
RF00282	64	8	CentroidAlifold	0	7	0	0.0	1	0.0
RF00282	64	8	RNAalifold	0	15	0	0.0	1	0.0
RF00282	64	8	RscapeNested	0	10	0	0.0	1	0.0
RF00282	64	8	RscapeTotal	0	10	0	0.0	1	0.0
RF00282	64	8	SQUARNAs3u	0	22	0	0.0	1	0.0
RF00283	85	20	Rfam	0	8	0	0.0	1	0.0
RF00283	85	20	CentroidAlifold	0	9	0	0.0	1	0.0
RF00283	85	20	RNAalifold	0	17	0	0.0	1	0.0
RF00283	85	20	RscapeNested	0	15	0	0.0	1	0.0
RF00283	85	20	RscapeTotal	0	15	0	0.0	1	0.0
RF00283	85	20	SQUARNAs3u	0	24	0	0.0	1	0.0
RF00284	84	22	Rfam	0	5	0	0.0	1	0.0
RF00284	84	22	CentroidAlifold	0	16	0	0.0	1	0.0
RF00284	84	22	RNAalifold	0	11	0	0.0	1	0.0
RF00284	84	22	RscapeNested	0	20	0	0.0	1	0.0
RF00284	84	22	RscapeTotal	0	20	0	0.0	1	0.0
RF00284	84	22	SQUARNAs3u	0	27	0	0.0	1	0.0
RF00285	91	7	Rfam	0	4	0	0.0	1	0.0
RF00285	91	7	CentroidAlifold	0	12	0	0.0	1	0.0
RF00285	91	7	RNAalifold	0	24	0	0.0	1	0.0
RF00285	91	7	RscapeNested	0	26	0	0.0	1	0.0
RF00285	91	7	RscapeTotal	0	26	0	0.0	1	0.0
RF00285	91	7	SQUARNAs3u	0	33	0	0.0	1	0.0
RF00286	138	22	Rfam	0	28	0	0.0	1	0.0
RF00286	138	22	CentroidAlifold	0	29	0	0.0	1	0.0
RF00286	138	22	RNAalifold	0	29	0	0.0	1	0.0
RF00286	138	22	RscapeNested	0	32	0	0.0	1	0.0
RF00286	138	22	RscapeTotal	0	32	0	0.0	1	0.0
RF00286	138	22	SQUARNAs3u	0	36	0	0.0	1	0.0
RF00287	65	12	Rfam	1	1	0	0.5	1.0	0.667
RF00287	65	12	CentroidAlifold	0	3	1	0.0	0.0	0.0
RF00287	65	12	RNAalifold	0	7	1	0.0	0.0	0.0
RF00287	65	12	RscapeNested	1	12	0	0.077	1.0	0.143
RF00287	65	12	RscapeTotal	1	12	0	0.077	1.0	0.143
RF00287	65	12	SQUARNAs3u	0	7	1	0.0	0.0	0.0
RF00288	116	20	Rfam	0	7	0	0.0	1	0.0
RF00288	116	20	CentroidAlifold	0	17	0	0.0	1	0.0
RF00288	116	20	RNAalifold	0	20	0	0.0	1	0.0
RF00288	116	20	RscapeNested	0	16	0	0.0	1	0.0
RF00288	116	20	RscapeTotal	0	16	0	0.0	1	0.0
RF00288	116	20	SQUARNAs3u	0	24	0	0.0	1	0.0
RF00289	72	18	Rfam	0	2	0	0.0	1	0.0
RF00289	72	18	CentroidAlifold	0	8	0	0.0	1	0.0
RF00289	72	18	RNAalifold	0	15	0	0.0	1	0.0
RF00289	72	18	RscapeNested	0	8	0	0.0	1	0.0
RF00289	72	18	RscapeTotal	0	8	0	0.0	1	0.0
RF00289	72	18	SQUARNAs3u	0	19	0	0.0	1	0.0
RF00290	140	5	Rfam	0	30	2	0.0	0.0	0.0
RF00290	140	5	CentroidAlifold	0	28	2	0.0	0.0	0.0
RF00290	140	5	RNAalifold	0	35	2	0.0	0.0	0.0
RF00290	140	5	RscapeNested	0	32	2	0.0	0.0	0.0
RF00290	140	5	RscapeTotal	0	32	2	0.0	0.0	0.0
RF00290	140	5	SQUARNAs3u	0	54	2	0.0	0.0	0.0
RF00291	151	9	Rfam	0	23	0	0.0	1	0.0
RF00291	151	9	CentroidAlifold	0	26	0	0.0	1	0.0
RF00291	151	9	RNAalifold	0	31	0	0.0	1	0.0
RF00291	151	9	RscapeNested	0	32	0	0.0	1	0.0
RF00291	151	9	RscapeTotal	0	32	0	0.0	1	0.0
RF00291	151	9	SQUARNAs3u	0	44	0	0.0	1	0.0
RF00292	96	6	Rfam	0	2	0	0.0	1	0.0
RF00292	96	6	CentroidAlifold	0	9	0	0.0	1	0.0
RF00292	96	6	RNAalifold	0	24	0	0.0	1	0.0
RF00292	96	6	RscapeNested	0	18	0	0.0	1	0.0
RF00292	96	6	RscapeTotal	0	18	0	0.0	1	0.0
RF00292	96	6	SQUARNAs3u	0	23	0	0.0	1	0.0
RF00293	104	7	Rfam	0	18	0	0.0	1	0.0
RF00293	104	7	CentroidAlifold	0	0	0	1	1	1
RF00293	104	7	RNAalifold	0	11	0	0.0	1	0.0
RF00293	104	7	RscapeNested	0	15	0	0.0	1	0.0
RF00293	104	7	RscapeTotal	0	15	0	0.0	1	0.0
RF00293	104	7	SQUARNAs3u	0	24	0	0.0	1	0.0
RF00294	134	6	Rfam	0	2	0	0.0	1	0.0
RF00294	134	6	CentroidAlifold	0	13	0	0.0	1	0.0
RF00294	134	6	RNAalifold	0	23	0	0.0	1	0.0
RF00294	134	6	RscapeNested	0	24	0	0.0	1	0.0
RF00294	134	6	RscapeTotal	0	24	0	0.0	1	0.0
RF00294	134	6	SQUARNAs3u	0	32	0	0.0	1	0.0
RF00295	80	10	Rfam	0	3	0	0.0	1	0.0
RF00295	80	10	CentroidAlifold	0	10	0	0.0	1	0.0
RF00295	80	10	RNAalifold	0	11	0	0.0	1	0.0
RF00295	80	10	RscapeNested	0	12	0	0.0	1	0.0
RF00295	80	10	RscapeTotal	0	12	0	0.0	1	0.0
RF00295	80	10	SQUARNAs3u	0	22	0	0.0	1	0.0
RF00296	98	18	Rfam	0	5	0	0.0	1	0.0
RF00296	98	18	CentroidAlifold	0	5	0	0.0	1	0.0
RF00296	98	18	RNAalifold	0	7	0	0.0	1	0.0
RF00296	98	18	RscapeNested	0	15	0	0.0	1	0.0
RF00296	98	18	RscapeTotal	0	15	0	0.0	1	0.0
RF00296	98	18	SQUARNAs3u	0	19	0	0.0	1	0.0
RF00300	135	12	Rfam	0	4	0	0.0	1	0.0
RF00300	135	12	CentroidAlifold	0	2	0	0.0	1	0.0
RF00300	135	12	RNAalifold	0	7	0	0.0	1	0.0
RF00300	135	12	RscapeNested	0	27	0	0.0	1	0.0
RF00300	135	12	RscapeTotal	0	27	0	0.0	1	0.0
RF00300	135	12	SQUARNAs3u	0	32	0	0.0	1	0.0
RF00301	94	5	Rfam	0	5	0	0.0	1	0.0
RF00301	94	5	CentroidAlifold	0	17	0	0.0	1	0.0
RF00301	94	5	RNAalifold	0	22	0	0.0	1	0.0
RF00301	94	5	RscapeNested	0	21	0	0.0	1	0.0
RF00301	94	5	RscapeTotal	0	21	0	0.0	1	0.0
RF00301	94	5	SQUARNAs3u	0	28	0	0.0	1	0.0
RF00302	137	14	Rfam	0	32	1	0.0	0.0	0.0
RF00302	137	14	CentroidAlifold	0	11	1	0.0	0.0	0.0
RF00302	137	14	RNAalifold	0	19	1	0.0	0.0	0.0
RF00302	137	14	RscapeNested	0	30	1	0.0	0.0	0.0
RF00302	137	14	RscapeTotal	0	30	1	0.0	0.0	0.0
RF00302	137	14	SQUARNAs3u	0	39	1	0.0	0.0	0.0
RF00303	144	11	Rfam	0	19	0	0.0	1	0.0
RF00303	144	11	CentroidAlifold	0	22	0	0.0	1	0.0
RF00303	144	11	RNAalifold	0	25	0	0.0	1	0.0
RF00303	144	11	RscapeNested	0	21	0	0.0	1	0.0
RF00303	144	11	RscapeTotal	0	21	0	0.0	1	0.0
RF00303	144	11	SQUARNAs3u	0	32	0	0.0	1	0.0
RF00304	126	20	Rfam	0	26	0	0.0	1	0.0
RF00304	126	20	CentroidAlifold	0	18	0	0.0	1	0.0
RF00304	126	20	RNAalifold	0	19	0	0.0	1	0.0
RF00304	126	20	RscapeNested	0	18	0	0.0	1	0.0
RF00304	126	20	RscapeTotal	0	18	0	0.0	1	0.0
RF00304	126	20	SQUARNAs3u	0	32	0	0.0	1	0.0
RF00305	137	5	Rfam	0	26	0	0.0	1	0.0
RF00305	137	5	CentroidAlifold	0	36	0	0.0	1	0.0
RF00305	137	5	RNAalifold	0	46	0	0.0	1	0.0
RF00305	137	5	RscapeNested	0	43	0	0.0	1	0.0
RF00305	137	5	RscapeTotal	0	43	0	0.0	1	0.0
RF00305	137	5	SQUARNAs3u	0	50	0	0.0	1	0.0
RF00306	152	5	Rfam	0	25	0	0.0	1	0.0
RF00306	152	5	CentroidAlifold	0	25	0	0.0	1	0.0
RF00306	152	5	RNAalifold	0	44	0	0.0	1	0.0
RF00306	152	5	RscapeNested	0	30	0	0.0	1	0.0
RF00306	152	5	RscapeTotal	0	30	0	0.0	1	0.0
RF00306	152	5	SQUARNAs3u	0	48	0	0.0	1	0.0
RF00307	119	4	Rfam	0	24	0	0.0	1	0.0
RF00307	119	4	CentroidAlifold	0	11	0	0.0	1	0.0
RF00307	119	4	RNAalifold	0	12	0	0.0	1	0.0
RF00307	119	4	RscapeNested	0	25	0	0.0	1	0.0
RF00307	119	4	RscapeTotal	0	25	0	0.0	1	0.0
RF00307	119	4	SQUARNAs3u	0	33	0	0.0	1	0.0
RF00309	124	23	Rfam	1	4	0	0.2	1.0	0.333
RF00309	124	23	CentroidAlifold	1	4	0	0.2	1.0	0.333
RF00309	124	23	RNAalifold	0	0	1	1	0.0	0.0
RF00309	124	23	RscapeNested	1	10	0	0.091	1.0	0.167
RF00309	124	23	RscapeTotal	1	10	0	0.091	1.0	0.167
RF00309	124	23	SQUARNAs3u	1	20	0	0.048	1.0	0.091
RF00310	92	5	Rfam	0	3	0	0.0	1	0.0
RF00310	92	5	CentroidAlifold	0	9	0	0.0	1	0.0
RF00310	92	5	RNAalifold	0	24	0	0.0	1	0.0
RF00310	92	5	RscapeNested	0	18	0	0.0	1	0.0
RF00310	92	5	RscapeTotal	0	18	0	0.0	1	0.0
RF00310	92	5	SQUARNAs3u	0	32	0	0.0	1	0.0
RF00311	128	21	Rfam	0	6	1	0.0	0.0	0.0
RF00311	128	21	CentroidAlifold	0	12	1	0.0	0.0	0.0
RF00311	128	21	RNAalifold	0	6	1	0.0	0.0	0.0
RF00311	128	21	RscapeNested	0	25	1	0.0	0.0	0.0
RF00311	128	21	RscapeTotal	0	25	1	0.0	0.0	0.0
RF00311	128	21	SQUARNAs3u	0	25	1	0.0	0.0	0.0
RF00312	135	6	Rfam	0	5	0	0.0	1	0.0
RF00312	135	6	CentroidAlifold	0	23	0	0.0	1	0.0
RF00312	135	6	RNAalifold	0	43	0	0.0	1	0.0
RF00312	135	6	RscapeNested	0	32	0	0.0	1	0.0
RF00312	135	6	RscapeTotal	0	32	0	0.0	1	0.0
RF00312	135	6	SQUARNAs3u	0	33	0	0.0	1	0.0
RF00313	107	4	Rfam	0	7	0	0.0	1	0.0
RF00313	107	4	CentroidAlifold	0	30	0	0.0	1	0.0
RF00313	107	4	RNAalifold	0	33	0	0.0	1	0.0
RF00313	107	4	RscapeNested	0	29	0	0.0	1	0.0
RF00313	107	4	RscapeTotal	0	29	0	0.0	1	0.0
RF00313	107	4	SQUARNAs3u	0	36	0	0.0	1	0.0
RF00314	92	6	Rfam	0	6	0	0.0	1	0.0
RF00314	92	6	CentroidAlifold	0	10	0	0.0	1	0.0
RF00314	92	6	RNAalifold	0	23	0	0.0	1	0.0
RF00314	92	6	RscapeNested	0	20	0	0.0	1	0.0
RF00314	92	6	RscapeTotal	0	20	0	0.0	1	0.0
RF00314	92	6	SQUARNAs3u	0	33	0	0.0	1	0.0
RF00315	81	5	Rfam	0	6	0	0.0	1	0.0
RF00315	81	5	CentroidAlifold	0	5	0	0.0	1	0.0
RF00315	81	5	RNAalifold	0	23	0	0.0	1	0.0
RF00315	81	5	RscapeNested	0	11	0	0.0	1	0.0
RF00315	81	5	RscapeTotal	0	11	0	0.0	1	0.0
RF00315	81	5	SQUARNAs3u	0	28	0	0.0	1	0.0
RF00316	74	16	Rfam	0	7	0	0.0	1	0.0
RF00316	74	16	CentroidAlifold	0	4	0	0.0	1	0.0
RF00316	74	16	RNAalifold	0	11	0	0.0	1	0.0
RF00316	74	16	RscapeNested	0	8	0	0.0	1	0.0
RF00316	74	16	RscapeTotal	0	8	0	0.0	1	0.0
RF00316	74	16	SQUARNAs3u	0	19	0	0.0	1	0.0
RF00317	96	7	Rfam	0	5	0	0.0	1	0.0
RF00317	96	7	CentroidAlifold	0	7	0	0.0	1	0.0
RF00317	96	7	RNAalifold	0	15	0	0.0	1	0.0
RF00317	96	7	RscapeNested	0	18	0	0.0	1	0.0
RF00317	96	7	RscapeTotal	0	18	0	0.0	1	0.0
RF00317	96	7	SQUARNAs3u	0	22	0	0.0	1	0.0
RF00318	81	6	Rfam	0	3	0	0.0	1	0.0
RF00318	81	6	CentroidAlifold	0	7	0	0.0	1	0.0
RF00318	81	6	RNAalifold	0	15	0	0.0	1	0.0
RF00318	81	6	RscapeNested	0	13	0	0.0	1	0.0
RF00318	81	6	RscapeTotal	0	13	0	0.0	1	0.0
RF00318	81	6	SQUARNAs3u	0	22	0	0.0	1	0.0
RF00319	188	9	Rfam	0	45	0	0.0	1	0.0
RF00319	188	9	CentroidAlifold	0	40	0	0.0	1	0.0
RF00319	188	9	RNAalifold	0	42	0	0.0	1	0.0
RF00319	188	9	RscapeNested	0	52	0	0.0	1	0.0
RF00319	188	9	RscapeTotal	0	52	0	0.0	1	0.0
RF00319	188	9	SQUARNAs3u	0	63	0	0.0	1	0.0
RF00320	86	5	Rfam	0	6	0	0.0	1	0.0
RF00320	86	5	CentroidAlifold	0	21	0	0.0	1	0.0
RF00320	86	5	RNAalifold	0	25	0	0.0	1	0.0
RF00320	86	5	RscapeNested	0	17	0	0.0	1	0.0
RF00320	86	5	RscapeTotal	0	17	0	0.0	1	0.0
RF00320	86	5	SQUARNAs3u	0	32	0	0.0	1	0.0
RF00321	143	8	Rfam	0	11	3	0.0	0.0	0.0
RF00321	143	8	CentroidAlifold	1	12	2	0.077	0.333	0.125
RF00321	143	8	RNAalifold	1	36	2	0.027	0.333	0.05
RF00321	143	8	RscapeNested	1	28	2	0.034	0.333	0.062
RF00321	143	8	RscapeTotal	1	28	2	0.034	0.333	0.062
RF00321	143	8	SQUARNAs3u	1	41	2	0.024	0.333	0.044
RF00322	130	5	Rfam	0	38	0	0.0	1	0.0
RF00322	130	5	CentroidAlifold	0	18	0	0.0	1	0.0
RF00322	130	5	RNAalifold	0	34	0	0.0	1	0.0
RF00322	130	5	RscapeNested	0	30	0	0.0	1	0.0
RF00322	130	5	RscapeTotal	0	30	0	0.0	1	0.0
RF00322	130	5	SQUARNAs3u	0	44	0	0.0	1	0.0
RF00323	65	5	Rfam	0	5	0	0.0	1	0.0
RF00323	65	5	CentroidAlifold	0	10	0	0.0	1	0.0
RF00323	65	5	RNAalifold	0	13	0	0.0	1	0.0
RF00323	65	5	RscapeNested	0	5	0	0.0	1	0.0
RF00323	65	5	RscapeTotal	0	5	0	0.0	1	0.0
RF00323	65	5	SQUARNAs3u	0	18	0	0.0	1	0.0
RF00324	108	30	Rfam	0	5	1	0.0	0.0	0.0
RF00324	108	30	CentroidAlifold	0	0	1	1	0.0	0.0
RF00324	108	30	RNAalifold	0	0	1	1	0.0	0.0
RF00324	108	30	RscapeNested	0	0	1	1	0.0	0.0
RF00324	108	30	RscapeTotal	0	0	1	1	0.0	0.0
RF00324	108	30	SQUARNAs3u	0	20	1	0.0	0.0	0.0
RF00325	106	37	Rfam	0	4	0	0.0	1	0.0
RF00325	106	37	CentroidAlifold	0	4	0	0.0	1	0.0
RF00325	106	37	RNAalifold	0	3	0	0.0	1	0.0
RF00325	106	37	RscapeNested	0	5	0	0.0	1	0.0
RF00325	106	37	RscapeTotal	0	5	0	0.0	1	0.0
RF00325	106	37	SQUARNAs3u	0	17	0	0.0	1	0.0
RF00326	83	8	Rfam	0	6	0	0.0	1	0.0
RF00326	83	8	CentroidAlifold	0	9	0	0.0	1	0.0
RF00326	83	8	RNAalifold	0	11	0	0.0	1	0.0
RF00326	83	8	RscapeNested	0	17	0	0.0	1	0.0
RF00326	83	8	RscapeTotal	0	17	0	0.0	1	0.0
RF00326	83	8	SQUARNAs3u	0	29	0	0.0	1	0.0
RF00327	108	5	Rfam	0	19	0	0.0	1	0.0
RF00327	108	5	CentroidAlifold	0	25	0	0.0	1	0.0
RF00327	108	5	RNAalifold	0	30	0	0.0	1	0.0
RF00327	108	5	RscapeNested	0	26	0	0.0	1	0.0
RF00327	108	5	RscapeTotal	0	26	0	0.0	1	0.0
RF00327	108	5	SQUARNAs3u	0	41	0	0.0	1	0.0
RF00328	102	11	Rfam	0	7	0	0.0	1	0.0
RF00328	102	11	CentroidAlifold	0	5	0	0.0	1	0.0
RF00328	102	11	RNAalifold	0	8	0	0.0	1	0.0
RF00328	102	11	RscapeNested	0	19	0	0.0	1	0.0
RF00328	102	11	RscapeTotal	0	19	0	0.0	1	0.0
RF00328	102	11	SQUARNAs3u	0	26	0	0.0	1	0.0
RF00329	93	9	Rfam	0	13	0	0.0	1	0.0
RF00329	93	9	CentroidAlifold	0	9	0	0.0	1	0.0
RF00329	93	9	RNAalifold	0	20	0	0.0	1	0.0
RF00329	93	9	RscapeNested	0	21	0	0.0	1	0.0
RF00329	93	9	RscapeTotal	0	21	0	0.0	1	0.0
RF00329	93	9	SQUARNAs3u	0	27	0	0.0	1	0.0
RF00330	106	7	Rfam	0	7	0	0.0	1	0.0
RF00330	106	7	CentroidAlifold	0	11	0	0.0	1	0.0
RF00330	106	7	RNAalifold	0	16	0	0.0	1	0.0
RF00330	106	7	RscapeNested	0	12	0	0.0	1	0.0
RF00330	106	7	RscapeTotal	0	12	0	0.0	1	0.0
RF00330	106	7	SQUARNAs3u	0	27	0	0.0	1	0.0
RF00331	71	3	Rfam	0	6	0	0.0	1	0.0
RF00331	71	3	CentroidAlifold	0	6	0	0.0	1	0.0
RF00331	71	3	RNAalifold	0	18	0	0.0	1	0.0
RF00331	71	3	RscapeNested	0	13	0	0.0	1	0.0
RF00331	71	3	RscapeTotal	0	13	0	0.0	1	0.0
RF00331	71	3	SQUARNAs3u	0	15	0	0.0	1	0.0
RF00332	110	11	Rfam	0	10	0	0.0	1	0.0
RF00332	110	11	CentroidAlifold	0	9	0	0.0	1	0.0
RF00332	110	11	RNAalifold	0	22	0	0.0	1	0.0
RF00332	110	11	RscapeNested	0	17	0	0.0	1	0.0
RF00332	110	11	RscapeTotal	0	17	0	0.0	1	0.0
RF00332	110	11	SQUARNAs3u	0	28	0	0.0	1	0.0
RF00333	106	10	Rfam	0	18	0	0.0	1	0.0
RF00333	106	10	CentroidAlifold	0	12	0	0.0	1	0.0
RF00333	106	10	RNAalifold	0	25	0	0.0	1	0.0
RF00333	106	10	RscapeNested	0	20	0	0.0	1	0.0
RF00333	106	10	RscapeTotal	0	20	0	0.0	1	0.0
RF00333	106	10	SQUARNAs3u	0	29	0	0.0	1	0.0
RF00334	133	6	Rfam	0	40	1	0.0	0.0	0.0
RF00334	133	6	CentroidAlifold	0	34	1	0.0	0.0	0.0
RF00334	133	6	RNAalifold	0	36	1	0.0	0.0	0.0
RF00334	133	6	RscapeNested	1	32	0	0.03	1.0	0.059
RF00334	133	6	RscapeTotal	1	32	0	0.03	1.0	0.059
RF00334	133	6	SQUARNAs3u	0	49	1	0.0	0.0	0.0
RF00335	148	42	Rfam	2	5	0	0.286	1.0	0.444
RF00335	148	42	CentroidAlifold	0	0	2	1	0.0	0.0
RF00335	148	42	RNAalifold	0	4	2	0.0	0.0	0.0
RF00335	148	42	RscapeNested	2	9	0	0.182	1.0	0.308
RF00335	148	42	RscapeTotal	2	9	0	0.182	1.0	0.308
RF00335	148	42	SQUARNAs3u	2	18	0	0.1	1.0	0.182
RF00336	153	5	Rfam	0	14	0	0.0	1	0.0
RF00336	153	5	CentroidAlifold	0	8	0	0.0	1	0.0
RF00336	153	5	RNAalifold	0	41	0	0.0	1	0.0
RF00336	153	5	RscapeNested	0	33	0	0.0	1	0.0
RF00336	153	5	RscapeTotal	0	33	0	0.0	1	0.0
RF00336	153	5	SQUARNAs3u	0	51	0	0.0	1	0.0
RF00337	192	6	Rfam	0	30	0	0.0	1	0.0
RF00337	192	6	CentroidAlifold	0	36	0	0.0	1	0.0
RF00337	192	6	RNAalifold	0	54	0	0.0	1	0.0
RF00337	192	6	RscapeNested	0	54	0	0.0	1	0.0
RF00337	192	6	RscapeTotal	0	54	0	0.0	1	0.0
RF00337	192	6	SQUARNAs3u	0	63	0	0.0	1	0.0
RF00338	96	5	Rfam	0	11	0	0.0	1	0.0
RF00338	96	5	CentroidAlifold	0	15	0	0.0	1	0.0
RF00338	96	5	RNAalifold	0	20	0	0.0	1	0.0
RF00338	96	5	RscapeNested	0	15	0	0.0	1	0.0
RF00338	96	5	RscapeTotal	0	15	0	0.0	1	0.0
RF00338	96	5	SQUARNAs3u	0	32	0	0.0	1	0.0
RF00339	77	10	Rfam	0	4	0	0.0	1	0.0
RF00339	77	10	CentroidAlifold	0	6	0	0.0	1	0.0
RF00339	77	10	RNAalifold	0	17	0	0.0	1	0.0
RF00339	77	10	RscapeNested	0	7	0	0.0	1	0.0
RF00339	77	10	RscapeTotal	0	7	0	0.0	1	0.0
RF00339	77	10	SQUARNAs3u	0	25	0	0.0	1	0.0
RF00340	132	6	Rfam	0	34	0	0.0	1	0.0
RF00340	132	6	CentroidAlifold	0	35	0	0.0	1	0.0
RF00340	132	6	RNAalifold	0	36	0	0.0	1	0.0
RF00340	132	6	RscapeNested	0	34	0	0.0	1	0.0
RF00340	132	6	RscapeTotal	0	34	0	0.0	1	0.0
RF00340	132	6	SQUARNAs3u	0	44	0	0.0	1	0.0
RF00341	64	5	Rfam	0	15	0	0.0	1	0.0
RF00341	64	5	CentroidAlifold	0	14	0	0.0	1	0.0
RF00341	64	5	RNAalifold	0	18	0	0.0	1	0.0
RF00341	64	5	RscapeNested	0	12	0	0.0	1	0.0
RF00341	64	5	RscapeTotal	0	12	0	0.0	1	0.0
RF00341	64	5	SQUARNAs3u	0	16	0	0.0	1	0.0
RF00342	73	5	Rfam	0	5	0	0.0	1	0.0
RF00342	73	5	CentroidAlifold	0	18	0	0.0	1	0.0
RF00342	73	5	RNAalifold	0	20	0	0.0	1	0.0
RF00342	73	5	RscapeNested	0	22	0	0.0	1	0.0
RF00342	73	5	RscapeTotal	0	22	0	0.0	1	0.0
RF00342	73	5	SQUARNAs3u	0	20	0	0.0	1	0.0
RF00343	112	23	Rfam	0	7	0	0.0	1	0.0
RF00343	112	23	CentroidAlifold	0	4	0	0.0	1	0.0
RF00343	112	23	RNAalifold	0	9	0	0.0	1	0.0
RF00343	112	23	RscapeNested	0	13	0	0.0	1	0.0
RF00343	112	23	RscapeTotal	0	13	0	0.0	1	0.0
RF00343	112	23	SQUARNAs3u	0	13	0	0.0	1	0.0
RF00344	76	5	Rfam	0	6	0	0.0	1	0.0
RF00344	76	5	CentroidAlifold	0	7	0	0.0	1	0.0
RF00344	76	5	RNAalifold	0	19	0	0.0	1	0.0
RF00344	76	5	RscapeNested	0	10	0	0.0	1	0.0
RF00344	76	5	RscapeTotal	0	10	0	0.0	1	0.0
RF00344	76	5	SQUARNAs3u	0	26	0	0.0	1	0.0
RF00345	109	13	Rfam	0	2	0	0.0	1	0.0
RF00345	109	13	CentroidAlifold	0	8	0	0.0	1	0.0
RF00345	109	13	RNAalifold	0	14	0	0.0	1	0.0
RF00345	109	13	RscapeNested	0	15	0	0.0	1	0.0
RF00345	109	13	RscapeTotal	0	15	0	0.0	1	0.0
RF00345	109	13	SQUARNAs3u	0	22	0	0.0	1	0.0
RF00348	129	7	Rfam	0	3	0	0.0	1	0.0
RF00348	129	7	CentroidAlifold	0	1	0	0.0	1	0.0
RF00348	129	7	RNAalifold	0	27	0	0.0	1	0.0
RF00348	129	7	RscapeNested	0	16	0	0.0	1	0.0
RF00348	129	7	RscapeTotal	0	16	0	0.0	1	0.0
RF00348	129	7	SQUARNAs3u	0	27	0	0.0	1	0.0
RF00349	99	5	Rfam	0	5	0	0.0	1	0.0
RF00349	99	5	CentroidAlifold	0	14	0	0.0	1	0.0
RF00349	99	5	RNAalifold	0	25	0	0.0	1	0.0
RF00349	99	5	RscapeNested	0	14	0	0.0	1	0.0
RF00349	99	5	RscapeTotal	0	14	0	0.0	1	0.0
RF00349	99	5	SQUARNAs3u	0	32	0	0.0	1	0.0
RF00350	133	9	Rfam	0	5	1	0.0	0.0	0.0
RF00350	133	9	CentroidAlifold	0	12	1	0.0	0.0	0.0
RF00350	133	9	RNAalifold	0	8	1	0.0	0.0	0.0
RF00350	133	9	RscapeNested	1	6	0	0.143	1.0	0.25
RF00350	133	9	RscapeTotal	1	6	0	0.143	1.0	0.25
RF00350	133	9	SQUARNAs3u	0	27	1	0.0	0.0	0.0
RF00351	102	4	Rfam	0	3	0	0.0	1	0.0
RF00351	102	4	CentroidAlifold	0	1	0	0.0	1	0.0
RF00351	102	4	RNAalifold	0	16	0	0.0	1	0.0
RF00351	102	4	RscapeNested	0	17	0	0.0	1	0.0
RF00351	102	4	RscapeTotal	0	17	0	0.0	1	0.0
RF00351	102	4	SQUARNAs3u	0	30	0	0.0	1	0.0
RF00352	88	6	Rfam	0	6	0	0.0	1	0.0
RF00352	88	6	CentroidAlifold	0	5	0	0.0	1	0.0
RF00352	88	6	RNAalifold	0	8	0	0.0	1	0.0
RF00352	88	6	RscapeNested	0	14	0	0.0	1	0.0
RF00352	88	6	RscapeTotal	0	14	0	0.0	1	0.0
RF00352	88	6	SQUARNAs3u	0	10	0	0.0	1	0.0
RF00353	105	8	Rfam	0	9	0	0.0	1	0.0
RF00353	105	8	CentroidAlifold	0	16	0	0.0	1	0.0
RF00353	105	8	RNAalifold	0	17	0	0.0	1	0.0
RF00353	105	8	RscapeNested	0	29	0	0.0	1	0.0
RF00353	105	8	RscapeTotal	0	29	0	0.0	1	0.0
RF00353	105	8	SQUARNAs3u	0	32	0	0.0	1	0.0
RF00355	78	9	Rfam	0	3	1	0.0	0.0	0.0
RF00355	78	9	CentroidAlifold	0	0	1	1	0.0	0.0
RF00355	78	9	RNAalifold	0	11	1	0.0	0.0	0.0
RF00355	78	9	RscapeNested	1	13	0	0.071	1.0	0.133
RF00355	78	9	RscapeTotal	1	13	0	0.071	1.0	0.133
RF00355	78	9	SQUARNAs3u	0	14	1	0.0	0.0	0.0
RF00356	110	6	Rfam	0	4	0	0.0	1	0.0
RF00356	110	6	CentroidAlifold	0	9	0	0.0	1	0.0
RF00356	110	6	RNAalifold	0	23	0	0.0	1	0.0
RF00356	110	6	RscapeNested	0	30	0	0.0	1	0.0
RF00356	110	6	RscapeTotal	0	30	0	0.0	1	0.0
RF00356	110	6	SQUARNAs3u	0	30	0	0.0	1	0.0
RF00357	112	29	Rfam	0	5	0	0.0	1	0.0
RF00357	112	29	CentroidAlifold	0	5	0	0.0	1	0.0
RF00357	112	29	RNAalifold	0	12	0	0.0	1	0.0
RF00357	112	29	RscapeNested	0	13	0	0.0	1	0.0
RF00357	112	29	RscapeTotal	0	13	0	0.0	1	0.0
RF00357	112	29	SQUARNAs3u	0	17	0	0.0	1	0.0
RF00358	105	13	Rfam	0	10	0	0.0	1	0.0
RF00358	105	13	CentroidAlifold	0	6	0	0.0	1	0.0
RF00358	105	13	RNAalifold	0	15	0	0.0	1	0.0
RF00358	105	13	RscapeNested	0	19	0	0.0	1	0.0
RF00358	105	13	RscapeTotal	0	19	0	0.0	1	0.0
RF00358	105	13	SQUARNAs3u	0	16	0	0.0	1	0.0
RF00359	92	9	Rfam	0	9	0	0.0	1	0.0
RF00359	92	9	CentroidAlifold	0	11	0	0.0	1	0.0
RF00359	92	9	RNAalifold	0	18	0	0.0	1	0.0
RF00359	92	9	RscapeNested	0	20	0	0.0	1	0.0
RF00359	92	9	RscapeTotal	0	20	0	0.0	1	0.0
RF00359	92	9	SQUARNAs3u	0	27	0	0.0	1	0.0
RF00360	132	9	Rfam	0	6	0	0.0	1	0.0
RF00360	132	9	CentroidAlifold	0	16	0	0.0	1	0.0
RF00360	132	9	RNAalifold	0	24	0	0.0	1	0.0
RF00360	132	9	RscapeNested	0	19	0	0.0	1	0.0
RF00360	132	9	RscapeTotal	0	19	0	0.0	1	0.0
RF00360	132	9	SQUARNAs3u	0	29	0	0.0	1	0.0
RF00361	98	6	Rfam	0	15	0	0.0	1	0.0
RF00361	98	6	CentroidAlifold	0	17	0	0.0	1	0.0
RF00361	98	6	RNAalifold	0	31	0	0.0	1	0.0
RF00361	98	6	RscapeNested	0	30	0	0.0	1	0.0
RF00361	98	6	RscapeTotal	0	30	0	0.0	1	0.0
RF00361	98	6	SQUARNAs3u	0	35	0	0.0	1	0.0
RF00362	81	16	Rfam	0	23	0	0.0	1	0.0
RF00362	81	16	CentroidAlifold	0	11	0	0.0	1	0.0
RF00362	81	16	RNAalifold	0	22	0	0.0	1	0.0
RF00362	81	16	RscapeNested	0	14	0	0.0	1	0.0
RF00362	81	16	RscapeTotal	0	14	0	0.0	1	0.0
RF00362	81	16	SQUARNAs3u	0	25	0	0.0	1	0.0
RF00363	70	2	Rfam	0	25	0	0.0	1	0.0
RF00363	70	2	CentroidAlifold	0	23	0	0.0	1	0.0
RF00363	70	2	RNAalifold	0	23	0	0.0	1	0.0
RF00363	70	2	RscapeNested	0	24	0	0.0	1	0.0
RF00363	70	2	RscapeTotal	0	24	0	0.0	1	0.0
RF00363	70	2	SQUARNAs3u	0	25	0	0.0	1	0.0
RF00364	62	8	Rfam	0	21	0	0.0	1	0.0
RF00364	62	8	CentroidAlifold	0	11	0	0.0	1	0.0
RF00364	62	8	RNAalifold	0	17	0	0.0	1	0.0
RF00364	62	8	RscapeNested	0	10	0	0.0	1	0.0
RF00364	62	8	RscapeTotal	0	10	0	0.0	1	0.0
RF00364	62	8	SQUARNAs3u	0	20	0	0.0	1	0.0
RF00365	66	2	Rfam	0	24	1	0.0	0.0	0.0
RF00365	66	2	CentroidAlifold	0	20	1	0.0	0.0	0.0
RF00365	66	2	RNAalifold	0	22	1	0.0	0.0	0.0
RF00365	66	2	RscapeNested	0	19	1	0.0	0.0	0.0
RF00365	66	2	RscapeTotal	0	19	1	0.0	0.0	0.0
RF00365	66	2	SQUARNAs3u	0	23	1	0.0	0.0	0.0
RF00366	65	2	Rfam	0	27	0	0.0	1	0.0
RF00366	65	2	CentroidAlifold	0	21	0	0.0	1	0.0
RF00366	65	2	RNAalifold	0	16	0	0.0	1	0.0
RF00366	65	2	RscapeNested	0	27	0	0.0	1	0.0
RF00366	65	2	RscapeTotal	0	27	0	0.0	1	0.0
RF00366	65	2	SQUARNAs3u	0	27	0	0.0	1	0.0
RF00367	65	4	Rfam	0	22	0	0.0	1	0.0
RF00367	65	4	CentroidAlifold	0	18	0	0.0	1	0.0
RF00367	65	4	RNAalifold	0	22	0	0.0	1	0.0
RF00367	65	4	RscapeNested	0	22	0	0.0	1	0.0
RF00367	65	4	RscapeTotal	0	22	0	0.0	1	0.0
RF00367	65	4	SQUARNAs3u	0	25	0	0.0	1	0.0
RF00368	90	16	Rfam	0	16	0	0.0	1	0.0
RF00368	90	16	CentroidAlifold	0	14	0	0.0	1	0.0
RF00368	90	16	RNAalifold	0	14	0	0.0	1	0.0
RF00368	90	16	RscapeNested	0	8	0	0.0	1	0.0
RF00368	90	16	RscapeTotal	0	8	0	0.0	1	0.0
RF00368	90	16	SQUARNAs3u	0	23	0	0.0	1	0.0
RF00369	164	6	Rfam	0	36	0	0.0	1	0.0
RF00369	164	6	CentroidAlifold	0	38	0	0.0	1	0.0
RF00369	164	6	RNAalifold	0	40	0	0.0	1	0.0
RF00369	164	6	RscapeNested	0	41	0	0.0	1	0.0
RF00369	164	6	RscapeTotal	0	41	0	0.0	1	0.0
RF00369	164	6	SQUARNAs3u	0	55	0	0.0	1	0.0
RF00370	92	5	Rfam	0	14	0	0.0	1	0.0
RF00370	92	5	CentroidAlifold	0	11	0	0.0	1	0.0
RF00370	92	5	RNAalifold	0	24	0	0.0	1	0.0
RF00370	92	5	RscapeNested	0	21	0	0.0	1	0.0
RF00370	92	5	RscapeTotal	0	21	0	0.0	1	0.0
RF00370	92	5	SQUARNAs3u	0	25	0	0.0	1	0.0
RF00371	92	4	Rfam	0	19	0	0.0	1	0.0
RF00371	92	4	CentroidAlifold	0	23	0	0.0	1	0.0
RF00371	92	4	RNAalifold	0	29	0	0.0	1	0.0
RF00371	92	4	RscapeNested	0	24	0	0.0	1	0.0
RF00371	92	4	RscapeTotal	0	24	0	0.0	1	0.0
RF00371	92	4	SQUARNAs3u	0	29	0	0.0	1	0.0
RF00372	161	2	Rfam	0	6	0	0.0	1	0.0
RF00372	161	2	CentroidAlifold	0	22	0	0.0	1	0.0
RF00372	161	2	RNAalifold	0	37	0	0.0	1	0.0
RF00372	161	2	RscapeNested	0	41	0	0.0	1	0.0
RF00372	161	2	RscapeTotal	0	41	0	0.0	1	0.0
RF00372	161	2	SQUARNAs3u	0	57	0	0.0	1	0.0
RF00373	721	70	Rfam	51	36	2	0.586	0.962	0.729
RF00373	721	70	CentroidAlifold	43	19	10	0.694	0.811	0.748
RF00373	721	70	RNAalifold	45	21	8	0.682	0.849	0.756
RF00373	721	70	RscapeNested	48	31	5	0.608	0.906	0.727
RF00373	721	70	RscapeTotal	48	42	5	0.533	0.906	0.671
RF00373	721	70	SQUARNAs3u	51	43	2	0.543	0.962	0.694
RF00374	103	22	Rfam	0	32	0	0.0	1	0.0
RF00374	103	22	CentroidAlifold	0	30	0	0.0	1	0.0
RF00374	103	22	RNAalifold	0	30	0	0.0	1	0.0
RF00374	103	22	RscapeNested	0	30	0	0.0	1	0.0
RF00374	103	22	RscapeTotal	0	30	0	0.0	1	0.0
RF00374	103	22	SQUARNAs3u	0	37	0	0.0	1	0.0
RF00375	101	130	Rfam	0	18	0	0.0	1	0.0
RF00375	101	130	CentroidAlifold	0	19	0	0.0	1	0.0
RF00375	101	130	RNAalifold	0	10	0	0.0	1	0.0
RF00375	101	130	RscapeNested	0	23	0	0.0	1	0.0
RF00375	101	130	RscapeTotal	0	23	0	0.0	1	0.0
RF00375	101	130	SQUARNAs3u	0	28	0	0.0	1	0.0
RF00376	85	72	Rfam	0	8	0	0.0	1	0.0
RF00376	85	72	CentroidAlifold	0	9	0	0.0	1	0.0
RF00376	85	72	RNAalifold	0	4	0	0.0	1	0.0
RF00376	85	72	RscapeNested	0	16	0	0.0	1	0.0
RF00376	85	72	RscapeTotal	0	16	0	0.0	1	0.0
RF00376	85	72	SQUARNAs3u	0	19	0	0.0	1	0.0
RF00377	119	25	Rfam	0	9	0	0.0	1	0.0
RF00377	119	25	CentroidAlifold	0	13	0	0.0	1	0.0
RF00377	119	25	RNAalifold	0	9	0	0.0	1	0.0
RF00377	119	25	RscapeNested	0	21	0	0.0	1	0.0
RF00377	119	25	RscapeTotal	0	21	0	0.0	1	0.0
RF00377	119	25	SQUARNAs3u	0	37	0	0.0	1	0.0
RF00378	134	30	Rfam	1	24	0	0.04	1.0	0.077
RF00378	134	30	CentroidAlifold	1	24	0	0.04	1.0	0.077
RF00378	134	30	RNAalifold	1	23	0	0.042	1.0	0.08
RF00378	134	30	RscapeNested	1	28	0	0.034	1.0	0.067
RF00378	134	30	RscapeTotal	1	28	0	0.034	1.0	0.067
RF00378	134	30	SQUARNAs3u	1	33	0	0.029	1.0	0.057
RF00379	335	106	Rfam	11	15	3	0.423	0.786	0.55
RF00379	335	106	CentroidAlifold	12	15	2	0.444	0.857	0.585
RF00379	335	106	RNAalifold	12	15	2	0.444	0.857	0.585
RF00379	335	106	RscapeNested	14	12	0	0.538	1.0	0.7
RF00379	335	106	RscapeTotal	14	12	0	0.538	1.0	0.7
RF00379	335	106	SQUARNAs3u	13	21	1	0.382	0.929	0.542
RF00380	278	159	Rfam	23	24	3	0.489	0.885	0.63
RF00380	278	159	CentroidAlifold	23	19	3	0.548	0.885	0.676
RF00380	278	159	RNAalifold	23	19	3	0.548	0.885	0.676
RF00380	278	159	RscapeNested	25	16	1	0.61	0.962	0.746
RF00380	278	159	RscapeTotal	25	16	1	0.61	0.962	0.746
RF00380	278	159	SQUARNAs3u	25	26	1	0.49	0.962	0.649
RF00381	59	13	Rfam	0	18	0	0.0	1	0.0
RF00381	59	13	CentroidAlifold	0	13	0	0.0	1	0.0
RF00381	59	13	RNAalifold	0	14	0	0.0	1	0.0
RF00381	59	13	RscapeNested	0	13	0	0.0	1	0.0
RF00381	59	13	RscapeTotal	0	13	0	0.0	1	0.0
RF00381	59	13	SQUARNAs3u	0	21	0	0.0	1	0.0
RF00382	65	5	Rfam	0	11	0	0.0	1	0.0
RF00382	65	5	CentroidAlifold	0	12	0	0.0	1	0.0
RF00382	65	5	RNAalifold	0	13	0	0.0	1	0.0
RF00382	65	5	RscapeNested	0	10	0	0.0	1	0.0
RF00382	65	5	RscapeTotal	0	10	0	0.0	1	0.0
RF00382	65	5	SQUARNAs3u	0	17	0	0.0	1	0.0
RF00383	118	5	Rfam	0	17	0	0.0	1	0.0
RF00383	118	5	CentroidAlifold	0	15	0	0.0	1	0.0
RF00383	118	5	RNAalifold	0	34	0	0.0	1	0.0
RF00383	118	5	RscapeNested	0	33	0	0.0	1	0.0
RF00383	118	5	RscapeTotal	0	33	0	0.0	1	0.0
RF00383	118	5	SQUARNAs3u	0	40	0	0.0	1	0.0
RF00384	62	10	Rfam	0	22	0	0.0	1	0.0
RF00384	62	10	CentroidAlifold	0	17	0	0.0	1	0.0
RF00384	62	10	RNAalifold	0	15	0	0.0	1	0.0
RF00384	62	10	RscapeNested	0	14	0	0.0	1	0.0
RF00384	62	10	RscapeTotal	0	14	0	0.0	1	0.0
RF00384	62	10	SQUARNAs3u	0	20	0	0.0	1	0.0
RF00385	42	10	Rfam	0	15	0	0.0	1	0.0
RF00385	42	10	CentroidAlifold	0	13	0	0.0	1	0.0
RF00385	42	10	RNAalifold	0	15	0	0.0	1	0.0
RF00385	42	10	RscapeNested	0	13	0	0.0	1	0.0
RF00385	42	10	RscapeTotal	0	13	0	0.0	1	0.0
RF00385	42	10	SQUARNAs3u	0	15	0	0.0	1	0.0
RF00386	125	160	Rfam	1	28	0	0.034	1.0	0.067
RF00386	125	160	CentroidAlifold	1	28	0	0.034	1.0	0.067
RF00386	125	160	RNAalifold	1	19	0	0.05	1.0	0.095
RF00386	125	160	RscapeNested	1	29	0	0.033	1.0	0.065
RF00386	125	160	RscapeTotal	1	29	0	0.033	1.0	0.065
RF00386	125	160	SQUARNAs3u	1	30	0	0.032	1.0	0.062
RF00387	173	6	Rfam	0	51	0	0.0	1	0.0
RF00387	173	6	CentroidAlifold	0	15	0	0.0	1	0.0
RF00387	173	6	RNAalifold	0	40	0	0.0	1	0.0
RF00387	173	6	RscapeNested	0	47	0	0.0	1	0.0
RF00387	173	6	RscapeTotal	0	47	0	0.0	1	0.0
RF00387	173	6	SQUARNAs3u	0	58	0	0.0	1	0.0
RF00388	113	6	Rfam	1	33	0	0.029	1.0	0.057
RF00388	113	6	CentroidAlifold	1	34	0	0.029	1.0	0.056
RF00388	113	6	RNAalifold	1	35	0	0.028	1.0	0.054
RF00388	113	6	RscapeNested	1	29	0	0.033	1.0	0.065
RF00388	113	6	RscapeTotal	1	29	0	0.033	1.0	0.065
RF00388	113	6	SQUARNAs3u	1	35	0	0.028	1.0	0.054
RF00389	159	42	Rfam	0	38	0	0.0	1	0.0
RF00389	159	42	CentroidAlifold	0	18	0	0.0	1	0.0
RF00389	159	42	RNAalifold	0	32	0	0.0	1	0.0
RF00389	159	42	RscapeNested	0	28	0	0.0	1	0.0
RF00389	159	42	RscapeTotal	0	28	0	0.0	1	0.0
RF00389	159	42	SQUARNAs3u	0	50	0	0.0	1	0.0
RF00390	23	6	Rfam	1	6	0	0.143	1.0	0.25
RF00390	23	6	CentroidAlifold	1	2	0	0.333	1.0	0.5
RF00390	23	6	RNAalifold	1	2	0	0.333	1.0	0.5
RF00390	23	6	RscapeNested	0	4	1	0.0	0.0	0.0
RF00390	23	6	RscapeTotal	0	4	1	0.0	0.0	0.0
RF00390	23	6	SQUARNAs3u	1	6	0	0.143	1.0	0.25
RF00391	171	57	Rfam	4	20	3	0.167	0.571	0.258
RF00391	171	57	CentroidAlifold	3	6	4	0.333	0.429	0.375
RF00391	171	57	RNAalifold	3	3	4	0.5	0.429	0.462
RF00391	171	57	RscapeNested	7	26	0	0.212	1.0	0.35
RF00391	171	57	RscapeTotal	7	26	0	0.212	1.0	0.35
RF00391	171	57	SQUARNAs3u	4	33	3	0.108	0.571	0.182
RF00392	142	6	Rfam	0	26	0	0.0	1	0.0
RF00392	142	6	CentroidAlifold	0	33	0	0.0	1	0.0
RF00392	142	6	RNAalifold	0	35	0	0.0	1	0.0
RF00392	142	6	RscapeNested	0	37	0	0.0	1	0.0
RF00392	142	6	RscapeTotal	0	37	0	0.0	1	0.0
RF00392	142	6	SQUARNAs3u	0	52	0	0.0	1	0.0
RF00393	141	5	Rfam	0	37	0	0.0	1	0.0
RF00393	141	5	CentroidAlifold	0	15	0	0.0	1	0.0
RF00393	141	5	RNAalifold	0	46	0	0.0	1	0.0
RF00393	141	5	RscapeNested	0	33	0	0.0	1	0.0
RF00393	141	5	RscapeTotal	0	33	0	0.0	1	0.0
RF00393	141	5	SQUARNAs3u	0	46	0	0.0	1	0.0
RF00394	151	7	Rfam	0	40	0	0.0	1	0.0
RF00394	151	7	CentroidAlifold	0	14	0	0.0	1	0.0
RF00394	151	7	RNAalifold	0	33	0	0.0	1	0.0
RF00394	151	7	RscapeNested	0	34	0	0.0	1	0.0
RF00394	151	7	RscapeTotal	0	34	0	0.0	1	0.0
RF00394	151	7	SQUARNAs3u	0	35	0	0.0	1	0.0
RF00396	166	50	Rfam	0	40	0	0.0	1	0.0
RF00396	166	50	CentroidAlifold	0	21	0	0.0	1	0.0
RF00396	166	50	RNAalifold	0	27	0	0.0	1	0.0
RF00396	166	50	RscapeNested	0	30	0	0.0	1	0.0
RF00396	166	50	RscapeTotal	0	30	0	0.0	1	0.0
RF00396	166	50	SQUARNAs3u	0	41	0	0.0	1	0.0
RF00397	149	18	Rfam	0	37	0	0.0	1	0.0
RF00397	149	18	CentroidAlifold	0	31	0	0.0	1	0.0
RF00397	149	18	RNAalifold	0	31	0	0.0	1	0.0
RF00397	149	18	RscapeNested	0	32	0	0.0	1	0.0
RF00397	149	18	RscapeTotal	0	32	0	0.0	1	0.0
RF00397	149	18	SQUARNAs3u	0	43	0	0.0	1	0.0
RF00398	150	22	Rfam	0	35	0	0.0	1	0.0
RF00398	150	22	CentroidAlifold	0	21	0	0.0	1	0.0
RF00398	150	22	RNAalifold	0	21	0	0.0	1	0.0
RF00398	150	22	RscapeNested	0	30	0	0.0	1	0.0
RF00398	150	22	RscapeTotal	0	30	0	0.0	1	0.0
RF00398	150	22	SQUARNAs3u	0	46	0	0.0	1	0.0
RF00399	135	5	Rfam	0	33	0	0.0	1	0.0
RF00399	135	5	CentroidAlifold	0	24	0	0.0	1	0.0
RF00399	135	5	RNAalifold	0	28	0	0.0	1	0.0
RF00399	135	5	RscapeNested	0	27	0	0.0	1	0.0
RF00399	135	5	RscapeTotal	0	27	0	0.0	1	0.0
RF00399	135	5	SQUARNAs3u	0	35	0	0.0	1	0.0
RF00400	146	26	Rfam	0	31	0	0.0	1	0.0
RF00400	146	26	CentroidAlifold	0	14	0	0.0	1	0.0
RF00400	146	26	RNAalifold	0	24	0	0.0	1	0.0
RF00400	146	26	RscapeNested	0	24	0	0.0	1	0.0
RF00400	146	26	RscapeTotal	0	24	0	0.0	1	0.0
RF00400	146	26	SQUARNAs3u	0	40	0	0.0	1	0.0
RF00401	133	17	Rfam	0	39	0	0.0	1	0.0
RF00401	133	17	CentroidAlifold	0	35	0	0.0	1	0.0
RF00401	133	17	RNAalifold	0	40	0	0.0	1	0.0
RF00401	133	17	RscapeNested	0	38	0	0.0	1	0.0
RF00401	133	17	RscapeTotal	0	38	0	0.0	1	0.0
RF00401	133	17	SQUARNAs3u	0	46	0	0.0	1	0.0
RF00402	147	30	Rfam	0	34	0	0.0	1	0.0
RF00402	147	30	CentroidAlifold	0	26	0	0.0	1	0.0
RF00402	147	30	RNAalifold	0	27	0	0.0	1	0.0
RF00402	147	30	RscapeNested	0	35	0	0.0	1	0.0
RF00402	147	30	RscapeTotal	0	35	0	0.0	1	0.0
RF00402	147	30	SQUARNAs3u	0	37	0	0.0	1	0.0
RF00403	144	31	Rfam	0	27	0	0.0	1	0.0
RF00403	144	31	CentroidAlifold	0	22	0	0.0	1	0.0
RF00403	144	31	RNAalifold	0	23	0	0.0	1	0.0
RF00403	144	31	RscapeNested	0	37	0	0.0	1	0.0
RF00403	144	31	RscapeTotal	0	37	0	0.0	1	0.0
RF00403	144	31	SQUARNAs3u	0	46	0	0.0	1	0.0
RF00404	158	22	Rfam	0	41	0	0.0	1	0.0
RF00404	158	22	CentroidAlifold	0	37	0	0.0	1	0.0
RF00404	158	22	RNAalifold	0	33	0	0.0	1	0.0
RF00404	158	22	RscapeNested	0	37	0	0.0	1	0.0
RF00404	158	22	RscapeTotal	0	37	0	0.0	1	0.0
RF00404	158	22	SQUARNAs3u	0	43	0	0.0	1	0.0
RF00405	143	27	Rfam	0	21	0	0.0	1	0.0
RF00405	143	27	CentroidAlifold	0	18	0	0.0	1	0.0
RF00405	143	27	RNAalifold	0	26	0	0.0	1	0.0
RF00405	143	27	RscapeNested	0	35	0	0.0	1	0.0
RF00405	143	27	RscapeTotal	0	35	0	0.0	1	0.0
RF00405	143	27	SQUARNAs3u	0	38	0	0.0	1	0.0
RF00406	139	21	Rfam	0	35	0	0.0	1	0.0
RF00406	139	21	CentroidAlifold	0	22	0	0.0	1	0.0
RF00406	139	21	RNAalifold	0	32	0	0.0	1	0.0
RF00406	139	21	RscapeNested	0	32	0	0.0	1	0.0
RF00406	139	21	RscapeTotal	0	32	0	0.0	1	0.0
RF00406	139	21	SQUARNAs3u	0	42	0	0.0	1	0.0
RF00407	145	14	Rfam	0	22	0	0.0	1	0.0
RF00407	145	14	CentroidAlifold	0	26	0	0.0	1	0.0
RF00407	145	14	RNAalifold	0	30	0	0.0	1	0.0
RF00407	145	14	RscapeNested	0	38	0	0.0	1	0.0
RF00407	145	14	RscapeTotal	0	38	0	0.0	1	0.0
RF00407	145	14	SQUARNAs3u	0	37	0	0.0	1	0.0
RF00408	152	29	Rfam	0	24	0	0.0	1	0.0
RF00408	152	29	CentroidAlifold	0	21	0	0.0	1	0.0
RF00408	152	29	RNAalifold	0	26	0	0.0	1	0.0
RF00408	152	29	RscapeNested	0	32	0	0.0	1	0.0
RF00408	152	29	RscapeTotal	0	32	0	0.0	1	0.0
RF00408	152	29	SQUARNAs3u	0	39	0	0.0	1	0.0
RF00409	156	31	Rfam	0	37	1	0.0	0.0	0.0
RF00409	156	31	CentroidAlifold	0	27	1	0.0	0.0	0.0
RF00409	156	31	RNAalifold	0	30	1	0.0	0.0	0.0
RF00409	156	31	RscapeNested	0	26	1	0.0	0.0	0.0
RF00409	156	31	RscapeTotal	0	26	1	0.0	0.0	0.0
RF00409	156	31	SQUARNAs3u	0	43	1	0.0	0.0	0.0
RF00410	145	18	Rfam	0	23	0	0.0	1	0.0
RF00410	145	18	CentroidAlifold	0	16	0	0.0	1	0.0
RF00410	145	18	RNAalifold	0	19	0	0.0	1	0.0
RF00410	145	18	RscapeNested	0	38	0	0.0	1	0.0
RF00410	145	18	RscapeTotal	0	38	0	0.0	1	0.0
RF00410	145	18	SQUARNAs3u	0	43	0	0.0	1	0.0
RF00411	149	36	Rfam	0	28	0	0.0	1	0.0
RF00411	149	36	CentroidAlifold	0	32	0	0.0	1	0.0
RF00411	149	36	RNAalifold	0	38	0	0.0	1	0.0
RF00411	149	36	RscapeNested	0	37	0	0.0	1	0.0
RF00411	149	36	RscapeTotal	0	37	0	0.0	1	0.0
RF00411	149	36	SQUARNAs3u	0	41	0	0.0	1	0.0
RF00412	138	5	Rfam	0	24	0	0.0	1	0.0
RF00412	138	5	CentroidAlifold	0	22	0	0.0	1	0.0
RF00412	138	5	RNAalifold	0	39	0	0.0	1	0.0
RF00412	138	5	RscapeNested	0	38	0	0.0	1	0.0
RF00412	138	5	RscapeTotal	0	38	0	0.0	1	0.0
RF00412	138	5	SQUARNAs3u	0	51	0	0.0	1	0.0
RF00413	138	34	Rfam	0	26	0	0.0	1	0.0
RF00413	138	34	CentroidAlifold	0	30	0	0.0	1	0.0
RF00413	138	34	RNAalifold	0	32	0	0.0	1	0.0
RF00413	138	34	RscapeNested	0	37	0	0.0	1	0.0
RF00413	138	34	RscapeTotal	0	37	0	0.0	1	0.0
RF00413	138	34	SQUARNAs3u	0	42	0	0.0	1	0.0
RF00414	150	31	Rfam	0	39	0	0.0	1	0.0
RF00414	150	31	CentroidAlifold	0	20	0	0.0	1	0.0
RF00414	150	31	RNAalifold	0	31	0	0.0	1	0.0
RF00414	150	31	RscapeNested	0	32	0	0.0	1	0.0
RF00414	150	31	RscapeTotal	0	32	0	0.0	1	0.0
RF00414	150	31	SQUARNAs3u	0	41	0	0.0	1	0.0
RF00415	139	11	Rfam	0	37	0	0.0	1	0.0
RF00415	139	11	CentroidAlifold	0	34	0	0.0	1	0.0
RF00415	139	11	RNAalifold	0	37	0	0.0	1	0.0
RF00415	139	11	RscapeNested	0	43	0	0.0	1	0.0
RF00415	139	11	RscapeTotal	0	43	0	0.0	1	0.0
RF00415	139	11	SQUARNAs3u	0	44	0	0.0	1	0.0
RF00416	148	21	Rfam	0	26	0	0.0	1	0.0
RF00416	148	21	CentroidAlifold	0	13	0	0.0	1	0.0
RF00416	148	21	RNAalifold	0	23	0	0.0	1	0.0
RF00416	148	21	RscapeNested	0	37	0	0.0	1	0.0
RF00416	148	21	RscapeTotal	0	37	0	0.0	1	0.0
RF00416	148	21	SQUARNAs3u	0	40	0	0.0	1	0.0
RF00417	147	17	Rfam	0	33	0	0.0	1	0.0
RF00417	147	17	CentroidAlifold	0	22	0	0.0	1	0.0
RF00417	147	17	RNAalifold	0	33	0	0.0	1	0.0
RF00417	147	17	RscapeNested	0	34	0	0.0	1	0.0
RF00417	147	17	RscapeTotal	0	34	0	0.0	1	0.0
RF00417	147	17	SQUARNAs3u	0	45	0	0.0	1	0.0
RF00418	147	20	Rfam	0	28	0	0.0	1	0.0
RF00418	147	20	CentroidAlifold	0	33	0	0.0	1	0.0
RF00418	147	20	RNAalifold	0	34	0	0.0	1	0.0
RF00418	147	20	RscapeNested	0	33	0	0.0	1	0.0
RF00418	147	20	RscapeTotal	0	33	0	0.0	1	0.0
RF00418	147	20	SQUARNAs3u	0	45	0	0.0	1	0.0
RF00419	152	21	Rfam	0	31	0	0.0	1	0.0
RF00419	152	21	CentroidAlifold	0	26	0	0.0	1	0.0
RF00419	152	21	RNAalifold	0	28	0	0.0	1	0.0
RF00419	152	21	RscapeNested	0	30	0	0.0	1	0.0
RF00419	152	21	RscapeTotal	0	30	0	0.0	1	0.0
RF00419	152	21	SQUARNAs3u	0	34	0	0.0	1	0.0
RF00420	148	25	Rfam	0	24	0	0.0	1	0.0
RF00420	148	25	CentroidAlifold	0	22	0	0.0	1	0.0
RF00420	148	25	RNAalifold	0	24	0	0.0	1	0.0
RF00420	148	25	RscapeNested	0	37	0	0.0	1	0.0
RF00420	148	25	RscapeTotal	0	37	0	0.0	1	0.0
RF00420	148	25	SQUARNAs3u	0	31	0	0.0	1	0.0
RF00421	124	9	Rfam	0	23	0	0.0	1	0.0
RF00421	124	9	CentroidAlifold	0	23	0	0.0	1	0.0
RF00421	124	9	RNAalifold	0	33	0	0.0	1	0.0
RF00421	124	9	RscapeNested	0	26	0	0.0	1	0.0
RF00421	124	9	RscapeTotal	0	26	0	0.0	1	0.0
RF00421	124	9	SQUARNAs3u	0	44	0	0.0	1	0.0
RF00422	144	23	Rfam	0	29	0	0.0	1	0.0
RF00422	144	23	CentroidAlifold	0	31	0	0.0	1	0.0
RF00422	144	23	RNAalifold	0	34	0	0.0	1	0.0
RF00422	144	23	RscapeNested	0	26	0	0.0	1	0.0
RF00422	144	23	RscapeTotal	0	26	0	0.0	1	0.0
RF00422	144	23	SQUARNAs3u	0	44	0	0.0	1	0.0
RF00423	141	24	Rfam	0	33	0	0.0	1	0.0
RF00423	141	24	CentroidAlifold	0	24	0	0.0	1	0.0
RF00423	141	24	RNAalifold	0	30	0	0.0	1	0.0
RF00423	141	24	RscapeNested	0	29	0	0.0	1	0.0
RF00423	141	24	RscapeTotal	0	29	0	0.0	1	0.0
RF00423	141	24	SQUARNAs3u	0	39	0	0.0	1	0.0
RF00424	215	37	Rfam	0	54	0	0.0	1	0.0
RF00424	215	37	CentroidAlifold	0	12	0	0.0	1	0.0
RF00424	215	37	RNAalifold	0	21	0	0.0	1	0.0
RF00424	215	37	RscapeNested	0	53	0	0.0	1	0.0
RF00424	215	37	RscapeTotal	0	53	0	0.0	1	0.0
RF00424	215	37	SQUARNAs3u	0	57	0	0.0	1	0.0
RF00425	142	29	Rfam	0	34	0	0.0	1	0.0
RF00425	142	29	CentroidAlifold	0	25	0	0.0	1	0.0
RF00425	142	29	RNAalifold	0	27	0	0.0	1	0.0
RF00425	142	29	RscapeNested	0	35	0	0.0	1	0.0
RF00425	142	29	RscapeTotal	0	35	0	0.0	1	0.0
RF00425	142	29	SQUARNAs3u	0	45	0	0.0	1	0.0
RF00426	139	22	Rfam	0	36	0	0.0	1	0.0
RF00426	139	22	CentroidAlifold	0	26	0	0.0	1	0.0
RF00426	139	22	RNAalifold	0	26	0	0.0	1	0.0
RF00426	139	22	RscapeNested	0	36	0	0.0	1	0.0
RF00426	139	22	RscapeTotal	0	36	0	0.0	1	0.0
RF00426	139	22	SQUARNAs3u	0	41	0	0.0	1	0.0
RF00427	137	18	Rfam	0	36	0	0.0	1	0.0
RF00427	137	18	CentroidAlifold	0	24	0	0.0	1	0.0
RF00427	137	18	RNAalifold	0	29	0	0.0	1	0.0
RF00427	137	18	RscapeNested	0	34	0	0.0	1	0.0
RF00427	137	18	RscapeTotal	0	34	0	0.0	1	0.0
RF00427	137	18	SQUARNAs3u	0	43	0	0.0	1	0.0
RF00428	140	25	Rfam	0	25	0	0.0	1	0.0
RF00428	140	25	CentroidAlifold	0	24	0	0.0	1	0.0
RF00428	140	25	RNAalifold	0	30	0	0.0	1	0.0
RF00428	140	25	RscapeNested	0	28	0	0.0	1	0.0
RF00428	140	25	RscapeTotal	0	28	0	0.0	1	0.0
RF00428	140	25	SQUARNAs3u	0	37	0	0.0	1	0.0
RF00429	151	26	Rfam	0	16	0	0.0	1	0.0
RF00429	151	26	CentroidAlifold	0	24	0	0.0	1	0.0
RF00429	151	26	RNAalifold	0	26	0	0.0	1	0.0
RF00429	151	26	RscapeNested	0	27	0	0.0	1	0.0
RF00429	151	26	RscapeTotal	0	27	0	0.0	1	0.0
RF00429	151	26	SQUARNAs3u	0	37	0	0.0	1	0.0
RF00430	140	5	Rfam	0	31	0	0.0	1	0.0
RF00430	140	5	CentroidAlifold	0	30	0	0.0	1	0.0
RF00430	140	5	RNAalifold	0	32	0	0.0	1	0.0
RF00430	140	5	RscapeNested	0	31	0	0.0	1	0.0
RF00430	140	5	RscapeTotal	0	31	0	0.0	1	0.0
RF00430	140	5	SQUARNAs3u	0	40	0	0.0	1	0.0
RF00431	142	29	Rfam	0	31	0	0.0	1	0.0
RF00431	142	29	CentroidAlifold	0	30	0	0.0	1	0.0
RF00431	142	29	RNAalifold	0	31	0	0.0	1	0.0
RF00431	142	29	RscapeNested	0	29	0	0.0	1	0.0
RF00431	142	29	RscapeTotal	0	29	0	0.0	1	0.0
RF00431	142	29	SQUARNAs3u	0	35	0	0.0	1	0.0
RF00432	136	9	Rfam	0	29	0	0.0	1	0.0
RF00432	136	9	CentroidAlifold	0	28	0	0.0	1	0.0
RF00432	136	9	RNAalifold	0	35	0	0.0	1	0.0
RF00432	136	9	RscapeNested	0	33	0	0.0	1	0.0
RF00432	136	9	RscapeTotal	0	33	0	0.0	1	0.0
RF00432	136	9	SQUARNAs3u	0	32	0	0.0	1	0.0
RF00433	152	6	Rfam	0	49	0	0.0	1	0.0
RF00433	152	6	CentroidAlifold	0	22	0	0.0	1	0.0
RF00433	152	6	RNAalifold	0	45	0	0.0	1	0.0
RF00433	152	6	RscapeNested	0	30	0	0.0	1	0.0
RF00433	152	6	RscapeTotal	0	30	0	0.0	1	0.0
RF00433	152	6	SQUARNAs3u	0	54	0	0.0	1	0.0
RF00434	130	17	Rfam	0	29	0	0.0	1	0.0
RF00434	130	17	CentroidAlifold	0	22	0	0.0	1	0.0
RF00434	130	17	RNAalifold	0	23	0	0.0	1	0.0
RF00434	130	17	RscapeNested	0	22	0	0.0	1	0.0
RF00434	130	17	RscapeTotal	0	22	0	0.0	1	0.0
RF00434	130	17	SQUARNAs3u	0	32	0	0.0	1	0.0
RF00435	132	13	Rfam	2	32	0	0.059	1.0	0.111
RF00435	132	13	CentroidAlifold	2	35	0	0.054	1.0	0.103
RF00435	132	13	RNAalifold	2	30	0	0.062	1.0	0.118
RF00435	132	13	RscapeNested	2	40	0	0.048	1.0	0.091
RF00435	132	13	RscapeTotal	2	40	0	0.048	1.0	0.091
RF00435	132	13	SQUARNAs3u	2	38	0	0.05	1.0	0.095
RF00436	57	30	Rfam	0	10	0	0.0	1	0.0
RF00436	57	30	CentroidAlifold	0	7	0	0.0	1	0.0
RF00436	57	30	RNAalifold	0	6	0	0.0	1	0.0
RF00436	57	30	RscapeNested	0	10	0	0.0	1	0.0
RF00436	57	30	RscapeTotal	0	10	0	0.0	1	0.0
RF00436	57	30	SQUARNAs3u	0	12	0	0.0	1	0.0
RF00437	134	5	Rfam	0	27	0	0.0	1	0.0
RF00437	134	5	CentroidAlifold	0	14	0	0.0	1	0.0
RF00437	134	5	RNAalifold	0	33	0	0.0	1	0.0
RF00437	134	5	RscapeNested	0	34	0	0.0	1	0.0
RF00437	134	5	RscapeTotal	0	34	0	0.0	1	0.0
RF00437	134	5	SQUARNAs3u	0	46	0	0.0	1	0.0
RF00438	156	28	Rfam	0	24	0	0.0	1	0.0
RF00438	156	28	CentroidAlifold	0	24	0	0.0	1	0.0
RF00438	156	28	RNAalifold	0	26	0	0.0	1	0.0
RF00438	156	28	RscapeNested	0	27	0	0.0	1	0.0
RF00438	156	28	RscapeTotal	0	27	0	0.0	1	0.0
RF00438	156	28	SQUARNAs3u	0	33	0	0.0	1	0.0
RF00439	93	10	Rfam	0	7	0	0.0	1	0.0
RF00439	93	10	CentroidAlifold	0	10	0	0.0	1	0.0
RF00439	93	10	RNAalifold	0	20	0	0.0	1	0.0
RF00439	93	10	RscapeNested	0	17	0	0.0	1	0.0
RF00439	93	10	RscapeTotal	0	17	0	0.0	1	0.0
RF00439	93	10	SQUARNAs3u	0	24	0	0.0	1	0.0
RF00440	68	6	Rfam	0	2	0	0.0	1	0.0
RF00440	68	6	CentroidAlifold	0	10	0	0.0	1	0.0
RF00440	68	6	RNAalifold	0	16	0	0.0	1	0.0
RF00440	68	6	RscapeNested	0	18	0	0.0	1	0.0
RF00440	68	6	RscapeTotal	0	18	0	0.0	1	0.0
RF00440	68	6	SQUARNAs3u	0	20	0	0.0	1	0.0
RF00441	198	5	Rfam	0	19	0	0.0	1	0.0
RF00441	198	5	CentroidAlifold	0	19	0	0.0	1	0.0
RF00441	198	5	RNAalifold	0	56	0	0.0	1	0.0
RF00441	198	5	RscapeNested	0	48	0	0.0	1	0.0
RF00441	198	5	RscapeTotal	0	48	0	0.0	1	0.0
RF00441	198	5	SQUARNAs3u	0	67	0	0.0	1	0.0
RF00442	178	100	Rfam	16	14	0	0.533	1.0	0.696
RF00442	178	100	CentroidAlifold	16	9	0	0.64	1.0	0.78
RF00442	178	100	RNAalifold	16	11	0	0.593	1.0	0.744
RF00442	178	100	RscapeNested	16	17	0	0.485	1.0	0.653
RF00442	178	100	RscapeTotal	16	17	0	0.485	1.0	0.653
RF00442	178	100	SQUARNAs3u	16	17	0	0.485	1.0	0.653
RF00443	151	24	Rfam	0	24	0	0.0	1	0.0
RF00443	151	24	CentroidAlifold	0	14	0	0.0	1	0.0
RF00443	151	24	RNAalifold	0	25	0	0.0	1	0.0
RF00443	151	24	RscapeNested	0	28	0	0.0	1	0.0
RF00443	151	24	RscapeTotal	0	28	0	0.0	1	0.0
RF00443	151	24	SQUARNAs3u	0	34	0	0.0	1	0.0
RF00444	156	18	Rfam	2	26	0	0.071	1.0	0.133
RF00444	156	18	CentroidAlifold	2	23	0	0.08	1.0	0.148
RF00444	156	18	RNAalifold	2	29	0	0.065	1.0	0.121
RF00444	156	18	RscapeNested	2	28	0	0.067	1.0	0.125
RF00444	156	18	RscapeTotal	2	28	0	0.067	1.0	0.125
RF00444	156	18	SQUARNAs3u	2	40	0	0.048	1.0	0.091
RF00445	152	13	Rfam	0	27	0	0.0	1	0.0
RF00445	152	13	CentroidAlifold	0	26	0	0.0	1	0.0
RF00445	152	13	RNAalifold	0	20	0	0.0	1	0.0
RF00445	152	13	RscapeNested	0	44	0	0.0	1	0.0
RF00445	152	13	RscapeTotal	0	44	0	0.0	1	0.0
RF00445	152	13	SQUARNAs3u	0	32	0	0.0	1	0.0
RF00446	104	46	Rfam	0	20	0	0.0	1	0.0
RF00446	104	46	CentroidAlifold	0	18	0	0.0	1	0.0
RF00446	104	46	RNAalifold	0	16	0	0.0	1	0.0
RF00446	104	46	RscapeNested	0	28	0	0.0	1	0.0
RF00446	104	46	RscapeTotal	0	28	0	0.0	1	0.0
RF00446	104	46	SQUARNAs3u	0	31	0	0.0	1	0.0
RF00447	263	6	Rfam	0	51	0	0.0	1	0.0
RF00447	263	6	CentroidAlifold	0	32	0	0.0	1	0.0
RF00447	263	6	RNAalifold	0	60	0	0.0	1	0.0
RF00447	263	6	RscapeNested	0	55	0	0.0	1	0.0
RF00447	263	6	RscapeTotal	0	55	0	0.0	1	0.0
RF00447	263	6	SQUARNAs3u	0	70	0	0.0	1	0.0
RF00448	221	6	Rfam	0	35	0	0.0	1	0.0
RF00448	221	6	CentroidAlifold	0	32	0	0.0	1	0.0
RF00448	221	6	RNAalifold	0	53	0	0.0	1	0.0
RF00448	221	6	RscapeNested	0	36	0	0.0	1	0.0
RF00448	221	6	RscapeTotal	0	36	0	0.0	1	0.0
RF00448	221	6	SQUARNAs3u	0	59	0	0.0	1	0.0
RF00449	334	17	Rfam	0	37	1	0.0	0.0	0.0
RF00449	334	17	CentroidAlifold	0	6	1	0.0	0.0	0.0
RF00449	334	17	RNAalifold	0	49	1	0.0	0.0	0.0
RF00449	334	17	RscapeNested	1	77	0	0.013	1.0	0.025
RF00449	334	17	RscapeTotal	1	77	0	0.013	1.0	0.025
RF00449	334	17	SQUARNAs3u	0	53	1	0.0	0.0	0.0
RF00451	147	25	Rfam	0	30	0	0.0	1	0.0
RF00451	147	25	CentroidAlifold	0	24	0	0.0	1	0.0
RF00451	147	25	RNAalifold	0	24	0	0.0	1	0.0
RF00451	147	25	RscapeNested	0	37	0	0.0	1	0.0
RF00451	147	25	RscapeTotal	0	37	0	0.0	1	0.0
RF00451	147	25	SQUARNAs3u	0	34	0	0.0	1	0.0
RF00452	187	11	Rfam	0	23	0	0.0	1	0.0
RF00452	187	11	CentroidAlifold	0	21	0	0.0	1	0.0
RF00452	187	11	RNAalifold	0	20	0	0.0	1	0.0
RF00452	187	11	RscapeNested	0	40	0	0.0	1	0.0
RF00452	187	11	RscapeTotal	0	40	0	0.0	1	0.0
RF00452	187	11	SQUARNAs3u	0	33	0	0.0	1	0.0
RF00453	33	4	Rfam	0	10	0	0.0	1	0.0
RF00453	33	4	CentroidAlifold	0	6	0	0.0	1	0.0
RF00453	33	4	RNAalifold	0	7	0	0.0	1	0.0
RF00453	33	4	RscapeNested	0	6	0	0.0	1	0.0
RF00453	33	4	RscapeTotal	0	6	0	0.0	1	0.0
RF00453	33	4	SQUARNAs3u	0	9	0	0.0	1	0.0
RF00454	60	12	Rfam	0	14	0	0.0	1	0.0
RF00454	60	12	CentroidAlifold	0	7	0	0.0	1	0.0
RF00454	60	12	RNAalifold	0	15	0	0.0	1	0.0
RF00454	60	12	RscapeNested	0	13	0	0.0	1	0.0
RF00454	60	12	RscapeTotal	0	13	0	0.0	1	0.0
RF00454	60	12	SQUARNAs3u	0	17	0	0.0	1	0.0
RF00455	89	17	Rfam	0	22	0	0.0	1	0.0
RF00455	89	17	CentroidAlifold	0	22	0	0.0	1	0.0
RF00455	89	17	RNAalifold	0	22	0	0.0	1	0.0
RF00455	89	17	RscapeNested	0	31	0	0.0	1	0.0
RF00455	89	17	RscapeTotal	0	31	0	0.0	1	0.0
RF00455	89	17	SQUARNAs3u	0	33	0	0.0	1	0.0
RF00456	92	18	Rfam	0	30	0	0.0	1	0.0
RF00456	92	18	CentroidAlifold	0	29	0	0.0	1	0.0
RF00456	92	18	RNAalifold	0	29	0	0.0	1	0.0
RF00456	92	18	RscapeNested	0	39	0	0.0	1	0.0
RF00456	92	18	RscapeTotal	0	39	0	0.0	1	0.0
RF00456	92	18	SQUARNAs3u	0	33	0	0.0	1	0.0
RF00457	217	21	Rfam	0	33	0	0.0	1	0.0
RF00457	217	21	CentroidAlifold	0	32	0	0.0	1	0.0
RF00457	217	21	RNAalifold	0	53	0	0.0	1	0.0
RF00457	217	21	RscapeNested	0	46	0	0.0	1	0.0
RF00457	217	21	RscapeTotal	0	46	0	0.0	1	0.0
RF00457	217	21	SQUARNAs3u	0	62	0	0.0	1	0.0
RF00458	210	7	Rfam	3	57	0	0.05	1.0	0.095
RF00458	210	7	CentroidAlifold	1	38	2	0.026	0.333	0.048
RF00458	210	7	RNAalifold	1	44	2	0.022	0.333	0.042
RF00458	210	7	RscapeNested	2	15	1	0.118	0.667	0.2
RF00458	210	7	RscapeTotal	2	15	1	0.118	0.667	0.2
RF00458	210	7	SQUARNAs3u	3	66	0	0.043	1.0	0.083
RF00459	309	9	Rfam	0	57	1	0.0	0.0	0.0
RF00459	309	9	CentroidAlifold	0	9	1	0.0	0.0	0.0
RF00459	309	9	RNAalifold	0	49	1	0.0	0.0	0.0
RF00459	309	9	RscapeNested	1	45	0	0.022	1.0	0.043
RF00459	309	9	RscapeTotal	1	45	0	0.022	1.0	0.043
RF00459	309	9	SQUARNAs3u	0	59	1	0.0	0.0	0.0
RF00460	81	39	Rfam	0	14	0	0.0	1	0.0
RF00460	81	39	CentroidAlifold	0	6	0	0.0	1	0.0
RF00460	81	39	RNAalifold	0	11	0	0.0	1	0.0
RF00460	81	39	RscapeNested	0	5	0	0.0	1	0.0
RF00460	81	39	RscapeTotal	0	5	0	0.0	1	0.0
RF00460	81	39	SQUARNAs3u	0	21	0	0.0	1	0.0
RF00461	316	7	Rfam	0	95	0	0.0	1	0.0
RF00461	316	7	CentroidAlifold	0	22	0	0.0	1	0.0
RF00461	316	7	RNAalifold	0	82	0	0.0	1	0.0
RF00461	316	7	RscapeNested	0	98	0	0.0	1	0.0
RF00461	316	7	RscapeTotal	0	98	0	0.0	1	0.0
RF00461	316	7	SQUARNAs3u	0	87	0	0.0	1	0.0
RF00462	53	6	Rfam	0	11	0	0.0	1	0.0
RF00462	53	6	CentroidAlifold	0	5	0	0.0	1	0.0
RF00462	53	6	RNAalifold	0	10	0	0.0	1	0.0
RF00462	53	6	RscapeNested	0	8	0	0.0	1	0.0
RF00462	53	6	RscapeTotal	0	8	0	0.0	1	0.0
RF00462	53	6	SQUARNAs3u	0	14	0	0.0	1	0.0
RF00463	128	5	Rfam	0	41	0	0.0	1	0.0
RF00463	128	5	CentroidAlifold	0	17	0	0.0	1	0.0
RF00463	128	5	RNAalifold	0	43	0	0.0	1	0.0
RF00463	128	5	RscapeNested	0	43	0	0.0	1	0.0
RF00463	128	5	RscapeTotal	0	43	0	0.0	1	0.0
RF00463	128	5	SQUARNAs3u	0	38	0	0.0	1	0.0
RF00464	82	23	Rfam	0	26	0	0.0	1	0.0
RF00464	82	23	CentroidAlifold	0	22	0	0.0	1	0.0
RF00464	82	23	RNAalifold	0	21	0	0.0	1	0.0
RF00464	82	23	RscapeNested	0	32	0	0.0	1	0.0
RF00464	82	23	RscapeTotal	0	32	0	0.0	1	0.0
RF00464	82	23	SQUARNAs3u	0	31	0	0.0	1	0.0
RF00467	75	22	Rfam	0	15	0	0.0	1	0.0
RF00467	75	22	CentroidAlifold	0	21	0	0.0	1	0.0
RF00467	75	22	RNAalifold	0	23	0	0.0	1	0.0
RF00467	75	22	RscapeNested	0	28	0	0.0	1	0.0
RF00467	75	22	RscapeTotal	0	28	0	0.0	1	0.0
RF00467	75	22	SQUARNAs3u	0	30	0	0.0	1	0.0
RF00468	66	110	Rfam	0	17	0	0.0	1	0.0
RF00468	66	110	CentroidAlifold	0	11	0	0.0	1	0.0
RF00468	66	110	RNAalifold	0	11	0	0.0	1	0.0
RF00468	66	110	RscapeNested	0	21	0	0.0	1	0.0
RF00468	66	110	RscapeTotal	0	21	0	0.0	1	0.0
RF00468	66	110	SQUARNAs3u	0	24	0	0.0	1	0.0
RF00470	308	33	Rfam	0	42	0	0.0	1	0.0
RF00470	308	33	CentroidAlifold	0	28	0	0.0	1	0.0
RF00470	308	33	RNAalifold	0	47	0	0.0	1	0.0
RF00470	308	33	RscapeNested	0	54	0	0.0	1	0.0
RF00470	308	33	RscapeTotal	0	54	0	0.0	1	0.0
RF00470	308	33	SQUARNAs3u	0	81	0	0.0	1	0.0
RF00471	122	6	Rfam	0	4	0	0.0	1	0.0
RF00471	122	6	CentroidAlifold	0	11	0	0.0	1	0.0
RF00471	122	6	RNAalifold	0	11	0	0.0	1	0.0
RF00471	122	6	RscapeNested	0	17	0	0.0	1	0.0
RF00471	122	6	RscapeTotal	0	17	0	0.0	1	0.0
RF00471	122	6	SQUARNAs3u	0	28	0	0.0	1	0.0
RF00472	99	6	Rfam	0	0	0	1	1	1
RF00472	99	6	CentroidAlifold	0	7	0	0.0	1	0.0
RF00472	99	6	RNAalifold	0	7	0	0.0	1	0.0
RF00472	99	6	RscapeNested	0	9	0	0.0	1	0.0
RF00472	99	6	RscapeTotal	0	9	0	0.0	1	0.0
RF00472	99	6	SQUARNAs3u	0	27	0	0.0	1	0.0
RF00473	107	8	Rfam	0	0	0	1	1	1
RF00473	107	8	CentroidAlifold	0	4	0	0.0	1	0.0
RF00473	107	8	RNAalifold	0	10	0	0.0	1	0.0
RF00473	107	8	RscapeNested	0	6	0	0.0	1	0.0
RF00473	107	8	RscapeTotal	0	6	0	0.0	1	0.0
RF00473	107	8	SQUARNAs3u	0	18	0	0.0	1	0.0
RF00474	100	5	Rfam	0	4	0	0.0	1	0.0
RF00474	100	5	CentroidAlifold	0	7	0	0.0	1	0.0
RF00474	100	5	RNAalifold	0	16	0	0.0	1	0.0
RF00474	100	5	RscapeNested	0	20	0	0.0	1	0.0
RF00474	100	5	RscapeTotal	0	20	0	0.0	1	0.0
RF00474	100	5	SQUARNAs3u	0	32	0	0.0	1	0.0
RF00475	120	6	Rfam	0	4	0	0.0	1	0.0
RF00475	120	6	CentroidAlifold	0	0	0	1	1	1
RF00475	120	6	RNAalifold	0	0	0	1	1	1
RF00475	120	6	RscapeNested	0	9	0	0.0	1	0.0
RF00475	120	6	RscapeTotal	0	9	0	0.0	1	0.0
RF00475	120	6	SQUARNAs3u	0	18	0	0.0	1	0.0
RF00476	105	56	Rfam	0	0	0	1	1	1
RF00476	105	56	CentroidAlifold	0	3	0	0.0	1	0.0
RF00476	105	56	RNAalifold	0	3	0	0.0	1	0.0
RF00476	105	56	RscapeNested	0	5	0	0.0	1	0.0
RF00476	105	56	RscapeTotal	0	5	0	0.0	1	0.0
RF00476	105	56	SQUARNAs3u	0	9	0	0.0	1	0.0
RF00477	117	4	Rfam	0	6	0	0.0	1	0.0
RF00477	117	4	CentroidAlifold	0	6	0	0.0	1	0.0
RF00477	117	4	RNAalifold	0	8	0	0.0	1	0.0
RF00477	117	4	RscapeNested	0	9	0	0.0	1	0.0
RF00477	117	4	RscapeTotal	0	9	0	0.0	1	0.0
RF00477	117	4	SQUARNAs3u	0	32	0	0.0	1	0.0
RF00478	298	17	Rfam	0	57	0	0.0	1	0.0
RF00478	298	17	CentroidAlifold	0	43	0	0.0	1	0.0
RF00478	298	17	RNAalifold	0	58	0	0.0	1	0.0
RF00478	298	17	RscapeNested	0	82	0	0.0	1	0.0
RF00478	298	17	RscapeTotal	0	82	0	0.0	1	0.0
RF00478	298	17	SQUARNAs3u	0	85	0	0.0	1	0.0
RF00479	100	7	Rfam	0	4	0	0.0	1	0.0
RF00479	100	7	CentroidAlifold	0	0	0	1	1	1
RF00479	100	7	RNAalifold	0	0	0	1	1	1
RF00479	100	7	RscapeNested	0	9	0	0.0	1	0.0
RF00479	100	7	RscapeTotal	0	9	0	0.0	1	0.0
RF00479	100	7	SQUARNAs3u	0	20	0	0.0	1	0.0
RF00480	52	145	Rfam	0	10	0	0.0	1	0.0
RF00480	52	145	CentroidAlifold	0	8	0	0.0	1	0.0
RF00480	52	145	RNAalifold	0	5	0	0.0	1	0.0
RF00480	52	145	RscapeNested	0	18	0	0.0	1	0.0
RF00480	52	145	RscapeTotal	0	18	0	0.0	1	0.0
RF00480	52	145	SQUARNAs3u	0	19	0	0.0	1	0.0
RF00481	100	22	Rfam	0	37	0	0.0	1	0.0
RF00481	100	22	CentroidAlifold	0	25	0	0.0	1	0.0
RF00481	100	22	RNAalifold	0	32	0	0.0	1	0.0
RF00481	100	22	RscapeNested	0	33	0	0.0	1	0.0
RF00481	100	22	RscapeTotal	0	33	0	0.0	1	0.0
RF00481	100	22	SQUARNAs3u	0	33	0	0.0	1	0.0
RF00482	141	8	Rfam	0	32	0	0.0	1	0.0
RF00482	141	8	CentroidAlifold	0	26	0	0.0	1	0.0
RF00482	141	8	RNAalifold	0	35	0	0.0	1	0.0
RF00482	141	8	RscapeNested	0	34	0	0.0	1	0.0
RF00482	141	8	RscapeTotal	0	34	0	0.0	1	0.0
RF00482	141	8	SQUARNAs3u	0	55	0	0.0	1	0.0
RF00483	122	9	Rfam	0	28	0	0.0	1	0.0
RF00483	122	9	CentroidAlifold	0	11	0	0.0	1	0.0
RF00483	122	9	RNAalifold	0	35	0	0.0	1	0.0
RF00483	122	9	RscapeNested	0	34	0	0.0	1	0.0
RF00483	122	9	RscapeTotal	0	34	0	0.0	1	0.0
RF00483	122	9	SQUARNAs3u	0	33	0	0.0	1	0.0
RF00484	153	6	Rfam	0	32	0	0.0	1	0.0
RF00484	153	6	CentroidAlifold	0	17	0	0.0	1	0.0
RF00484	153	6	RNAalifold	0	39	0	0.0	1	0.0
RF00484	153	6	RscapeNested	0	37	0	0.0	1	0.0
RF00484	153	6	RscapeTotal	0	37	0	0.0	1	0.0
RF00484	153	6	SQUARNAs3u	0	42	0	0.0	1	0.0
RF00485	116	85	Rfam	0	24	3	0.0	0.0	0.0
RF00485	116	85	CentroidAlifold	0	1	3	0.0	0.0	0.0
RF00485	116	85	RNAalifold	0	0	3	1	0.0	0.0
RF00485	116	85	RscapeNested	1	21	2	0.045	0.333	0.08
RF00485	116	85	RscapeTotal	1	21	2	0.045	0.333	0.08
RF00485	116	85	SQUARNAs3u	0	20	3	0.0	0.0	0.0
RF00486	92	6	Rfam	0	25	1	0.0	0.0	0.0
RF00486	92	6	CentroidAlifold	0	31	1	0.0	0.0	0.0
RF00486	92	6	RNAalifold	0	31	1	0.0	0.0	0.0
RF00486	92	6	RscapeNested	0	32	1	0.0	0.0	0.0
RF00486	92	6	RscapeTotal	0	32	1	0.0	0.0	0.0
RF00486	92	6	SQUARNAs3u	0	33	1	0.0	0.0	0.0
RF00487	217	14	Rfam	0	56	0	0.0	1	0.0
RF00487	217	14	CentroidAlifold	0	1	0	0.0	1	0.0
RF00487	217	14	RNAalifold	0	32	0	0.0	1	0.0
RF00487	217	14	RscapeNested	0	46	0	0.0	1	0.0
RF00487	217	14	RscapeTotal	0	46	0	0.0	1	0.0
RF00487	217	14	SQUARNAs3u	0	60	0	0.0	1	0.0
RF00488	625	5	Rfam	0	78	0	0.0	1	0.0
RF00488	625	5	CentroidAlifold	0	103	0	0.0	1	0.0
RF00488	625	5	RNAalifold	0	130	0	0.0	1	0.0
RF00488	625	5	RscapeNested	0	126	0	0.0	1	0.0
RF00488	625	5	RscapeTotal	0	126	0	0.0	1	0.0
RF00488	625	5	SQUARNAs3u	0	195	0	0.0	1	0.0
RF00489	49	10	Rfam	0	12	0	0.0	1	0.0
RF00489	49	10	CentroidAlifold	0	16	0	0.0	1	0.0
RF00489	49	10	RNAalifold	0	16	0	0.0	1	0.0
RF00489	49	10	RscapeNested	0	15	0	0.0	1	0.0
RF00489	49	10	RscapeTotal	0	15	0	0.0	1	0.0
RF00489	49	10	SQUARNAs3u	0	21	0	0.0	1	0.0
RF00490	81	29	Rfam	0	22	0	0.0	1	0.0
RF00490	81	29	CentroidAlifold	0	12	0	0.0	1	0.0
RF00490	81	29	RNAalifold	0	12	0	0.0	1	0.0
RF00490	81	29	RscapeNested	0	16	0	0.0	1	0.0
RF00490	81	29	RscapeTotal	0	16	0	0.0	1	0.0
RF00490	81	29	SQUARNAs3u	0	24	0	0.0	1	0.0
RF00492	145	6	Rfam	0	32	0	0.0	1	0.0
RF00492	145	6	CentroidAlifold	0	15	0	0.0	1	0.0
RF00492	145	6	RNAalifold	0	36	0	0.0	1	0.0
RF00492	145	6	RscapeNested	0	41	0	0.0	1	0.0
RF00492	145	6	RscapeTotal	0	41	0	0.0	1	0.0
RF00492	145	6	SQUARNAs3u	0	46	0	0.0	1	0.0
RF00493	75	21	Rfam	0	11	0	0.0	1	0.0
RF00493	75	21	CentroidAlifold	0	7	0	0.0	1	0.0
RF00493	75	21	RNAalifold	0	12	0	0.0	1	0.0
RF00493	75	21	RscapeNested	0	15	0	0.0	1	0.0
RF00493	75	21	RscapeTotal	0	15	0	0.0	1	0.0
RF00493	75	21	SQUARNAs3u	0	11	0	0.0	1	0.0
RF00494	86	29	Rfam	0	9	0	0.0	1	0.0
RF00494	86	29	CentroidAlifold	0	9	0	0.0	1	0.0
RF00494	86	29	RNAalifold	0	9	0	0.0	1	0.0
RF00494	86	29	RscapeNested	0	17	0	0.0	1	0.0
RF00494	86	29	RscapeTotal	0	17	0	0.0	1	0.0
RF00494	86	29	SQUARNAs3u	0	26	0	0.0	1	0.0
RF00495	233	14	Rfam	0	54	1	0.0	0.0	0.0
RF00495	233	14	CentroidAlifold	0	8	1	0.0	0.0	0.0
RF00495	233	14	RNAalifold	0	36	1	0.0	0.0	0.0
RF00495	233	14	RscapeNested	0	67	1	0.0	0.0	0.0
RF00495	233	14	RscapeTotal	0	67	1	0.0	0.0	0.0
RF00495	233	14	SQUARNAs3u	0	50	1	0.0	0.0	0.0
RF00498	45	6	Rfam	0	11	0	0.0	1	0.0
RF00498	45	6	CentroidAlifold	0	13	0	0.0	1	0.0
RF00498	45	6	RNAalifold	0	11	0	0.0	1	0.0
RF00498	45	6	RscapeNested	0	11	0	0.0	1	0.0
RF00498	45	6	RscapeTotal	0	11	0	0.0	1	0.0
RF00498	45	6	SQUARNAs3u	0	12	0	0.0	1	0.0
RF00499	117	5	Rfam	0	43	0	0.0	1	0.0
RF00499	117	5	CentroidAlifold	0	29	0	0.0	1	0.0
RF00499	117	5	RNAalifold	0	35	0	0.0	1	0.0
RF00499	117	5	RscapeNested	0	37	0	0.0	1	0.0
RF00499	117	5	RscapeTotal	0	37	0	0.0	1	0.0
RF00499	117	5	SQUARNAs3u	0	46	0	0.0	1	0.0
RF00500	46	5	Rfam	0	12	0	0.0	1	0.0
RF00500	46	5	CentroidAlifold	0	12	0	0.0	1	0.0
RF00500	46	5	RNAalifold	0	12	0	0.0	1	0.0
RF00500	46	5	RscapeNested	0	11	0	0.0	1	0.0
RF00500	46	5	RscapeTotal	0	11	0	0.0	1	0.0
RF00500	46	5	SQUARNAs3u	0	15	0	0.0	1	0.0
RF00501	68	14	Rfam	0	17	1	0.0	0.0	0.0
RF00501	68	14	CentroidAlifold	0	0	1	1	0.0	0.0
RF00501	68	14	RNAalifold	0	12	1	0.0	0.0	0.0
RF00501	68	14	RscapeNested	1	8	0	0.111	1.0	0.2
RF00501	68	14	RscapeTotal	1	8	0	0.111	1.0	0.2
RF00501	68	14	SQUARNAs3u	0	19	1	0.0	0.0	0.0
RF00502	34	4	Rfam	0	8	2	0.0	0.0	0.0
RF00502	34	4	CentroidAlifold	0	10	2	0.0	0.0	0.0
RF00502	34	4	RNAalifold	0	11	2	0.0	0.0	0.0
RF00502	34	4	RscapeNested	0	10	2	0.0	0.0	0.0
RF00502	34	4	RscapeTotal	0	10	2	0.0	0.0	0.0
RF00502	34	4	SQUARNAs3u	0	13	2	0.0	0.0	0.0
RF00503	608	10	Rfam	0	134	0	0.0	1	0.0
RF00503	608	10	CentroidAlifold	0	47	0	0.0	1	0.0
RF00503	608	10	RNAalifold	0	52	0	0.0	1	0.0
RF00503	608	10	RscapeNested	0	37	0	0.0	1	0.0
RF00503	608	10	RscapeTotal	0	37	0	0.0	1	0.0
RF00503	608	10	SQUARNAs3u	0	119	0	0.0	1	0.0
RF00504	215	44	Rfam	11	11	0	0.5	1.0	0.667
RF00504	215	44	CentroidAlifold	11	8	0	0.579	1.0	0.733
RF00504	215	44	RNAalifold	11	9	0	0.55	1.0	0.71
RF00504	215	44	RscapeNested	11	19	0	0.367	1.0	0.537
RF00504	215	44	RscapeTotal	11	19	0	0.367	1.0	0.537
RF00504	215	44	SQUARNAs3u	11	16	0	0.407	1.0	0.579
RF00505	66	5	Rfam	0	16	0	0.0	1	0.0
RF00505	66	5	CentroidAlifold	0	8	0	0.0	1	0.0
RF00505	66	5	RNAalifold	0	9	0	0.0	1	0.0
RF00505	66	5	RscapeNested	0	10	0	0.0	1	0.0
RF00505	66	5	RscapeTotal	0	10	0	0.0	1	0.0
RF00505	66	5	SQUARNAs3u	0	17	0	0.0	1	0.0
RF00506	142	25	Rfam	0	35	0	0.0	1	0.0
RF00506	142	25	CentroidAlifold	0	18	0	0.0	1	0.0
RF00506	142	25	RNAalifold	0	18	0	0.0	1	0.0
RF00506	142	25	RscapeNested	0	24	0	0.0	1	0.0
RF00506	142	25	RscapeTotal	0	24	0	0.0	1	0.0
RF00506	142	25	SQUARNAs3u	0	34	0	0.0	1	0.0
RF00507	81	50	Rfam	2	22	1	0.083	0.667	0.148
RF00507	81	50	CentroidAlifold	2	7	1	0.222	0.667	0.333
RF00507	81	50	RNAalifold	2	7	1	0.222	0.667	0.333
RF00507	81	50	RscapeNested	2	9	1	0.182	0.667	0.286
RF00507	81	50	RscapeTotal	2	9	1	0.182	0.667	0.286
RF00507	81	50	SQUARNAs3u	2	22	1	0.083	0.667	0.148
RF00509	113	10	Rfam	0	0	0	1	1	1
RF00509	113	10	CentroidAlifold	0	11	0	0.0	1	0.0
RF00509	113	10	RNAalifold	0	12	0	0.0	1	0.0
RF00509	113	10	RscapeNested	0	12	0	0.0	1	0.0
RF00509	113	10	RscapeTotal	0	12	0	0.0	1	0.0
RF00509	113	10	SQUARNAs3u	0	21	0	0.0	1	0.0
RF00510	94	23	Rfam	0	27	0	0.0	1	0.0
RF00510	94	23	CentroidAlifold	0	24	0	0.0	1	0.0
RF00510	94	23	RNAalifold	0	26	0	0.0	1	0.0
RF00510	94	23	RscapeNested	0	35	0	0.0	1	0.0
RF00510	94	23	RscapeTotal	0	35	0	0.0	1	0.0
RF00510	94	23	SQUARNAs3u	0	36	0	0.0	1	0.0
RF00511	248	5	Rfam	0	61	0	0.0	1	0.0
RF00511	248	5	CentroidAlifold	0	29	0	0.0	1	0.0
RF00511	248	5	RNAalifold	0	72	0	0.0	1	0.0
RF00511	248	5	RscapeNested	0	61	0	0.0	1	0.0
RF00511	248	5	RscapeTotal	0	61	0	0.0	1	0.0
RF00511	248	5	SQUARNAs3u	0	87	0	0.0	1	0.0
RF00512	161	6	Rfam	1	42	0	0.023	1.0	0.045
RF00512	161	6	CentroidAlifold	1	33	0	0.029	1.0	0.057
RF00512	161	6	RNAalifold	1	39	0	0.025	1.0	0.049
RF00512	161	6	RscapeNested	1	37	0	0.026	1.0	0.051
RF00512	161	6	RscapeTotal	1	37	0	0.026	1.0	0.051
RF00512	161	6	SQUARNAs3u	1	47	0	0.021	1.0	0.041
RF00513	127	22	Rfam	0	21	0	0.0	1	0.0
RF00513	127	22	CentroidAlifold	0	14	0	0.0	1	0.0
RF00513	127	22	RNAalifold	0	14	0	0.0	1	0.0
RF00513	127	22	RscapeNested	0	17	0	0.0	1	0.0
RF00513	127	22	RscapeTotal	0	17	0	0.0	1	0.0
RF00513	127	22	SQUARNAs3u	0	19	0	0.0	1	0.0
RF00514	166	33	Rfam	0	36	0	0.0	1	0.0
RF00514	166	33	CentroidAlifold	0	21	0	0.0	1	0.0
RF00514	166	33	RNAalifold	0	21	0	0.0	1	0.0
RF00514	166	33	RscapeNested	0	38	0	0.0	1	0.0
RF00514	166	33	RscapeTotal	0	38	0	0.0	1	0.0
RF00514	166	33	SQUARNAs3u	0	36	0	0.0	1	0.0
RF00515	224	41	Rfam	14	27	1	0.341	0.933	0.5
RF00515	224	41	CentroidAlifold	14	14	1	0.5	0.933	0.651
RF00515	224	41	RNAalifold	14	15	1	0.483	0.933	0.636
RF00515	224	41	RscapeNested	14	27	1	0.341	0.933	0.5
RF00515	224	41	RscapeTotal	14	27	1	0.341	0.933	0.5
RF00515	224	41	SQUARNAs3u	14	27	1	0.341	0.933	0.5
RF00516	139	3	Rfam	0	33	0	0.0	1	0.0
RF00516	139	3	CentroidAlifold	0	29	0	0.0	1	0.0
RF00516	139	3	RNAalifold	0	34	0	0.0	1	0.0
RF00516	139	3	RscapeNested	0	39	0	0.0	1	0.0
RF00516	139	3	RscapeTotal	0	39	0	0.0	1	0.0
RF00516	139	3	SQUARNAs3u	0	40	0	0.0	1	0.0
RF00517	55	70	Rfam	2	10	0	0.167	1.0	0.286
RF00517	55	70	CentroidAlifold	2	9	0	0.182	1.0	0.308
RF00517	55	70	RNAalifold	2	9	0	0.182	1.0	0.308
RF00517	55	70	RscapeNested	2	10	0	0.167	1.0	0.286
RF00517	55	70	RscapeTotal	2	10	0	0.167	1.0	0.286
RF00517	55	70	SQUARNAs3u	2	14	0	0.125	1.0	0.222
RF00518	161	6	Rfam	0	22	0	0.0	1	0.0
RF00518	161	6	CentroidAlifold	0	14	0	0.0	1	0.0
RF00518	161	6	RNAalifold	0	22	0	0.0	1	0.0
RF00518	161	6	RscapeNested	0	30	0	0.0	1	0.0
RF00518	161	6	RscapeTotal	0	30	0	0.0	1	0.0
RF00518	161	6	SQUARNAs3u	0	27	0	0.0	1	0.0
RF00519	100	87	Rfam	10	3	10	0.769	0.5	0.606
RF00519	100	87	CentroidAlifold	10	2	10	0.833	0.5	0.625
RF00519	100	87	RNAalifold	9	2	11	0.818	0.45	0.581
RF00519	100	87	RscapeNested	11	4	9	0.733	0.55	0.629
RF00519	100	87	RscapeTotal	11	4	9	0.733	0.55	0.629
RF00519	100	87	SQUARNAs3u	10	5	10	0.667	0.5	0.571
RF00520	92	6	Rfam	0	18	0	0.0	1	0.0
RF00520	92	6	CentroidAlifold	0	14	0	0.0	1	0.0
RF00520	92	6	RNAalifold	0	22	0	0.0	1	0.0
RF00520	92	6	RscapeNested	0	18	0	0.0	1	0.0
RF00520	92	6	RscapeTotal	0	18	0	0.0	1	0.0
RF00520	92	6	SQUARNAs3u	0	23	0	0.0	1	0.0
RF00521	85	40	Rfam	0	6	0	0.0	1	0.0
RF00521	85	40	CentroidAlifold	0	8	0	0.0	1	0.0
RF00521	85	40	RNAalifold	0	9	0	0.0	1	0.0
RF00521	85	40	RscapeNested	0	12	0	0.0	1	0.0
RF00521	85	40	RscapeTotal	0	12	0	0.0	1	0.0
RF00521	85	40	SQUARNAs3u	0	25	0	0.0	1	0.0
RF00522	70	36	Rfam	1	6	0	0.143	1.0	0.25
RF00522	70	36	CentroidAlifold	1	4	0	0.2	1.0	0.333
RF00522	70	36	RNAalifold	1	4	0	0.2	1.0	0.333
RF00522	70	36	RscapeNested	1	3	0	0.25	1.0	0.4
RF00522	70	36	RscapeTotal	1	3	0	0.25	1.0	0.4
RF00522	70	36	SQUARNAs3u	1	4	0	0.2	1.0	0.333
RF00523	54	148	Rfam	0	6	0	0.0	1	0.0
RF00523	54	148	CentroidAlifold	0	4	0	0.0	1	0.0
RF00523	54	148	RNAalifold	0	5	0	0.0	1	0.0
RF00523	54	148	RscapeNested	0	11	0	0.0	1	0.0
RF00523	54	148	RscapeTotal	0	11	0	0.0	1	0.0
RF00523	54	148	SQUARNAs3u	0	11	0	0.0	1	0.0
RF00524	274	15	Rfam	1	40	0	0.024	1.0	0.048
RF00524	274	15	CentroidAlifold	1	32	0	0.03	1.0	0.059
RF00524	274	15	RNAalifold	1	36	0	0.027	1.0	0.053
RF00524	274	15	RscapeNested	1	29	0	0.033	1.0	0.065
RF00524	274	15	RscapeTotal	1	29	0	0.033	1.0	0.065
RF00524	274	15	SQUARNAs3u	1	64	0	0.015	1.0	0.03
RF00525	84	111	Rfam	4	15	0	0.211	1.0	0.348
RF00525	84	111	CentroidAlifold	4	11	0	0.267	1.0	0.421
RF00525	84	111	RNAalifold	4	13	0	0.235	1.0	0.381
RF00525	84	111	RscapeNested	4	13	0	0.235	1.0	0.381
RF00525	84	111	RscapeTotal	4	13	0	0.235	1.0	0.381
RF00525	84	111	SQUARNAs3u	4	18	0	0.182	1.0	0.308
RF00526	90	8	Rfam	1	2	0	0.333	1.0	0.5
RF00526	90	8	CentroidAlifold	0	5	1	0.0	0.0	0.0
RF00526	90	8	RNAalifold	0	6	1	0.0	0.0	0.0
RF00526	90	8	RscapeNested	1	14	0	0.067	1.0	0.125
RF00526	90	8	RscapeTotal	1	14	0	0.067	1.0	0.125
RF00526	90	8	SQUARNAs3u	0	20	1	0.0	0.0	0.0
RF00527	89	10	Rfam	0	7	0	0.0	1	0.0
RF00527	89	10	CentroidAlifold	0	0	0	1	1	1
RF00527	89	10	RNAalifold	0	4	0	0.0	1	0.0
RF00527	89	10	RscapeNested	0	4	0	0.0	1	0.0
RF00527	89	10	RscapeTotal	0	4	0	0.0	1	0.0
RF00527	89	10	SQUARNAs3u	0	15	0	0.0	1	0.0
RF00528	98	11	Rfam	0	4	0	0.0	1	0.0
RF00528	98	11	CentroidAlifold	0	0	0	1	1	1
RF00528	98	11	RNAalifold	0	18	0	0.0	1	0.0
RF00528	98	11	RscapeNested	0	6	0	0.0	1	0.0
RF00528	98	11	RscapeTotal	0	6	0	0.0	1	0.0
RF00528	98	11	SQUARNAs3u	0	24	0	0.0	1	0.0
RF00529	112	16	Rfam	0	3	0	0.0	1	0.0
RF00529	112	16	CentroidAlifold	0	10	0	0.0	1	0.0
RF00529	112	16	RNAalifold	0	18	0	0.0	1	0.0
RF00529	112	16	RscapeNested	0	17	0	0.0	1	0.0
RF00529	112	16	RscapeTotal	0	17	0	0.0	1	0.0
RF00529	112	16	SQUARNAs3u	0	29	0	0.0	1	0.0
RF00530	85	20	Rfam	0	3	0	0.0	1	0.0
RF00530	85	20	CentroidAlifold	0	0	0	1	1	1
RF00530	85	20	RNAalifold	0	9	0	0.0	1	0.0
RF00530	85	20	RscapeNested	0	11	0	0.0	1	0.0
RF00530	85	20	RscapeTotal	0	11	0	0.0	1	0.0
RF00530	85	20	SQUARNAs3u	0	20	0	0.0	1	0.0
RF00531	92	15	Rfam	0	4	0	0.0	1	0.0
RF00531	92	15	CentroidAlifold	0	0	0	1	1	1
RF00531	92	15	RNAalifold	0	5	0	0.0	1	0.0
RF00531	92	15	RscapeNested	0	2	0	0.0	1	0.0
RF00531	92	15	RscapeTotal	0	2	0	0.0	1	0.0
RF00531	92	15	SQUARNAs3u	0	14	0	0.0	1	0.0
RF00532	101	21	Rfam	3	0	0	1.0	1.0	1.0
RF00532	101	21	CentroidAlifold	0	2	3	0.0	0.0	0.0
RF00532	101	21	RNAalifold	0	5	3	0.0	0.0	0.0
RF00532	101	21	RscapeNested	3	12	0	0.2	1.0	0.333
RF00532	101	21	RscapeTotal	3	12	0	0.2	1.0	0.333
RF00532	101	21	SQUARNAs3u	3	20	0	0.13	1.0	0.231
RF00533	87	12	Rfam	0	3	0	0.0	1	0.0
RF00533	87	12	CentroidAlifold	0	8	0	0.0	1	0.0
RF00533	87	12	RNAalifold	0	9	0	0.0	1	0.0
RF00533	87	12	RscapeNested	0	9	0	0.0	1	0.0
RF00533	87	12	RscapeTotal	0	9	0	0.0	1	0.0
RF00533	87	12	SQUARNAs3u	0	20	0	0.0	1	0.0
RF00534	285	8	Rfam	0	59	0	0.0	1	0.0
RF00534	285	8	CentroidAlifold	0	30	0	0.0	1	0.0
RF00534	285	8	RNAalifold	0	41	0	0.0	1	0.0
RF00534	285	8	RscapeNested	0	62	0	0.0	1	0.0
RF00534	285	8	RscapeTotal	0	62	0	0.0	1	0.0
RF00534	285	8	SQUARNAs3u	0	59	0	0.0	1	0.0
RF00535	87	13	Rfam	0	3	0	0.0	1	0.0
RF00535	87	13	CentroidAlifold	0	0	0	1	1	1
RF00535	87	13	RNAalifold	0	4	0	0.0	1	0.0
RF00535	87	13	RscapeNested	0	4	0	0.0	1	0.0
RF00535	87	13	RscapeTotal	0	4	0	0.0	1	0.0
RF00535	87	13	SQUARNAs3u	0	18	0	0.0	1	0.0
RF00536	88	13	Rfam	0	4	0	0.0	1	0.0
RF00536	88	13	CentroidAlifold	0	4	0	0.0	1	0.0
RF00536	88	13	RNAalifold	0	16	0	0.0	1	0.0
RF00536	88	13	RscapeNested	0	9	0	0.0	1	0.0
RF00536	88	13	RscapeTotal	0	9	0	0.0	1	0.0
RF00536	88	13	SQUARNAs3u	0	27	0	0.0	1	0.0
RF00537	107	18	Rfam	0	3	0	0.0	1	0.0
RF00537	107	18	CentroidAlifold	0	0	0	1	1	1
RF00537	107	18	RNAalifold	0	0	0	1	1	1
RF00537	107	18	RscapeNested	0	3	0	0.0	1	0.0
RF00537	107	18	RscapeTotal	0	3	0	0.0	1	0.0
RF00537	107	18	SQUARNAs3u	0	25	0	0.0	1	0.0
RF00538	85	26	Rfam	0	6	0	0.0	1	0.0
RF00538	85	26	CentroidAlifold	0	3	0	0.0	1	0.0
RF00538	85	26	RNAalifold	0	7	0	0.0	1	0.0
RF00538	85	26	RscapeNested	0	9	0	0.0	1	0.0
RF00538	85	26	RscapeTotal	0	9	0	0.0	1	0.0
RF00538	85	26	SQUARNAs3u	0	19	0	0.0	1	0.0
RF00539	75	5	Rfam	0	3	0	0.0	1	0.0
RF00539	75	5	CentroidAlifold	0	6	0	0.0	1	0.0
RF00539	75	5	RNAalifold	0	18	0	0.0	1	0.0
RF00539	75	5	RscapeNested	0	6	0	0.0	1	0.0
RF00539	75	5	RscapeTotal	0	6	0	0.0	1	0.0
RF00539	75	5	SQUARNAs3u	0	23	0	0.0	1	0.0
RF00540	171	16	Rfam	0	31	0	0.0	1	0.0
RF00540	171	16	CentroidAlifold	0	25	0	0.0	1	0.0
RF00540	171	16	RNAalifold	0	32	0	0.0	1	0.0
RF00540	171	16	RscapeNested	0	29	0	0.0	1	0.0
RF00540	171	16	RscapeTotal	0	29	0	0.0	1	0.0
RF00540	171	16	SQUARNAs3u	0	37	0	0.0	1	0.0
RF00541	164	8	Rfam	0	28	0	0.0	1	0.0
RF00541	164	8	CentroidAlifold	0	23	0	0.0	1	0.0
RF00541	164	8	RNAalifold	0	30	0	0.0	1	0.0
RF00541	164	8	RscapeNested	0	29	0	0.0	1	0.0
RF00541	164	8	RscapeTotal	0	29	0	0.0	1	0.0
RF00541	164	8	SQUARNAs3u	0	37	0	0.0	1	0.0
RF00542	149	15	Rfam	0	30	0	0.0	1	0.0
RF00542	149	15	CentroidAlifold	0	23	0	0.0	1	0.0
RF00542	149	15	RNAalifold	0	33	0	0.0	1	0.0
RF00542	149	15	RscapeNested	0	28	0	0.0	1	0.0
RF00542	149	15	RscapeTotal	0	28	0	0.0	1	0.0
RF00542	149	15	SQUARNAs3u	0	45	0	0.0	1	0.0
RF00543	159	15	Rfam	0	24	0	0.0	1	0.0
RF00543	159	15	CentroidAlifold	0	24	0	0.0	1	0.0
RF00543	159	15	RNAalifold	0	25	0	0.0	1	0.0
RF00543	159	15	RscapeNested	0	34	0	0.0	1	0.0
RF00543	159	15	RscapeTotal	0	34	0	0.0	1	0.0
RF00543	159	15	SQUARNAs3u	0	36	0	0.0	1	0.0
RF00544	161	14	Rfam	0	35	0	0.0	1	0.0
RF00544	161	14	CentroidAlifold	0	36	0	0.0	1	0.0
RF00544	161	14	RNAalifold	0	35	0	0.0	1	0.0
RF00544	161	14	RscapeNested	0	32	0	0.0	1	0.0
RF00544	161	14	RscapeTotal	0	32	0	0.0	1	0.0
RF00544	161	14	SQUARNAs3u	0	45	0	0.0	1	0.0
RF00545	176	24	Rfam	1	42	0	0.023	1.0	0.045
RF00545	176	24	CentroidAlifold	0	23	1	0.0	0.0	0.0
RF00545	176	24	RNAalifold	0	28	1	0.0	0.0	0.0
RF00545	176	24	RscapeNested	1	36	0	0.027	1.0	0.053
RF00545	176	24	RscapeTotal	1	36	0	0.027	1.0	0.053
RF00545	176	24	SQUARNAs3u	0	45	1	0.0	0.0	0.0
RF00546	169	33	Rfam	0	37	0	0.0	1	0.0
RF00546	169	33	CentroidAlifold	0	21	0	0.0	1	0.0
RF00546	169	33	RNAalifold	0	29	0	0.0	1	0.0
RF00546	169	33	RscapeNested	0	22	0	0.0	1	0.0
RF00546	169	33	RscapeTotal	0	22	0	0.0	1	0.0
RF00546	169	33	SQUARNAs3u	0	42	0	0.0	1	0.0
RF00547	386	16	Rfam	0	117	0	0.0	1	0.0
RF00547	386	16	CentroidAlifold	0	5	0	0.0	1	0.0
RF00547	386	16	RNAalifold	0	46	0	0.0	1	0.0
RF00547	386	16	RscapeNested	0	99	0	0.0	1	0.0
RF00547	386	16	RscapeTotal	0	99	0	0.0	1	0.0
RF00547	386	16	SQUARNAs3u	0	88	0	0.0	1	0.0
RF00548	350	72	Rfam	16	26	2	0.381	0.889	0.533
RF00548	350	72	CentroidAlifold	16	24	2	0.4	0.889	0.552
RF00548	350	72	RNAalifold	16	25	2	0.39	0.889	0.542
RF00548	350	72	RscapeNested	16	26	2	0.381	0.889	0.533
RF00548	350	72	RscapeTotal	16	26	2	0.381	0.889	0.533
RF00548	350	72	SQUARNAs3u	16	32	2	0.333	0.889	0.485
RF00549	632	10	Rfam	0	201	0	0.0	1	0.0
RF00549	632	10	CentroidAlifold	0	44	0	0.0	1	0.0
RF00549	632	10	RNAalifold	0	193	0	0.0	1	0.0
RF00549	632	10	RscapeNested	0	177	0	0.0	1	0.0
RF00549	632	10	RscapeTotal	0	177	0	0.0	1	0.0
RF00549	632	10	SQUARNAs3u	0	175	0	0.0	1	0.0
RF00550	151	46	Rfam	0	41	0	0.0	1	0.0
RF00550	151	46	CentroidAlifold	0	5	0	0.0	1	0.0
RF00550	151	46	RNAalifold	0	11	0	0.0	1	0.0
RF00550	151	46	RscapeNested	0	25	0	0.0	1	0.0
RF00550	151	46	RscapeTotal	0	25	0	0.0	1	0.0
RF00550	151	46	SQUARNAs3u	0	35	0	0.0	1	0.0
RF00551	643	15	Rfam	0	156	0	0.0	1	0.0
RF00551	643	15	CentroidAlifold	0	121	0	0.0	1	0.0
RF00551	643	15	RNAalifold	0	132	0	0.0	1	0.0
RF00551	643	15	RscapeNested	0	170	0	0.0	1	0.0
RF00551	643	15	RscapeTotal	0	170	0	0.0	1	0.0
RF00551	643	15	SQUARNAs3u	0	173	0	0.0	1	0.0
RF00552	226	18	Rfam	0	47	0	0.0	1	0.0
RF00552	226	18	CentroidAlifold	0	30	0	0.0	1	0.0
RF00552	226	18	RNAalifold	0	41	0	0.0	1	0.0
RF00552	226	18	RscapeNested	0	53	0	0.0	1	0.0
RF00552	226	18	RscapeTotal	0	53	0	0.0	1	0.0
RF00552	226	18	SQUARNAs3u	0	73	0	0.0	1	0.0
RF00553	205	29	Rfam	0	46	0	0.0	1	0.0
RF00553	205	29	CentroidAlifold	0	30	0	0.0	1	0.0
RF00553	205	29	RNAalifold	0	33	0	0.0	1	0.0
RF00553	205	29	RscapeNested	0	31	0	0.0	1	0.0
RF00553	205	29	RscapeTotal	0	31	0	0.0	1	0.0
RF00553	205	29	SQUARNAs3u	0	53	0	0.0	1	0.0
RF00554	147	24	Rfam	0	38	0	0.0	1	0.0
RF00554	147	24	CentroidAlifold	0	0	0	1	1	1
RF00554	147	24	RNAalifold	0	25	0	0.0	1	0.0
RF00554	147	24	RscapeNested	0	22	0	0.0	1	0.0
RF00554	147	24	RscapeTotal	0	22	0	0.0	1	0.0
RF00554	147	24	SQUARNAs3u	0	37	0	0.0	1	0.0
RF00555	107	26	Rfam	2	14	0	0.125	1.0	0.222
RF00555	107	26	CentroidAlifold	2	12	0	0.143	1.0	0.25
RF00555	107	26	RNAalifold	0	9	2	0.0	0.0	0.0
RF00555	107	26	RscapeNested	2	17	0	0.105	1.0	0.19
RF00555	107	26	RscapeTotal	2	17	0	0.105	1.0	0.19
RF00555	107	26	SQUARNAs3u	2	19	0	0.095	1.0	0.174
RF00556	46	10	Rfam	1	12	0	0.077	1.0	0.143
RF00556	46	10	CentroidAlifold	1	11	0	0.083	1.0	0.154
RF00556	46	10	RNAalifold	1	11	0	0.083	1.0	0.154
RF00556	46	10	RscapeNested	1	11	0	0.083	1.0	0.154
RF00556	46	10	RscapeTotal	1	11	0	0.083	1.0	0.154
RF00556	46	10	SQUARNAs3u	1	11	0	0.083	1.0	0.154
RF00557	239	97	Rfam	13	6	0	0.684	1.0	0.812
RF00557	239	97	CentroidAlifold	12	1	1	0.923	0.923	0.923
RF00557	239	97	RNAalifold	12	1	1	0.923	0.923	0.923
RF00557	239	97	RscapeNested	13	8	0	0.619	1.0	0.765
RF00557	239	97	RscapeTotal	13	8	0	0.619	1.0	0.765
RF00557	239	97	SQUARNAs3u	13	14	0	0.481	1.0	0.65
RF00558	155	43	Rfam	4	20	0	0.167	1.0	0.286
RF00558	155	43	CentroidAlifold	4	19	0	0.174	1.0	0.296
RF00558	155	43	RNAalifold	4	19	0	0.174	1.0	0.296
RF00558	155	43	RscapeNested	4	29	0	0.121	1.0	0.216
RF00558	155	43	RscapeTotal	4	29	0	0.121	1.0	0.216
RF00558	155	43	SQUARNAs3u	4	30	0	0.118	1.0	0.211
RF00559	151	38	Rfam	6	12	0	0.333	1.0	0.5
RF00559	151	38	CentroidAlifold	6	9	0	0.4	1.0	0.571
RF00559	151	38	RNAalifold	6	10	0	0.375	1.0	0.545
RF00559	151	38	RscapeNested	6	9	0	0.4	1.0	0.571
RF00559	151	38	RscapeTotal	6	9	0	0.4	1.0	0.571
RF00559	151	38	SQUARNAs3u	6	18	0	0.25	1.0	0.4
RF00560	150	53	Rfam	0	44	0	0.0	1	0.0
RF00560	150	53	CentroidAlifold	0	17	0	0.0	1	0.0
RF00560	150	53	RNAalifold	0	23	0	0.0	1	0.0
RF00560	150	53	RscapeNested	0	33	0	0.0	1	0.0
RF00560	150	53	RscapeTotal	0	33	0	0.0	1	0.0
RF00560	150	53	SQUARNAs3u	0	40	0	0.0	1	0.0
RF00561	138	28	Rfam	0	39	0	0.0	1	0.0
RF00561	138	28	CentroidAlifold	0	32	0	0.0	1	0.0
RF00561	138	28	RNAalifold	0	34	0	0.0	1	0.0
RF00561	138	28	RscapeNested	0	34	0	0.0	1	0.0
RF00561	138	28	RscapeTotal	0	34	0	0.0	1	0.0
RF00561	138	28	SQUARNAs3u	0	43	0	0.0	1	0.0
RF00562	141	21	Rfam	1	33	0	0.029	1.0	0.057
RF00562	141	21	CentroidAlifold	1	21	0	0.045	1.0	0.087
RF00562	141	21	RNAalifold	1	28	0	0.034	1.0	0.067
RF00562	141	21	RscapeNested	1	27	0	0.036	1.0	0.069
RF00562	141	21	RscapeTotal	1	27	0	0.036	1.0	0.069
RF00562	141	21	SQUARNAs3u	1	35	0	0.028	1.0	0.054
RF00563	277	28	Rfam	0	75	0	0.0	1	0.0
RF00563	277	28	CentroidAlifold	0	66	0	0.0	1	0.0
RF00563	277	28	RNAalifold	0	61	0	0.0	1	0.0
RF00563	277	28	RscapeNested	0	73	0	0.0	1	0.0
RF00563	277	28	RscapeTotal	0	73	0	0.0	1	0.0
RF00563	277	28	SQUARNAs3u	0	85	0	0.0	1	0.0
RF00564	167	24	Rfam	0	41	0	0.0	1	0.0
RF00564	167	24	CentroidAlifold	0	22	0	0.0	1	0.0
RF00564	167	24	RNAalifold	0	33	0	0.0	1	0.0
RF00564	167	24	RscapeNested	0	41	0	0.0	1	0.0
RF00564	167	24	RscapeTotal	0	41	0	0.0	1	0.0
RF00564	167	24	SQUARNAs3u	0	46	0	0.0	1	0.0
RF00565	147	23	Rfam	0	34	0	0.0	1	0.0
RF00565	147	23	CentroidAlifold	0	17	0	0.0	1	0.0
RF00565	147	23	RNAalifold	0	25	0	0.0	1	0.0
RF00565	147	23	RscapeNested	0	35	0	0.0	1	0.0
RF00565	147	23	RscapeTotal	0	35	0	0.0	1	0.0
RF00565	147	23	SQUARNAs3u	0	40	0	0.0	1	0.0
RF00566	147	29	Rfam	1	30	0	0.032	1.0	0.062
RF00566	147	29	CentroidAlifold	1	28	0	0.034	1.0	0.067
RF00566	147	29	RNAalifold	1	29	0	0.033	1.0	0.065
RF00566	147	29	RscapeNested	1	43	0	0.023	1.0	0.044
RF00566	147	29	RscapeTotal	1	43	0	0.023	1.0	0.044
RF00566	147	29	SQUARNAs3u	1	30	0	0.032	1.0	0.062
RF00567	293	19	Rfam	0	85	0	0.0	1	0.0
RF00567	293	19	CentroidAlifold	0	67	0	0.0	1	0.0
RF00567	293	19	RNAalifold	0	78	0	0.0	1	0.0
RF00567	293	19	RscapeNested	0	79	0	0.0	1	0.0
RF00567	293	19	RscapeTotal	0	79	0	0.0	1	0.0
RF00567	293	19	SQUARNAs3u	0	82	0	0.0	1	0.0
RF00568	181	76	Rfam	0	33	0	0.0	1	0.0
RF00568	181	76	CentroidAlifold	0	8	0	0.0	1	0.0
RF00568	181	76	RNAalifold	0	5	0	0.0	1	0.0
RF00568	181	76	RscapeNested	0	27	0	0.0	1	0.0
RF00568	181	76	RscapeTotal	0	27	0	0.0	1	0.0
RF00568	181	76	SQUARNAs3u	0	35	0	0.0	1	0.0
RF00569	85	22	Rfam	0	4	0	0.0	1	0.0
RF00569	85	22	CentroidAlifold	0	10	0	0.0	1	0.0
RF00569	85	22	RNAalifold	0	13	0	0.0	1	0.0
RF00569	85	22	RscapeNested	0	17	0	0.0	1	0.0
RF00569	85	22	RscapeTotal	0	17	0	0.0	1	0.0
RF00569	85	22	SQUARNAs3u	0	19	0	0.0	1	0.0
RF00570	74	17	Rfam	0	15	0	0.0	1	0.0
RF00570	74	17	CentroidAlifold	0	9	0	0.0	1	0.0
RF00570	74	17	RNAalifold	0	5	0	0.0	1	0.0
RF00570	74	17	RscapeNested	0	5	0	0.0	1	0.0
RF00570	74	17	RscapeTotal	0	5	0	0.0	1	0.0
RF00570	74	17	SQUARNAs3u	0	14	0	0.0	1	0.0
RF00571	78	26	Rfam	0	0	0	1	1	1
RF00571	78	26	CentroidAlifold	0	5	0	0.0	1	0.0
RF00571	78	26	RNAalifold	0	5	0	0.0	1	0.0
RF00571	78	26	RscapeNested	0	5	0	0.0	1	0.0
RF00571	78	26	RscapeTotal	0	5	0	0.0	1	0.0
RF00571	78	26	SQUARNAs3u	0	21	0	0.0	1	0.0
RF00572	79	20	Rfam	0	4	0	0.0	1	0.0
RF00572	79	20	CentroidAlifold	0	3	0	0.0	1	0.0
RF00572	79	20	RNAalifold	0	12	0	0.0	1	0.0
RF00572	79	20	RscapeNested	0	17	0	0.0	1	0.0
RF00572	79	20	RscapeTotal	0	17	0	0.0	1	0.0
RF00572	79	20	SQUARNAs3u	0	22	0	0.0	1	0.0
RF00573	118	15	Rfam	0	20	1	0.0	0.0	0.0
RF00573	118	15	CentroidAlifold	0	29	1	0.0	0.0	0.0
RF00573	118	15	RNAalifold	0	31	1	0.0	0.0	0.0
RF00573	118	15	RscapeNested	0	32	1	0.0	0.0	0.0
RF00573	118	15	RscapeTotal	0	32	1	0.0	0.0	0.0
RF00573	118	15	SQUARNAs3u	0	42	1	0.0	0.0	0.0
RF00574	81	11	Rfam	0	10	0	0.0	1	0.0
RF00574	81	11	CentroidAlifold	0	15	0	0.0	1	0.0
RF00574	81	11	RNAalifold	0	21	0	0.0	1	0.0
RF00574	81	11	RscapeNested	0	23	0	0.0	1	0.0
RF00574	81	11	RscapeTotal	0	23	0	0.0	1	0.0
RF00574	81	11	SQUARNAs3u	0	22	0	0.0	1	0.0
RF00575	97	21	Rfam	0	12	0	0.0	1	0.0
RF00575	97	21	CentroidAlifold	0	10	0	0.0	1	0.0
RF00575	97	21	RNAalifold	0	15	0	0.0	1	0.0
RF00575	97	21	RscapeNested	0	19	0	0.0	1	0.0
RF00575	97	21	RscapeTotal	0	19	0	0.0	1	0.0
RF00575	97	21	SQUARNAs3u	0	26	0	0.0	1	0.0
RF00576	89	18	Rfam	0	22	0	0.0	1	0.0
RF00576	89	18	CentroidAlifold	0	18	0	0.0	1	0.0
RF00576	89	18	RNAalifold	0	23	0	0.0	1	0.0
RF00576	89	18	RscapeNested	0	18	0	0.0	1	0.0
RF00576	89	18	RscapeTotal	0	18	0	0.0	1	0.0
RF00576	89	18	SQUARNAs3u	0	25	0	0.0	1	0.0
RF00577	84	16	Rfam	0	7	0	0.0	1	0.0
RF00577	84	16	CentroidAlifold	0	7	0	0.0	1	0.0
RF00577	84	16	RNAalifold	0	16	0	0.0	1	0.0
RF00577	84	16	RscapeNested	0	19	0	0.0	1	0.0
RF00577	84	16	RscapeTotal	0	19	0	0.0	1	0.0
RF00577	84	16	SQUARNAs3u	0	25	0	0.0	1	0.0
RF00578	123	18	Rfam	0	33	0	0.0	1	0.0
RF00578	123	18	CentroidAlifold	0	11	0	0.0	1	0.0
RF00578	123	18	RNAalifold	0	20	0	0.0	1	0.0
RF00578	123	18	RscapeNested	0	22	0	0.0	1	0.0
RF00578	123	18	RscapeTotal	0	22	0	0.0	1	0.0
RF00578	123	18	SQUARNAs3u	0	31	0	0.0	1	0.0
RF00579	113	18	Rfam	0	30	0	0.0	1	0.0
RF00579	113	18	CentroidAlifold	0	18	0	0.0	1	0.0
RF00579	113	18	RNAalifold	0	31	0	0.0	1	0.0
RF00579	113	18	RscapeNested	0	23	0	0.0	1	0.0
RF00579	113	18	RscapeTotal	0	23	0	0.0	1	0.0
RF00579	113	18	SQUARNAs3u	0	39	0	0.0	1	0.0
RF00580	97	24	Rfam	0	7	0	0.0	1	0.0
RF00580	97	24	CentroidAlifold	0	9	0	0.0	1	0.0
RF00580	97	24	RNAalifold	0	15	0	0.0	1	0.0
RF00580	97	24	RscapeNested	0	20	0	0.0	1	0.0
RF00580	97	24	RscapeTotal	0	20	0	0.0	1	0.0
RF00580	97	24	SQUARNAs3u	0	28	0	0.0	1	0.0
RF00581	95	8	Rfam	0	9	0	0.0	1	0.0
RF00581	95	8	CentroidAlifold	0	14	0	0.0	1	0.0
RF00581	95	8	RNAalifold	0	22	0	0.0	1	0.0
RF00581	95	8	RscapeNested	0	17	0	0.0	1	0.0
RF00581	95	8	RscapeTotal	0	17	0	0.0	1	0.0
RF00581	95	8	SQUARNAs3u	0	22	0	0.0	1	0.0
RF00582	146	22	Rfam	0	38	0	0.0	1	0.0
RF00582	146	22	CentroidAlifold	0	22	0	0.0	1	0.0
RF00582	146	22	RNAalifold	0	33	0	0.0	1	0.0
RF00582	146	22	RscapeNested	0	35	0	0.0	1	0.0
RF00582	146	22	RscapeTotal	0	35	0	0.0	1	0.0
RF00582	146	22	SQUARNAs3u	0	38	0	0.0	1	0.0
RF00584	91	15	Rfam	0	8	0	0.0	1	0.0
RF00584	91	15	CentroidAlifold	0	9	0	0.0	1	0.0
RF00584	91	15	RNAalifold	0	12	0	0.0	1	0.0
RF00584	91	15	RscapeNested	0	15	0	0.0	1	0.0
RF00584	91	15	RscapeTotal	0	15	0	0.0	1	0.0
RF00584	91	15	SQUARNAs3u	0	24	0	0.0	1	0.0
RF00586	162	23	Rfam	0	30	0	0.0	1	0.0
RF00586	162	23	CentroidAlifold	0	24	0	0.0	1	0.0
RF00586	162	23	RNAalifold	0	20	0	0.0	1	0.0
RF00586	162	23	RscapeNested	0	32	0	0.0	1	0.0
RF00586	162	23	RscapeTotal	0	32	0	0.0	1	0.0
RF00586	162	23	SQUARNAs3u	0	44	0	0.0	1	0.0
RF00588	80	20	Rfam	0	4	0	0.0	1	0.0
RF00588	80	20	CentroidAlifold	0	5	0	0.0	1	0.0
RF00588	80	20	RNAalifold	0	4	0	0.0	1	0.0
RF00588	80	20	RscapeNested	0	6	0	0.0	1	0.0
RF00588	80	20	RscapeTotal	0	6	0	0.0	1	0.0
RF00588	80	20	SQUARNAs3u	0	15	0	0.0	1	0.0
RF00591	75	21	Rfam	0	18	0	0.0	1	0.0
RF00591	75	21	CentroidAlifold	0	9	0	0.0	1	0.0
RF00591	75	21	RNAalifold	0	10	0	0.0	1	0.0
RF00591	75	21	RscapeNested	0	10	0	0.0	1	0.0
RF00591	75	21	RscapeTotal	0	10	0	0.0	1	0.0
RF00591	75	21	SQUARNAs3u	0	20	0	0.0	1	0.0
RF00592	70	19	Rfam	0	0	0	1	1	1
RF00592	70	19	CentroidAlifold	0	6	0	0.0	1	0.0
RF00592	70	19	RNAalifold	0	9	0	0.0	1	0.0
RF00592	70	19	RscapeNested	0	5	0	0.0	1	0.0
RF00592	70	19	RscapeTotal	0	5	0	0.0	1	0.0
RF00592	70	19	SQUARNAs3u	0	12	0	0.0	1	0.0
RF00593	100	21	Rfam	0	5	0	0.0	1	0.0
RF00593	100	21	CentroidAlifold	0	21	0	0.0	1	0.0
RF00593	100	21	RNAalifold	0	27	0	0.0	1	0.0
RF00593	100	21	RscapeNested	0	29	0	0.0	1	0.0
RF00593	100	21	RscapeTotal	0	29	0	0.0	1	0.0
RF00593	100	21	SQUARNAs3u	0	33	0	0.0	1	0.0
RF00594	88	6	Rfam	0	30	0	0.0	1	0.0
RF00594	88	6	CentroidAlifold	0	8	0	0.0	1	0.0
RF00594	88	6	RNAalifold	0	19	0	0.0	1	0.0
RF00594	88	6	RscapeNested	0	24	0	0.0	1	0.0
RF00594	88	6	RscapeTotal	0	24	0	0.0	1	0.0
RF00594	88	6	SQUARNAs3u	0	28	0	0.0	1	0.0
RF00598	140	22	Rfam	0	39	0	0.0	1	0.0
RF00598	140	22	CentroidAlifold	0	35	0	0.0	1	0.0
RF00598	140	22	RNAalifold	0	35	0	0.0	1	0.0
RF00598	140	22	RscapeNested	0	37	0	0.0	1	0.0
RF00598	140	22	RscapeTotal	0	37	0	0.0	1	0.0
RF00598	140	22	SQUARNAs3u	0	49	0	0.0	1	0.0
RF00599	136	19	Rfam	0	34	0	0.0	1	0.0
RF00599	136	19	CentroidAlifold	0	29	0	0.0	1	0.0
RF00599	136	19	RNAalifold	0	30	0	0.0	1	0.0
RF00599	136	19	RscapeNested	0	36	0	0.0	1	0.0
RF00599	136	19	RscapeTotal	0	36	0	0.0	1	0.0
RF00599	136	19	SQUARNAs3u	0	42	0	0.0	1	0.0
RF00600	158	25	Rfam	0	38	0	0.0	1	0.0
RF00600	158	25	CentroidAlifold	0	34	0	0.0	1	0.0
RF00600	158	25	RNAalifold	0	35	0	0.0	1	0.0
RF00600	158	25	RscapeNested	0	41	0	0.0	1	0.0
RF00600	158	25	RscapeTotal	0	41	0	0.0	1	0.0
RF00600	158	25	SQUARNAs3u	0	52	0	0.0	1	0.0
RF00601	135	5	Rfam	0	33	0	0.0	1	0.0
RF00601	135	5	CentroidAlifold	0	32	0	0.0	1	0.0
RF00601	135	5	RNAalifold	0	37	0	0.0	1	0.0
RF00601	135	5	RscapeNested	0	36	0	0.0	1	0.0
RF00601	135	5	RscapeTotal	0	36	0	0.0	1	0.0
RF00601	135	5	SQUARNAs3u	0	47	0	0.0	1	0.0
RF00602	163	24	Rfam	0	31	0	0.0	1	0.0
RF00602	163	24	CentroidAlifold	0	16	0	0.0	1	0.0
RF00602	163	24	RNAalifold	0	22	0	0.0	1	0.0
RF00602	163	24	RscapeNested	0	37	0	0.0	1	0.0
RF00602	163	24	RscapeTotal	0	37	0	0.0	1	0.0
RF00602	163	24	SQUARNAs3u	0	45	0	0.0	1	0.0
RF00603	119	15	Rfam	0	5	0	0.0	1	0.0
RF00603	119	15	CentroidAlifold	0	23	0	0.0	1	0.0
RF00603	119	15	RNAalifold	0	32	0	0.0	1	0.0
RF00603	119	15	RscapeNested	0	27	0	0.0	1	0.0
RF00603	119	15	RscapeTotal	0	27	0	0.0	1	0.0
RF00603	119	15	SQUARNAs3u	0	31	0	0.0	1	0.0
RF00604	115	35	Rfam	0	7	0	0.0	1	0.0
RF00604	115	35	CentroidAlifold	0	16	0	0.0	1	0.0
RF00604	115	35	RNAalifold	0	21	0	0.0	1	0.0
RF00604	115	35	RscapeNested	0	19	0	0.0	1	0.0
RF00604	115	35	RscapeTotal	0	19	0	0.0	1	0.0
RF00604	115	35	SQUARNAs3u	0	28	0	0.0	1	0.0
RF00606	91	17	Rfam	0	4	0	0.0	1	0.0
RF00606	91	17	CentroidAlifold	0	8	0	0.0	1	0.0
RF00606	91	17	RNAalifold	0	18	0	0.0	1	0.0
RF00606	91	17	RscapeNested	0	16	0	0.0	1	0.0
RF00606	91	17	RscapeTotal	0	16	0	0.0	1	0.0
RF00606	91	17	SQUARNAs3u	0	21	0	0.0	1	0.0
RF00607	68	10	Rfam	0	4	0	0.0	1	0.0
RF00607	68	10	CentroidAlifold	0	10	0	0.0	1	0.0
RF00607	68	10	RNAalifold	0	6	0	0.0	1	0.0
RF00607	68	10	RscapeNested	0	10	0	0.0	1	0.0
RF00607	68	10	RscapeTotal	0	10	0	0.0	1	0.0
RF00607	68	10	SQUARNAs3u	0	17	0	0.0	1	0.0
RF00608	77	23	Rfam	0	5	0	0.0	1	0.0
RF00608	77	23	CentroidAlifold	0	7	0	0.0	1	0.0
RF00608	77	23	RNAalifold	0	12	0	0.0	1	0.0
RF00608	77	23	RscapeNested	0	17	0	0.0	1	0.0
RF00608	77	23	RscapeTotal	0	17	0	0.0	1	0.0
RF00608	77	23	SQUARNAs3u	0	20	0	0.0	1	0.0
RF00609	94	26	Rfam	0	6	0	0.0	1	0.0
RF00609	94	26	CentroidAlifold	0	9	0	0.0	1	0.0
RF00609	94	26	RNAalifold	0	19	0	0.0	1	0.0
RF00609	94	26	RscapeNested	0	9	0	0.0	1	0.0
RF00609	94	26	RscapeTotal	0	9	0	0.0	1	0.0
RF00609	94	26	SQUARNAs3u	0	23	0	0.0	1	0.0
RF00610	81	16	Rfam	0	4	0	0.0	1	0.0
RF00610	81	16	CentroidAlifold	0	6	0	0.0	1	0.0
RF00610	81	16	RNAalifold	0	13	0	0.0	1	0.0
RF00610	81	16	RscapeNested	0	14	0	0.0	1	0.0
RF00610	81	16	RscapeTotal	0	14	0	0.0	1	0.0
RF00610	81	16	SQUARNAs3u	0	22	0	0.0	1	0.0
RF00611	97	5	Rfam	0	5	0	0.0	1	0.0
RF00611	97	5	CentroidAlifold	0	10	0	0.0	1	0.0
RF00611	97	5	RNAalifold	0	18	0	0.0	1	0.0
RF00611	97	5	RscapeNested	0	16	0	0.0	1	0.0
RF00611	97	5	RscapeTotal	0	16	0	0.0	1	0.0
RF00611	97	5	SQUARNAs3u	0	21	0	0.0	1	0.0
RF00612	74	5	Rfam	0	4	0	0.0	1	0.0
RF00612	74	5	CentroidAlifold	0	9	0	0.0	1	0.0
RF00612	74	5	RNAalifold	0	16	0	0.0	1	0.0
RF00612	74	5	RscapeNested	0	4	0	0.0	1	0.0
RF00612	74	5	RscapeTotal	0	4	0	0.0	1	0.0
RF00612	74	5	SQUARNAs3u	0	18	0	0.0	1	0.0
RF00613	150	21	Rfam	1	4	0	0.2	1.0	0.333
RF00613	150	21	CentroidAlifold	1	31	0	0.031	1.0	0.061
RF00613	150	21	RNAalifold	1	33	0	0.029	1.0	0.057
RF00613	150	21	RscapeNested	1	42	0	0.023	1.0	0.045
RF00613	150	21	RscapeTotal	1	42	0	0.023	1.0	0.045
RF00613	150	21	SQUARNAs3u	1	47	0	0.021	1.0	0.041
RF00614	144	35	Rfam	0	36	0	0.0	1	0.0
RF00614	144	35	CentroidAlifold	0	23	0	0.0	1	0.0
RF00614	144	35	RNAalifold	0	28	0	0.0	1	0.0
RF00614	144	35	RscapeNested	0	36	0	0.0	1	0.0
RF00614	144	35	RscapeTotal	0	36	0	0.0	1	0.0
RF00614	144	35	SQUARNAs3u	0	32	0	0.0	1	0.0
RF00615	269	10	Rfam	0	82	0	0.0	1	0.0
RF00615	269	10	CentroidAlifold	0	65	0	0.0	1	0.0
RF00615	269	10	RNAalifold	0	84	0	0.0	1	0.0
RF00615	269	10	RscapeNested	0	84	0	0.0	1	0.0
RF00615	269	10	RscapeTotal	0	84	0	0.0	1	0.0
RF00615	269	10	SQUARNAs3u	0	94	0	0.0	1	0.0
RF00616	129	12	Rfam	1	18	0	0.053	1.0	0.1
RF00616	129	12	CentroidAlifold	1	20	0	0.048	1.0	0.091
RF00616	129	12	RNAalifold	1	18	0	0.053	1.0	0.1
RF00616	129	12	RscapeNested	1	19	0	0.05	1.0	0.095
RF00616	129	12	RscapeTotal	1	19	0	0.05	1.0	0.095
RF00616	129	12	SQUARNAs3u	1	28	0	0.034	1.0	0.067
RF00617	50	59	Rfam	1	7	0	0.125	1.0	0.222
RF00617	50	59	CentroidAlifold	1	5	0	0.167	1.0	0.286
RF00617	50	59	RNAalifold	1	4	0	0.2	1.0	0.333
RF00617	50	59	RscapeNested	1	9	0	0.1	1.0	0.182
RF00617	50	59	RscapeTotal	1	9	0	0.1	1.0	0.182
RF00617	50	59	SQUARNAs3u	1	10	0	0.091	1.0	0.167
RF00618	224	61	Rfam	11	19	3	0.367	0.786	0.5
RF00618	224	61	CentroidAlifold	11	10	3	0.524	0.786	0.629
RF00618	224	61	RNAalifold	11	14	3	0.44	0.786	0.564
RF00618	224	61	RscapeNested	12	21	2	0.364	0.857	0.511
RF00618	224	61	RscapeTotal	12	21	2	0.364	0.857	0.511
RF00618	224	61	SQUARNAs3u	11	20	3	0.355	0.786	0.489
RF00619	156	62	Rfam	4	10	0	0.286	1.0	0.444
RF00619	156	62	CentroidAlifold	4	13	0	0.235	1.0	0.381
RF00619	156	62	RNAalifold	4	17	0	0.19	1.0	0.32
RF00619	156	62	RscapeNested	4	26	0	0.133	1.0	0.235
RF00619	156	62	RscapeTotal	4	26	0	0.133	1.0	0.235
RF00619	156	62	SQUARNAs3u	4	37	0	0.098	1.0	0.178
RF00620	153	36	Rfam	0	46	0	0.0	1	0.0
RF00620	153	36	CentroidAlifold	0	33	0	0.0	1	0.0
RF00620	153	36	RNAalifold	0	33	0	0.0	1	0.0
RF00620	153	36	RscapeNested	0	44	0	0.0	1	0.0
RF00620	153	36	RscapeTotal	0	44	0	0.0	1	0.0
RF00620	153	36	SQUARNAs3u	0	49	0	0.0	1	0.0
RF00621	200	10	Rfam	0	49	0	0.0	1	0.0
RF00621	200	10	CentroidAlifold	0	12	0	0.0	1	0.0
RF00621	200	10	RNAalifold	0	38	0	0.0	1	0.0
RF00621	200	10	RscapeNested	0	29	0	0.0	1	0.0
RF00621	200	10	RscapeTotal	0	29	0	0.0	1	0.0
RF00621	200	10	SQUARNAs3u	0	59	0	0.0	1	0.0
RF00622	78	12	Rfam	0	23	0	0.0	1	0.0
RF00622	78	12	CentroidAlifold	0	17	0	0.0	1	0.0
RF00622	78	12	RNAalifold	0	17	0	0.0	1	0.0
RF00622	78	12	RscapeNested	0	17	0	0.0	1	0.0
RF00622	78	12	RscapeTotal	0	17	0	0.0	1	0.0
RF00622	78	12	SQUARNAs3u	0	28	0	0.0	1	0.0
RF00623	191	14	Rfam	0	28	0	0.0	1	0.0
RF00623	191	14	CentroidAlifold	0	9	0	0.0	1	0.0
RF00623	191	14	RNAalifold	0	12	0	0.0	1	0.0
RF00623	191	14	RscapeNested	0	46	0	0.0	1	0.0
RF00623	191	14	RscapeTotal	0	46	0	0.0	1	0.0
RF00623	191	14	SQUARNAs3u	0	39	0	0.0	1	0.0
RF00624	93	17	Rfam	0	16	0	0.0	1	0.0
RF00624	93	17	CentroidAlifold	0	15	0	0.0	1	0.0
RF00624	93	17	RNAalifold	0	15	0	0.0	1	0.0
RF00624	93	17	RscapeNested	0	17	0	0.0	1	0.0
RF00624	93	17	RscapeTotal	0	17	0	0.0	1	0.0
RF00624	93	17	SQUARNAs3u	0	21	0	0.0	1	0.0
RF00625	144	15	Rfam	1	32	0	0.03	1.0	0.059
RF00625	144	15	CentroidAlifold	1	26	0	0.037	1.0	0.071
RF00625	144	15	RNAalifold	1	27	0	0.036	1.0	0.069
RF00625	144	15	RscapeNested	1	32	0	0.03	1.0	0.059
RF00625	144	15	RscapeTotal	1	32	0	0.03	1.0	0.059
RF00625	144	15	SQUARNAs3u	1	36	0	0.027	1.0	0.053
RF00626	69	3	Rfam	0	24	0	0.0	1	0.0
RF00626	69	3	CentroidAlifold	0	24	0	0.0	1	0.0
RF00626	69	3	RNAalifold	0	22	0	0.0	1	0.0
RF00626	69	3	RscapeNested	0	24	0	0.0	1	0.0
RF00626	69	3	RscapeTotal	0	24	0	0.0	1	0.0
RF00626	69	3	SQUARNAs3u	0	24	0	0.0	1	0.0
RF00627	148	22	Rfam	0	35	0	0.0	1	0.0
RF00627	148	22	CentroidAlifold	0	29	0	0.0	1	0.0
RF00627	148	22	RNAalifold	0	31	0	0.0	1	0.0
RF00627	148	22	RscapeNested	0	34	0	0.0	1	0.0
RF00627	148	22	RscapeTotal	0	34	0	0.0	1	0.0
RF00627	148	22	SQUARNAs3u	0	35	0	0.0	1	0.0
RF00628	215	27	Rfam	0	31	0	0.0	1	0.0
RF00628	215	27	CentroidAlifold	0	20	0	0.0	1	0.0
RF00628	215	27	RNAalifold	0	25	0	0.0	1	0.0
RF00628	215	27	RscapeNested	0	51	0	0.0	1	0.0
RF00628	215	27	RscapeTotal	0	51	0	0.0	1	0.0
RF00628	215	27	SQUARNAs3u	0	54	0	0.0	1	0.0
RF00629	264	14	Rfam	0	63	0	0.0	1	0.0
RF00629	264	14	CentroidAlifold	0	57	0	0.0	1	0.0
RF00629	264	14	RNAalifold	0	62	0	0.0	1	0.0
RF00629	264	14	RscapeNested	0	65	0	0.0	1	0.0
RF00629	264	14	RscapeTotal	0	65	0	0.0	1	0.0
RF00629	264	14	SQUARNAs3u	0	74	0	0.0	1	0.0
RF00630	70	27	Rfam	2	15	0	0.118	1.0	0.211
RF00630	70	27	CentroidAlifold	2	13	0	0.133	1.0	0.235
RF00630	70	27	RNAalifold	2	13	0	0.133	1.0	0.235
RF00630	70	27	RscapeNested	2	14	0	0.125	1.0	0.222
RF00630	70	27	RscapeTotal	2	14	0	0.125	1.0	0.222
RF00630	70	27	SQUARNAs3u	2	17	0	0.105	1.0	0.19
RF00632	104	2	Rfam	0	33	0	0.0	1	0.0
RF00632	104	2	CentroidAlifold	0	26	0	0.0	1	0.0
RF00632	104	2	RNAalifold	0	28	0	0.0	1	0.0
RF00632	104	2	RscapeNested	0	23	0	0.0	1	0.0
RF00632	104	2	RscapeTotal	0	23	0	0.0	1	0.0
RF00632	104	2	SQUARNAs3u	0	40	0	0.0	1	0.0
RF00634	152	40	Rfam	4	27	0	0.129	1.0	0.229
RF00634	152	40	CentroidAlifold	4	25	0	0.138	1.0	0.242
RF00634	152	40	RNAalifold	4	26	0	0.133	1.0	0.235
RF00634	152	40	RscapeNested	4	24	0	0.143	1.0	0.25
RF00634	152	40	RscapeTotal	4	24	0	0.143	1.0	0.25
RF00634	152	40	SQUARNAs3u	4	36	0	0.1	1.0	0.182
RF00635	118	13	Rfam	0	0	0	1	1	1
RF00635	118	13	CentroidAlifold	0	14	0	0.0	1	0.0
RF00635	118	13	RNAalifold	0	31	0	0.0	1	0.0
RF00635	118	13	RscapeNested	0	29	0	0.0	1	0.0
RF00635	118	13	RscapeTotal	0	29	0	0.0	1	0.0
RF00635	118	13	SQUARNAs3u	0	38	0	0.0	1	0.0
RF00636	379	24	Rfam	0	64	0	0.0	1	0.0
RF00636	379	24	CentroidAlifold	0	26	0	0.0	1	0.0
RF00636	379	24	RNAalifold	0	83	0	0.0	1	0.0
RF00636	379	24	RscapeNested	0	75	0	0.0	1	0.0
RF00636	379	24	RscapeTotal	0	75	0	0.0	1	0.0
RF00636	379	24	SQUARNAs3u	0	111	0	0.0	1	0.0
RF00637	102	42	Rfam	0	22	0	0.0	1	0.0
RF00637	102	42	CentroidAlifold	0	22	0	0.0	1	0.0
RF00637	102	42	RNAalifold	0	22	0	0.0	1	0.0
RF00637	102	42	RscapeNested	0	30	0	0.0	1	0.0
RF00637	102	42	RscapeTotal	0	30	0	0.0	1	0.0
RF00637	102	42	SQUARNAs3u	0	29	0	0.0	1	0.0
RF00638	341	66	Rfam	1	25	1	0.038	0.5	0.071
RF00638	341	66	CentroidAlifold	1	31	1	0.031	0.5	0.059
RF00638	341	66	RNAalifold	1	21	1	0.045	0.5	0.083
RF00638	341	66	RscapeNested	1	88	1	0.011	0.5	0.022
RF00638	341	66	RscapeTotal	1	88	1	0.011	0.5	0.022
RF00638	341	66	SQUARNAs3u	1	68	1	0.014	0.5	0.028
RF00639	97	40	Rfam	0	19	0	0.0	1	0.0
RF00639	97	40	CentroidAlifold	0	27	0	0.0	1	0.0
RF00639	97	40	RNAalifold	0	18	0	0.0	1	0.0
RF00639	97	40	RscapeNested	0	35	0	0.0	1	0.0
RF00639	97	40	RscapeTotal	0	35	0	0.0	1	0.0
RF00639	97	40	SQUARNAs3u	0	39	0	0.0	1	0.0
RF00640	408	42	Rfam	0	23	3	0.0	0.0	0.0
RF00640	408	42	CentroidAlifold	0	26	3	0.0	0.0	0.0
RF00640	408	42	RNAalifold	0	24	3	0.0	0.0	0.0
RF00640	408	42	RscapeNested	1	39	2	0.025	0.333	0.047
RF00640	408	42	RscapeTotal	1	39	2	0.025	0.333	0.047
RF00640	408	42	SQUARNAs3u	0	35	3	0.0	0.0	0.0
RF00641	91	121	Rfam	0	27	0	0.0	1	0.0
RF00641	91	121	CentroidAlifold	0	7	0	0.0	1	0.0
RF00641	91	121	RNAalifold	0	0	0	1	1	1
RF00641	91	121	RscapeNested	0	30	0	0.0	1	0.0
RF00641	91	121	RscapeTotal	0	30	0	0.0	1	0.0
RF00641	91	121	SQUARNAs3u	0	29	0	0.0	1	0.0
RF00642	86	22	Rfam	0	14	0	0.0	1	0.0
RF00642	86	22	CentroidAlifold	0	17	0	0.0	1	0.0
RF00642	86	22	RNAalifold	0	15	0	0.0	1	0.0
RF00642	86	22	RscapeNested	0	29	0	0.0	1	0.0
RF00642	86	22	RscapeTotal	0	29	0	0.0	1	0.0
RF00642	86	22	SQUARNAs3u	0	28	0	0.0	1	0.0
RF00643	178	57	Rfam	1	17	0	0.056	1.0	0.105
RF00643	178	57	CentroidAlifold	0	21	1	0.0	0.0	0.0
RF00643	178	57	RNAalifold	0	17	1	0.0	0.0	0.0
RF00643	178	57	RscapeNested	1	39	0	0.025	1.0	0.049
RF00643	178	57	RscapeTotal	1	39	0	0.025	1.0	0.049
RF00643	178	57	SQUARNAs3u	1	32	0	0.03	1.0	0.059
RF00644	83	82	Rfam	0	17	0	0.0	1	0.0
RF00644	83	82	CentroidAlifold	0	20	0	0.0	1	0.0
RF00644	83	82	RNAalifold	0	17	0	0.0	1	0.0
RF00644	83	82	RscapeNested	0	37	0	0.0	1	0.0
RF00644	83	82	RscapeTotal	0	37	0	0.0	1	0.0
RF00644	83	82	SQUARNAs3u	0	28	0	0.0	1	0.0
RF00645	286	100	Rfam	5	17	4	0.227	0.556	0.323
RF00645	286	100	CentroidAlifold	5	17	4	0.227	0.556	0.323
RF00645	286	100	RNAalifold	5	8	4	0.385	0.556	0.455
RF00645	286	100	RscapeNested	6	37	3	0.14	0.667	0.231
RF00645	286	100	RscapeTotal	6	37	3	0.14	0.667	0.231
RF00645	286	100	SQUARNAs3u	6	25	3	0.194	0.667	0.3
RF00646	92	60	Rfam	0	17	0	0.0	1	0.0
RF00646	92	60	CentroidAlifold	0	22	0	0.0	1	0.0
RF00646	92	60	RNAalifold	0	18	0	0.0	1	0.0
RF00646	92	60	RscapeNested	0	29	0	0.0	1	0.0
RF00646	92	60	RscapeTotal	0	29	0	0.0	1	0.0
RF00646	92	60	SQUARNAs3u	0	29	0	0.0	1	0.0
RF00647	305	39	Rfam	0	22	1	0.0	0.0	0.0
RF00647	305	39	CentroidAlifold	0	20	1	0.0	0.0	0.0
RF00647	305	39	RNAalifold	0	16	1	0.0	0.0	0.0
RF00647	305	39	RscapeNested	1	12	0	0.077	1.0	0.143
RF00647	305	39	RscapeTotal	1	12	0	0.077	1.0	0.143
RF00647	305	39	SQUARNAs3u	0	38	1	0.0	0.0	0.0
RF00648	294	26	Rfam	1	22	8	0.043	0.111	0.062
RF00648	294	26	CentroidAlifold	2	27	7	0.069	0.222	0.105
RF00648	294	26	RNAalifold	2	23	7	0.08	0.222	0.118
RF00648	294	26	RscapeNested	3	2	6	0.6	0.333	0.429
RF00648	294	26	RscapeTotal	3	41	6	0.068	0.333	0.113
RF00648	294	26	SQUARNAs3u	2	31	7	0.061	0.222	0.095
RF00649	98	57	Rfam	0	21	0	0.0	1	0.0
RF00649	98	57	CentroidAlifold	0	21	0	0.0	1	0.0
RF00649	98	57	RNAalifold	0	21	0	0.0	1	0.0
RF00649	98	57	RscapeNested	0	31	0	0.0	1	0.0
RF00649	98	57	RscapeTotal	0	31	0	0.0	1	0.0
RF00649	98	57	SQUARNAs3u	0	34	0	0.0	1	0.0
RF00650	85	63	Rfam	3	23	0	0.115	1.0	0.207
RF00650	85	63	CentroidAlifold	3	22	0	0.12	1.0	0.214
RF00650	85	63	RNAalifold	3	19	0	0.136	1.0	0.24
RF00650	85	63	RscapeNested	3	27	0	0.1	1.0	0.182
RF00650	85	63	RscapeTotal	3	27	0	0.1	1.0	0.182
RF00650	85	63	SQUARNAs3u	3	24	0	0.111	1.0	0.2
RF00651	89	72	Rfam	0	19	0	0.0	1	0.0
RF00651	89	72	CentroidAlifold	0	21	0	0.0	1	0.0
RF00651	89	72	RNAalifold	0	21	0	0.0	1	0.0
RF00651	89	72	RscapeNested	0	28	0	0.0	1	0.0
RF00651	89	72	RscapeTotal	0	28	0	0.0	1	0.0
RF00651	89	72	SQUARNAs3u	0	24	0	0.0	1	0.0
RF00652	93	17	Rfam	0	0	0	1	1	1
RF00652	93	17	CentroidAlifold	0	14	0	0.0	1	0.0
RF00652	93	17	RNAalifold	0	15	0	0.0	1	0.0
RF00652	93	17	RscapeNested	0	25	0	0.0	1	0.0
RF00652	93	17	RscapeTotal	0	25	0	0.0	1	0.0
RF00652	93	17	SQUARNAs3u	0	28	0	0.0	1	0.0
RF00653	92	48	Rfam	0	22	0	0.0	1	0.0
RF00653	92	48	CentroidAlifold	0	29	0	0.0	1	0.0
RF00653	92	48	RNAalifold	0	25	0	0.0	1	0.0
RF00653	92	48	RscapeNested	0	33	0	0.0	1	0.0
RF00653	92	48	RscapeTotal	0	33	0	0.0	1	0.0
RF00653	92	48	SQUARNAs3u	0	36	0	0.0	1	0.0
RF00654	96	33	Rfam	0	18	0	0.0	1	0.0
RF00654	96	33	CentroidAlifold	0	15	0	0.0	1	0.0
RF00654	96	33	RNAalifold	0	15	0	0.0	1	0.0
RF00654	96	33	RscapeNested	0	35	0	0.0	1	0.0
RF00654	96	33	RscapeTotal	0	35	0	0.0	1	0.0
RF00654	96	33	SQUARNAs3u	0	31	0	0.0	1	0.0
RF00655	133	29	Rfam	0	26	0	0.0	1	0.0
RF00655	133	29	CentroidAlifold	0	23	0	0.0	1	0.0
RF00655	133	29	RNAalifold	0	19	0	0.0	1	0.0
RF00655	133	29	RscapeNested	0	32	0	0.0	1	0.0
RF00655	133	29	RscapeTotal	0	32	0	0.0	1	0.0
RF00655	133	29	SQUARNAs3u	0	33	0	0.0	1	0.0
RF00656	80	44	Rfam	0	16	0	0.0	1	0.0
RF00656	80	44	CentroidAlifold	0	22	0	0.0	1	0.0
RF00656	80	44	RNAalifold	0	16	0	0.0	1	0.0
RF00656	80	44	RscapeNested	0	27	0	0.0	1	0.0
RF00656	80	44	RscapeTotal	0	27	0	0.0	1	0.0
RF00656	80	44	SQUARNAs3u	0	25	0	0.0	1	0.0
RF00657	95	32	Rfam	0	21	0	0.0	1	0.0
RF00657	95	32	CentroidAlifold	0	22	0	0.0	1	0.0
RF00657	95	32	RNAalifold	0	19	0	0.0	1	0.0
RF00657	95	32	RscapeNested	0	31	0	0.0	1	0.0
RF00657	95	32	RscapeTotal	0	31	0	0.0	1	0.0
RF00657	95	32	SQUARNAs3u	0	30	0	0.0	1	0.0
RF00658	74	41	Rfam	0	19	0	0.0	1	0.0
RF00658	74	41	CentroidAlifold	0	23	0	0.0	1	0.0
RF00658	74	41	RNAalifold	0	19	0	0.0	1	0.0
RF00658	74	41	RscapeNested	0	30	0	0.0	1	0.0
RF00658	74	41	RscapeTotal	0	30	0	0.0	1	0.0
RF00658	74	41	SQUARNAs3u	0	27	0	0.0	1	0.0
RF00659	112	46	Rfam	0	19	0	0.0	1	0.0
RF00659	112	46	CentroidAlifold	0	25	0	0.0	1	0.0
RF00659	112	46	RNAalifold	0	19	0	0.0	1	0.0
RF00659	112	46	RscapeNested	0	30	0	0.0	1	0.0
RF00659	112	46	RscapeTotal	0	30	0	0.0	1	0.0
RF00659	112	46	SQUARNAs3u	0	28	0	0.0	1	0.0
RF00660	110	8	Rfam	0	36	0	0.0	1	0.0
RF00660	110	8	CentroidAlifold	0	30	0	0.0	1	0.0
RF00660	110	8	RNAalifold	0	30	0	0.0	1	0.0
RF00660	110	8	RscapeNested	0	33	0	0.0	1	0.0
RF00660	110	8	RscapeTotal	0	33	0	0.0	1	0.0
RF00660	110	8	SQUARNAs3u	0	38	0	0.0	1	0.0
RF00661	125	28	Rfam	0	14	0	0.0	1	0.0
RF00661	125	28	CentroidAlifold	0	20	0	0.0	1	0.0
RF00661	125	28	RNAalifold	0	18	0	0.0	1	0.0
RF00661	125	28	RscapeNested	0	29	0	0.0	1	0.0
RF00661	125	28	RscapeTotal	0	29	0	0.0	1	0.0
RF00661	125	28	SQUARNAs3u	0	31	0	0.0	1	0.0
RF00662	93	50	Rfam	0	16	0	0.0	1	0.0
RF00662	93	50	CentroidAlifold	0	17	0	0.0	1	0.0
RF00662	93	50	RNAalifold	0	16	0	0.0	1	0.0
RF00662	93	50	RscapeNested	0	33	0	0.0	1	0.0
RF00662	93	50	RscapeTotal	0	33	0	0.0	1	0.0
RF00662	93	50	SQUARNAs3u	0	26	0	0.0	1	0.0
RF00663	74	39	Rfam	0	22	0	0.0	1	0.0
RF00663	74	39	CentroidAlifold	0	21	0	0.0	1	0.0
RF00663	74	39	RNAalifold	0	19	0	0.0	1	0.0
RF00663	74	39	RscapeNested	0	23	0	0.0	1	0.0
RF00663	74	39	RscapeTotal	0	23	0	0.0	1	0.0
RF00663	74	39	SQUARNAs3u	0	25	0	0.0	1	0.0
RF00664	112	27	Rfam	0	25	0	0.0	1	0.0
RF00664	112	27	CentroidAlifold	0	26	0	0.0	1	0.0
RF00664	112	27	RNAalifold	0	25	0	0.0	1	0.0
RF00664	112	27	RscapeNested	0	31	0	0.0	1	0.0
RF00664	112	27	RscapeTotal	0	31	0	0.0	1	0.0
RF00664	112	27	SQUARNAs3u	0	33	0	0.0	1	0.0
RF00665	91	27	Rfam	0	25	0	0.0	1	0.0
RF00665	91	27	CentroidAlifold	0	30	0	0.0	1	0.0
RF00665	91	27	RNAalifold	0	26	0	0.0	1	0.0
RF00665	91	27	RscapeNested	0	39	0	0.0	1	0.0
RF00665	91	27	RscapeTotal	0	39	0	0.0	1	0.0
RF00665	91	27	SQUARNAs3u	0	34	0	0.0	1	0.0
RF00666	70	22	Rfam	0	22	0	0.0	1	0.0
RF00666	70	22	CentroidAlifold	0	25	0	0.0	1	0.0
RF00666	70	22	RNAalifold	0	22	0	0.0	1	0.0
RF00666	70	22	RscapeNested	0	27	0	0.0	1	0.0
RF00666	70	22	RscapeTotal	0	27	0	0.0	1	0.0
RF00666	70	22	SQUARNAs3u	0	29	0	0.0	1	0.0
RF00667	80	50	Rfam	1	20	0	0.048	1.0	0.091
RF00667	80	50	CentroidAlifold	1	20	0	0.048	1.0	0.091
RF00667	80	50	RNAalifold	1	18	0	0.053	1.0	0.1
RF00667	80	50	RscapeNested	1	23	0	0.042	1.0	0.08
RF00667	80	50	RscapeTotal	1	23	0	0.042	1.0	0.08
RF00667	80	50	SQUARNAs3u	1	24	0	0.04	1.0	0.077
RF00668	74	49	Rfam	0	26	1	0.0	0.0	0.0
RF00668	74	49	CentroidAlifold	0	19	1	0.0	0.0	0.0
RF00668	74	49	RNAalifold	0	14	1	0.0	0.0	0.0
RF00668	74	49	RscapeNested	0	29	1	0.0	0.0	0.0
RF00668	74	49	RscapeTotal	0	29	1	0.0	0.0	0.0
RF00668	74	49	SQUARNAs3u	0	26	1	0.0	0.0	0.0
RF00669	82	29	Rfam	0	25	0	0.0	1	0.0
RF00669	82	29	CentroidAlifold	0	22	0	0.0	1	0.0
RF00669	82	29	RNAalifold	0	23	0	0.0	1	0.0
RF00669	82	29	RscapeNested	0	25	0	0.0	1	0.0
RF00669	82	29	RscapeTotal	0	25	0	0.0	1	0.0
RF00669	82	29	SQUARNAs3u	0	23	0	0.0	1	0.0
RF00670	81	23	Rfam	0	31	0	0.0	1	0.0
RF00670	81	23	CentroidAlifold	0	30	0	0.0	1	0.0
RF00670	81	23	RNAalifold	0	31	0	0.0	1	0.0
RF00670	81	23	RscapeNested	0	29	0	0.0	1	0.0
RF00670	81	23	RscapeTotal	0	29	0	0.0	1	0.0
RF00670	81	23	SQUARNAs3u	0	28	0	0.0	1	0.0
RF00671	78	44	Rfam	0	23	0	0.0	1	0.0
RF00671	78	44	CentroidAlifold	0	18	0	0.0	1	0.0
RF00671	78	44	RNAalifold	0	18	0	0.0	1	0.0
RF00671	78	44	RscapeNested	0	24	0	0.0	1	0.0
RF00671	78	44	RscapeTotal	0	24	0	0.0	1	0.0
RF00671	78	44	SQUARNAs3u	0	23	0	0.0	1	0.0
RF00672	97	29	Rfam	0	31	2	0.0	0.0	0.0
RF00672	97	29	CentroidAlifold	0	30	2	0.0	0.0	0.0
RF00672	97	29	RNAalifold	0	30	2	0.0	0.0	0.0
RF00672	97	29	RscapeNested	2	15	0	0.118	1.0	0.211
RF00672	97	29	RscapeTotal	2	15	0	0.118	1.0	0.211
RF00672	97	29	SQUARNAs3u	0	33	2	0.0	0.0	0.0
RF00673	93	28	Rfam	0	17	0	0.0	1	0.0
RF00673	93	28	CentroidAlifold	0	17	0	0.0	1	0.0
RF00673	93	28	RNAalifold	0	17	0	0.0	1	0.0
RF00673	93	28	RscapeNested	0	31	0	0.0	1	0.0
RF00673	93	28	RscapeTotal	0	31	0	0.0	1	0.0
RF00673	93	28	SQUARNAs3u	0	30	0	0.0	1	0.0
RF00674	85	27	Rfam	0	21	0	0.0	1	0.0
RF00674	85	27	CentroidAlifold	0	21	0	0.0	1	0.0
RF00674	85	27	RNAalifold	0	21	0	0.0	1	0.0
RF00674	85	27	RscapeNested	0	28	0	0.0	1	0.0
RF00674	85	27	RscapeTotal	0	28	0	0.0	1	0.0
RF00674	85	27	SQUARNAs3u	0	29	0	0.0	1	0.0
RF00675	114	26	Rfam	0	18	0	0.0	1	0.0
RF00675	114	26	CentroidAlifold	0	24	0	0.0	1	0.0
RF00675	114	26	RNAalifold	0	18	0	0.0	1	0.0
RF00675	114	26	RscapeNested	0	28	0	0.0	1	0.0
RF00675	114	26	RscapeTotal	0	28	0	0.0	1	0.0
RF00675	114	26	SQUARNAs3u	0	32	0	0.0	1	0.0
RF00676	97	19	Rfam	0	28	0	0.0	1	0.0
RF00676	97	19	CentroidAlifold	0	25	0	0.0	1	0.0
RF00676	97	19	RNAalifold	0	28	0	0.0	1	0.0
RF00676	97	19	RscapeNested	0	26	0	0.0	1	0.0
RF00676	97	19	RscapeTotal	0	26	0	0.0	1	0.0
RF00676	97	19	SQUARNAs3u	0	33	0	0.0	1	0.0
RF00677	192	10	Rfam	0	23	0	0.0	1	0.0
RF00677	192	10	CentroidAlifold	0	30	0	0.0	1	0.0
RF00677	192	10	RNAalifold	0	30	0	0.0	1	0.0
RF00677	192	10	RscapeNested	0	50	0	0.0	1	0.0
RF00677	192	10	RscapeTotal	0	50	0	0.0	1	0.0
RF00677	192	10	SQUARNAs3u	0	36	0	0.0	1	0.0
RF00678	79	32	Rfam	0	25	0	0.0	1	0.0
RF00678	79	32	CentroidAlifold	0	26	0	0.0	1	0.0
RF00678	79	32	RNAalifold	0	25	0	0.0	1	0.0
RF00678	79	32	RscapeNested	0	29	0	0.0	1	0.0
RF00678	79	32	RscapeTotal	0	29	0	0.0	1	0.0
RF00678	79	32	SQUARNAs3u	0	31	0	0.0	1	0.0
RF00679	100	26	Rfam	0	27	0	0.0	1	0.0
RF00679	100	26	CentroidAlifold	0	24	0	0.0	1	0.0
RF00679	100	26	RNAalifold	0	26	0	0.0	1	0.0
RF00679	100	26	RscapeNested	0	27	0	0.0	1	0.0
RF00679	100	26	RscapeTotal	0	27	0	0.0	1	0.0
RF00679	100	26	SQUARNAs3u	0	31	0	0.0	1	0.0
RF00680	82	14	Rfam	0	33	0	0.0	1	0.0
RF00680	82	14	CentroidAlifold	0	32	0	0.0	1	0.0
RF00680	82	14	RNAalifold	0	33	0	0.0	1	0.0
RF00680	82	14	RscapeNested	0	25	0	0.0	1	0.0
RF00680	82	14	RscapeTotal	0	25	0	0.0	1	0.0
RF00680	82	14	SQUARNAs3u	0	31	0	0.0	1	0.0
RF00681	62	10	Rfam	0	19	0	0.0	1	0.0
RF00681	62	10	CentroidAlifold	0	17	0	0.0	1	0.0
RF00681	62	10	RNAalifold	0	19	0	0.0	1	0.0
RF00681	62	10	RscapeNested	0	9	0	0.0	1	0.0
RF00681	62	10	RscapeTotal	0	9	0	0.0	1	0.0
RF00681	62	10	SQUARNAs3u	0	23	0	0.0	1	0.0
RF00682	87	32	Rfam	0	24	0	0.0	1	0.0
RF00682	87	32	CentroidAlifold	0	24	0	0.0	1	0.0
RF00682	87	32	RNAalifold	0	24	0	0.0	1	0.0
RF00682	87	32	RscapeNested	0	28	0	0.0	1	0.0
RF00682	87	32	RscapeTotal	0	28	0	0.0	1	0.0
RF00682	87	32	SQUARNAs3u	0	29	0	0.0	1	0.0
RF00683	85	30	Rfam	0	23	0	0.0	1	0.0
RF00683	85	30	CentroidAlifold	0	23	0	0.0	1	0.0
RF00683	85	30	RNAalifold	0	23	0	0.0	1	0.0
RF00683	85	30	RscapeNested	0	27	0	0.0	1	0.0
RF00683	85	30	RscapeTotal	0	27	0	0.0	1	0.0
RF00683	85	30	SQUARNAs3u	0	29	0	0.0	1	0.0
RF00684	75	32	Rfam	0	18	0	0.0	1	0.0
RF00684	75	32	CentroidAlifold	0	21	0	0.0	1	0.0
RF00684	75	32	RNAalifold	0	18	0	0.0	1	0.0
RF00684	75	32	RscapeNested	0	31	0	0.0	1	0.0
RF00684	75	32	RscapeTotal	0	31	0	0.0	1	0.0
RF00684	75	32	SQUARNAs3u	0	27	0	0.0	1	0.0
RF00685	119	46	Rfam	2	26	0	0.071	1.0	0.133
RF00685	119	46	CentroidAlifold	2	23	0	0.08	1.0	0.148
RF00685	119	46	RNAalifold	2	23	0	0.08	1.0	0.148
RF00685	119	46	RscapeNested	2	37	0	0.051	1.0	0.098
RF00685	119	46	RscapeTotal	2	37	0	0.051	1.0	0.098
RF00685	119	46	SQUARNAs3u	2	35	0	0.054	1.0	0.103
RF00686	71	36	Rfam	0	17	0	0.0	1	0.0
RF00686	71	36	CentroidAlifold	0	17	0	0.0	1	0.0
RF00686	71	36	RNAalifold	0	17	0	0.0	1	0.0
RF00686	71	36	RscapeNested	0	22	0	0.0	1	0.0
RF00686	71	36	RscapeTotal	0	22	0	0.0	1	0.0
RF00686	71	36	SQUARNAs3u	0	25	0	0.0	1	0.0
RF00687	82	16	Rfam	0	31	0	0.0	1	0.0
RF00687	82	16	CentroidAlifold	0	31	0	0.0	1	0.0
RF00687	82	16	RNAalifold	0	31	0	0.0	1	0.0
RF00687	82	16	RscapeNested	0	30	0	0.0	1	0.0
RF00687	82	16	RscapeTotal	0	30	0	0.0	1	0.0
RF00687	82	16	SQUARNAs3u	0	31	0	0.0	1	0.0
RF00688	147	19	Rfam	0	18	0	0.0	1	0.0
RF00688	147	19	CentroidAlifold	0	25	0	0.0	1	0.0
RF00688	147	19	RNAalifold	0	19	0	0.0	1	0.0
RF00688	147	19	RscapeNested	0	40	0	0.0	1	0.0
RF00688	147	19	RscapeTotal	0	40	0	0.0	1	0.0
RF00688	147	19	SQUARNAs3u	0	31	0	0.0	1	0.0
RF00689	154	16	Rfam	0	20	1	0.0	0.0	0.0
RF00689	154	16	CentroidAlifold	0	29	1	0.0	0.0	0.0
RF00689	154	16	RNAalifold	0	28	1	0.0	0.0	0.0
RF00689	154	16	RscapeNested	0	46	1	0.0	0.0	0.0
RF00689	154	16	RscapeTotal	0	46	1	0.0	0.0	0.0
RF00689	154	16	SQUARNAs3u	0	34	1	0.0	0.0	0.0
RF00690	236	8	Rfam	0	24	0	0.0	1	0.0
RF00690	236	8	CentroidAlifold	0	21	0	0.0	1	0.0
RF00690	236	8	RNAalifold	0	24	0	0.0	1	0.0
RF00690	236	8	RscapeNested	0	38	0	0.0	1	0.0
RF00690	236	8	RscapeTotal	0	38	0	0.0	1	0.0
RF00690	236	8	SQUARNAs3u	0	43	0	0.0	1	0.0
RF00691	99	33	Rfam	0	17	0	0.0	1	0.0
RF00691	99	33	CentroidAlifold	0	18	0	0.0	1	0.0
RF00691	99	33	RNAalifold	0	16	0	0.0	1	0.0
RF00691	99	33	RscapeNested	0	27	0	0.0	1	0.0
RF00691	99	33	RscapeTotal	0	27	0	0.0	1	0.0
RF00691	99	33	SQUARNAs3u	0	27	0	0.0	1	0.0
RF00692	124	7	Rfam	0	26	0	0.0	1	0.0
RF00692	124	7	CentroidAlifold	0	32	0	0.0	1	0.0
RF00692	124	7	RNAalifold	0	32	0	0.0	1	0.0
RF00692	124	7	RscapeNested	0	43	0	0.0	1	0.0
RF00692	124	7	RscapeTotal	0	43	0	0.0	1	0.0
RF00692	124	7	SQUARNAs3u	0	38	0	0.0	1	0.0
RF00693	93	64	Rfam	0	15	0	0.0	1	0.0
RF00693	93	64	CentroidAlifold	0	0	0	1	1	1
RF00693	93	64	RNAalifold	0	0	0	1	1	1
RF00693	93	64	RscapeNested	0	20	0	0.0	1	0.0
RF00693	93	64	RscapeTotal	0	20	0	0.0	1	0.0
RF00693	93	64	SQUARNAs3u	0	26	0	0.0	1	0.0
RF00694	85	62	Rfam	0	29	0	0.0	1	0.0
RF00694	85	62	CentroidAlifold	0	16	0	0.0	1	0.0
RF00694	85	62	RNAalifold	0	14	0	0.0	1	0.0
RF00694	85	62	RscapeNested	0	30	0	0.0	1	0.0
RF00694	85	62	RscapeTotal	0	30	0	0.0	1	0.0
RF00694	85	62	SQUARNAs3u	0	30	0	0.0	1	0.0
RF00695	153	14	Rfam	0	20	0	0.0	1	0.0
RF00695	153	14	CentroidAlifold	0	23	0	0.0	1	0.0
RF00695	153	14	RNAalifold	0	23	0	0.0	1	0.0
RF00695	153	14	RscapeNested	0	39	0	0.0	1	0.0
RF00695	153	14	RscapeTotal	0	39	0	0.0	1	0.0
RF00695	153	14	SQUARNAs3u	0	29	0	0.0	1	0.0
RF00696	80	32	Rfam	0	16	0	0.0	1	0.0
RF00696	80	32	CentroidAlifold	0	23	0	0.0	1	0.0
RF00696	80	32	RNAalifold	0	16	0	0.0	1	0.0
RF00696	80	32	RscapeNested	0	27	0	0.0	1	0.0
RF00696	80	32	RscapeTotal	0	27	0	0.0	1	0.0
RF00696	80	32	SQUARNAs3u	0	31	0	0.0	1	0.0
RF00697	100	19	Rfam	0	34	0	0.0	1	0.0
RF00697	100	19	CentroidAlifold	0	6	0	0.0	1	0.0
RF00697	100	19	RNAalifold	0	9	0	0.0	1	0.0
RF00697	100	19	RscapeNested	0	34	0	0.0	1	0.0
RF00697	100	19	RscapeTotal	0	34	0	0.0	1	0.0
RF00697	100	19	SQUARNAs3u	0	33	0	0.0	1	0.0
RF00698	85	21	Rfam	0	24	0	0.0	1	0.0
RF00698	85	21	CentroidAlifold	0	27	0	0.0	1	0.0
RF00698	85	21	RNAalifold	0	24	0	0.0	1	0.0
RF00698	85	21	RscapeNested	0	33	0	0.0	1	0.0
RF00698	85	21	RscapeTotal	0	33	0	0.0	1	0.0
RF00698	85	21	SQUARNAs3u	0	35	0	0.0	1	0.0
RF00699	73	15	Rfam	0	24	0	0.0	1	0.0
RF00699	73	15	CentroidAlifold	0	22	0	0.0	1	0.0
RF00699	73	15	RNAalifold	0	24	0	0.0	1	0.0
RF00699	73	15	RscapeNested	0	22	0	0.0	1	0.0
RF00699	73	15	RscapeTotal	0	22	0	0.0	1	0.0
RF00699	73	15	SQUARNAs3u	0	25	0	0.0	1	0.0
RF00700	97	47	Rfam	0	20	0	0.0	1	0.0
RF00700	97	47	CentroidAlifold	0	14	0	0.0	1	0.0
RF00700	97	47	RNAalifold	0	12	0	0.0	1	0.0
RF00700	97	47	RscapeNested	0	15	0	0.0	1	0.0
RF00700	97	47	RscapeTotal	0	15	0	0.0	1	0.0
RF00700	97	47	SQUARNAs3u	0	23	0	0.0	1	0.0
RF00701	74	37	Rfam	0	18	0	0.0	1	0.0
RF00701	74	37	CentroidAlifold	0	18	0	0.0	1	0.0
RF00701	74	37	RNAalifold	0	18	0	0.0	1	0.0
RF00701	74	37	RscapeNested	0	35	0	0.0	1	0.0
RF00701	74	37	RscapeTotal	0	35	0	0.0	1	0.0
RF00701	74	37	SQUARNAs3u	0	28	0	0.0	1	0.0
RF00702	115	28	Rfam	0	24	0	0.0	1	0.0
RF00702	115	28	CentroidAlifold	0	19	0	0.0	1	0.0
RF00702	115	28	RNAalifold	0	19	0	0.0	1	0.0
RF00702	115	28	RscapeNested	0	25	0	0.0	1	0.0
RF00702	115	28	RscapeTotal	0	25	0	0.0	1	0.0
RF00702	115	28	SQUARNAs3u	0	28	0	0.0	1	0.0
RF00703	72	29	Rfam	0	22	0	0.0	1	0.0
RF00703	72	29	CentroidAlifold	0	22	0	0.0	1	0.0
RF00703	72	29	RNAalifold	0	22	0	0.0	1	0.0
RF00703	72	29	RscapeNested	0	24	0	0.0	1	0.0
RF00703	72	29	RscapeTotal	0	24	0	0.0	1	0.0
RF00703	72	29	SQUARNAs3u	0	24	0	0.0	1	0.0
RF00704	130	7	Rfam	0	25	0	0.0	1	0.0
RF00704	130	7	CentroidAlifold	0	26	0	0.0	1	0.0
RF00704	130	7	RNAalifold	0	26	0	0.0	1	0.0
RF00704	130	7	RscapeNested	0	43	0	0.0	1	0.0
RF00704	130	7	RscapeTotal	0	43	0	0.0	1	0.0
RF00704	130	7	SQUARNAs3u	0	33	0	0.0	1	0.0
RF00705	77	23	Rfam	0	21	0	0.0	1	0.0
RF00705	77	23	CentroidAlifold	0	26	0	0.0	1	0.0
RF00705	77	23	RNAalifold	0	23	0	0.0	1	0.0
RF00705	77	23	RscapeNested	0	30	0	0.0	1	0.0
RF00705	77	23	RscapeTotal	0	30	0	0.0	1	0.0
RF00705	77	23	SQUARNAs3u	0	32	0	0.0	1	0.0
RF00706	88	52	Rfam	1	26	2	0.037	0.333	0.067
RF00706	88	52	CentroidAlifold	1	18	2	0.053	0.333	0.091
RF00706	88	52	RNAalifold	1	14	2	0.067	0.333	0.111
RF00706	88	52	RscapeNested	1	28	2	0.034	0.333	0.062
RF00706	88	52	RscapeTotal	1	28	2	0.034	0.333	0.062
RF00706	88	52	SQUARNAs3u	1	26	2	0.037	0.333	0.067
RF00707	75	12	Rfam	0	29	0	0.0	1	0.0
RF00707	75	12	CentroidAlifold	0	27	0	0.0	1	0.0
RF00707	75	12	RNAalifold	0	29	0	0.0	1	0.0
RF00707	75	12	RscapeNested	0	31	0	0.0	1	0.0
RF00707	75	12	RscapeTotal	0	31	0	0.0	1	0.0
RF00707	75	12	SQUARNAs3u	0	29	0	0.0	1	0.0
RF00708	80	36	Rfam	0	26	0	0.0	1	0.0
RF00708	80	36	CentroidAlifold	0	26	0	0.0	1	0.0
RF00708	80	36	RNAalifold	0	26	0	0.0	1	0.0
RF00708	80	36	RscapeNested	0	27	0	0.0	1	0.0
RF00708	80	36	RscapeTotal	0	27	0	0.0	1	0.0
RF00708	80	36	SQUARNAs3u	0	29	0	0.0	1	0.0
RF00709	85	29	Rfam	0	21	0	0.0	1	0.0
RF00709	85	29	CentroidAlifold	0	23	0	0.0	1	0.0
RF00709	85	29	RNAalifold	0	21	0	0.0	1	0.0
RF00709	85	29	RscapeNested	0	31	0	0.0	1	0.0
RF00709	85	29	RscapeTotal	0	31	0	0.0	1	0.0
RF00709	85	29	SQUARNAs3u	0	31	0	0.0	1	0.0
RF00710	91	13	Rfam	0	23	0	0.0	1	0.0
RF00710	91	13	CentroidAlifold	0	22	0	0.0	1	0.0
RF00710	91	13	RNAalifold	0	23	0	0.0	1	0.0
RF00710	91	13	RscapeNested	0	29	0	0.0	1	0.0
RF00710	91	13	RscapeTotal	0	29	0	0.0	1	0.0
RF00710	91	13	SQUARNAs3u	0	31	0	0.0	1	0.0
RF00711	116	56	Rfam	1	27	0	0.036	1.0	0.069
RF00711	116	56	CentroidAlifold	1	23	0	0.042	1.0	0.08
RF00711	116	56	RNAalifold	1	23	0	0.042	1.0	0.08
RF00711	116	56	RscapeNested	1	32	0	0.03	1.0	0.059
RF00711	116	56	RscapeTotal	1	32	0	0.03	1.0	0.059
RF00711	116	56	SQUARNAs3u	1	32	0	0.03	1.0	0.059
RF00712	79	21	Rfam	0	16	0	0.0	1	0.0
RF00712	79	21	CentroidAlifold	0	15	0	0.0	1	0.0
RF00712	79	21	RNAalifold	0	16	0	0.0	1	0.0
RF00712	79	21	RscapeNested	0	32	0	0.0	1	0.0
RF00712	79	21	RscapeTotal	0	32	0	0.0	1	0.0
RF00712	79	21	SQUARNAs3u	0	28	0	0.0	1	0.0
RF00713	79	12	Rfam	0	25	0	0.0	1	0.0
RF00713	79	12	CentroidAlifold	0	18	0	0.0	1	0.0
RF00713	79	12	RNAalifold	0	17	0	0.0	1	0.0
RF00713	79	12	RscapeNested	0	29	0	0.0	1	0.0
RF00713	79	12	RscapeTotal	0	29	0	0.0	1	0.0
RF00713	79	12	SQUARNAs3u	0	26	0	0.0	1	0.0
RF00714	106	4	Rfam	0	27	0	0.0	1	0.0
RF00714	106	4	CentroidAlifold	0	32	0	0.0	1	0.0
RF00714	106	4	RNAalifold	0	32	0	0.0	1	0.0
RF00714	106	4	RscapeNested	0	47	0	0.0	1	0.0
RF00714	106	4	RscapeTotal	0	47	0	0.0	1	0.0
RF00714	106	4	SQUARNAs3u	0	38	0	0.0	1	0.0
RF00715	73	21	Rfam	0	24	0	0.0	1	0.0
RF00715	73	21	CentroidAlifold	0	21	0	0.0	1	0.0
RF00715	73	21	RNAalifold	0	24	0	0.0	1	0.0
RF00715	73	21	RscapeNested	0	23	0	0.0	1	0.0
RF00715	73	21	RscapeTotal	0	23	0	0.0	1	0.0
RF00715	73	21	SQUARNAs3u	0	25	0	0.0	1	0.0
RF00716	79	28	Rfam	0	17	0	0.0	1	0.0
RF00716	79	28	CentroidAlifold	0	19	0	0.0	1	0.0
RF00716	79	28	RNAalifold	0	16	0	0.0	1	0.0
RF00716	79	28	RscapeNested	0	24	0	0.0	1	0.0
RF00716	79	28	RscapeTotal	0	24	0	0.0	1	0.0
RF00716	79	28	SQUARNAs3u	0	28	0	0.0	1	0.0
RF00717	86	27	Rfam	0	28	0	0.0	1	0.0
RF00717	86	27	CentroidAlifold	0	22	0	0.0	1	0.0
RF00717	86	27	RNAalifold	0	15	0	0.0	1	0.0
RF00717	86	27	RscapeNested	0	33	0	0.0	1	0.0
RF00717	86	27	RscapeTotal	0	33	0	0.0	1	0.0
RF00717	86	27	SQUARNAs3u	0	29	0	0.0	1	0.0
RF00718	86	9	Rfam	0	32	2	0.0	0.0	0.0
RF00718	86	9	CentroidAlifold	0	28	2	0.0	0.0	0.0
RF00718	86	9	RNAalifold	0	32	2	0.0	0.0	0.0
RF00718	86	9	RscapeNested	0	26	2	0.0	0.0	0.0
RF00718	86	9	RscapeTotal	0	26	2	0.0	0.0	0.0
RF00718	86	9	SQUARNAs3u	0	32	2	0.0	0.0	0.0
RF00719	95	13	Rfam	0	31	0	0.0	1	0.0
RF00719	95	13	CentroidAlifold	0	31	0	0.0	1	0.0
RF00719	95	13	RNAalifold	0	31	0	0.0	1	0.0
RF00719	95	13	RscapeNested	0	31	0	0.0	1	0.0
RF00719	95	13	RscapeTotal	0	31	0	0.0	1	0.0
RF00719	95	13	SQUARNAs3u	0	27	0	0.0	1	0.0
RF00720	94	25	Rfam	0	19	0	0.0	1	0.0
RF00720	94	25	CentroidAlifold	0	14	0	0.0	1	0.0
RF00720	94	25	RNAalifold	0	18	0	0.0	1	0.0
RF00720	94	25	RscapeNested	0	36	0	0.0	1	0.0
RF00720	94	25	RscapeTotal	0	36	0	0.0	1	0.0
RF00720	94	25	SQUARNAs3u	0	31	0	0.0	1	0.0
RF00721	132	5	Rfam	0	41	0	0.0	1	0.0
RF00721	132	5	CentroidAlifold	0	28	0	0.0	1	0.0
RF00721	132	5	RNAalifold	0	41	0	0.0	1	0.0
RF00721	132	5	RscapeNested	0	42	0	0.0	1	0.0
RF00721	132	5	RscapeTotal	0	42	0	0.0	1	0.0
RF00721	132	5	SQUARNAs3u	0	44	0	0.0	1	0.0
RF00722	76	19	Rfam	2	25	0	0.074	1.0	0.138
RF00722	76	19	CentroidAlifold	2	24	0	0.077	1.0	0.143
RF00722	76	19	RNAalifold	2	24	0	0.077	1.0	0.143
RF00722	76	19	RscapeNested	2	26	0	0.071	1.0	0.133
RF00722	76	19	RscapeTotal	2	26	0	0.071	1.0	0.133
RF00722	76	19	SQUARNAs3u	2	29	0	0.065	1.0	0.121
RF00723	112	10	Rfam	0	36	0	0.0	1	0.0
RF00723	112	10	CentroidAlifold	0	32	0	0.0	1	0.0
RF00723	112	10	RNAalifold	0	36	0	0.0	1	0.0
RF00723	112	10	RscapeNested	0	34	0	0.0	1	0.0
RF00723	112	10	RscapeTotal	0	34	0	0.0	1	0.0
RF00723	112	10	SQUARNAs3u	0	43	0	0.0	1	0.0
RF00724	104	15	Rfam	0	24	0	0.0	1	0.0
RF00724	104	15	CentroidAlifold	0	23	0	0.0	1	0.0
RF00724	104	15	RNAalifold	0	20	0	0.0	1	0.0
RF00724	104	15	RscapeNested	0	28	0	0.0	1	0.0
RF00724	104	15	RscapeTotal	0	28	0	0.0	1	0.0
RF00724	104	15	SQUARNAs3u	0	27	0	0.0	1	0.0
RF00725	74	8	Rfam	0	26	0	0.0	1	0.0
RF00725	74	8	CentroidAlifold	0	23	0	0.0	1	0.0
RF00725	74	8	RNAalifold	0	26	0	0.0	1	0.0
RF00725	74	8	RscapeNested	0	27	0	0.0	1	0.0
RF00725	74	8	RscapeTotal	0	27	0	0.0	1	0.0
RF00725	74	8	SQUARNAs3u	0	27	0	0.0	1	0.0
RF00726	114	44	Rfam	2	23	0	0.08	1.0	0.148
RF00726	114	44	CentroidAlifold	2	14	0	0.125	1.0	0.222
RF00726	114	44	RNAalifold	2	11	0	0.154	1.0	0.267
RF00726	114	44	RscapeNested	2	35	0	0.054	1.0	0.103
RF00726	114	44	RscapeTotal	2	35	0	0.054	1.0	0.103
RF00726	114	44	SQUARNAs3u	2	24	0	0.077	1.0	0.143
RF00727	87	28	Rfam	0	22	1	0.0	0.0	0.0
RF00727	87	28	CentroidAlifold	0	22	1	0.0	0.0	0.0
RF00727	87	28	RNAalifold	0	22	1	0.0	0.0	0.0
RF00727	87	28	RscapeNested	0	32	1	0.0	0.0	0.0
RF00727	87	28	RscapeTotal	0	32	1	0.0	0.0	0.0
RF00727	87	28	SQUARNAs3u	0	32	1	0.0	0.0	0.0
RF00728	93	10	Rfam	0	24	0	0.0	1	0.0
RF00728	93	10	CentroidAlifold	0	24	0	0.0	1	0.0
RF00728	93	10	RNAalifold	0	24	0	0.0	1	0.0
RF00728	93	10	RscapeNested	0	24	0	0.0	1	0.0
RF00728	93	10	RscapeTotal	0	24	0	0.0	1	0.0
RF00728	93	10	SQUARNAs3u	0	33	0	0.0	1	0.0
RF00729	84	26	Rfam	0	24	0	0.0	1	0.0
RF00729	84	26	CentroidAlifold	0	19	0	0.0	1	0.0
RF00729	84	26	RNAalifold	0	18	0	0.0	1	0.0
RF00729	84	26	RscapeNested	0	32	0	0.0	1	0.0
RF00729	84	26	RscapeTotal	0	32	0	0.0	1	0.0
RF00729	84	26	SQUARNAs3u	0	25	0	0.0	1	0.0
RF00730	109	25	Rfam	0	23	0	0.0	1	0.0
RF00730	109	25	CentroidAlifold	0	28	0	0.0	1	0.0
RF00730	109	25	RNAalifold	0	23	0	0.0	1	0.0
RF00730	109	25	RscapeNested	0	32	0	0.0	1	0.0
RF00730	109	25	RscapeTotal	0	32	0	0.0	1	0.0
RF00730	109	25	SQUARNAs3u	0	32	0	0.0	1	0.0
RF00731	70	25	Rfam	0	18	0	0.0	1	0.0
RF00731	70	25	CentroidAlifold	0	22	0	0.0	1	0.0
RF00731	70	25	RNAalifold	0	18	0	0.0	1	0.0
RF00731	70	25	RscapeNested	0	24	0	0.0	1	0.0
RF00731	70	25	RscapeTotal	0	24	0	0.0	1	0.0
RF00731	70	25	SQUARNAs3u	0	22	0	0.0	1	0.0
RF00732	77	23	Rfam	0	21	0	0.0	1	0.0
RF00732	77	23	CentroidAlifold	0	22	0	0.0	1	0.0
RF00732	77	23	RNAalifold	0	21	0	0.0	1	0.0
RF00732	77	23	RscapeNested	0	25	0	0.0	1	0.0
RF00732	77	23	RscapeTotal	0	25	0	0.0	1	0.0
RF00732	77	23	SQUARNAs3u	0	23	0	0.0	1	0.0
RF00733	79	13	Rfam	0	26	0	0.0	1	0.0
RF00733	79	13	CentroidAlifold	0	27	0	0.0	1	0.0
RF00733	79	13	RNAalifold	0	26	0	0.0	1	0.0
RF00733	79	13	RscapeNested	0	28	0	0.0	1	0.0
RF00733	79	13	RscapeTotal	0	28	0	0.0	1	0.0
RF00733	79	13	SQUARNAs3u	0	25	0	0.0	1	0.0
RF00734	92	5	Rfam	0	20	0	0.0	1	0.0
RF00734	92	5	CentroidAlifold	0	22	0	0.0	1	0.0
RF00734	92	5	RNAalifold	0	20	0	0.0	1	0.0
RF00734	92	5	RscapeNested	0	21	0	0.0	1	0.0
RF00734	92	5	RscapeTotal	0	21	0	0.0	1	0.0
RF00734	92	5	SQUARNAs3u	0	29	0	0.0	1	0.0
RF00735	69	14	Rfam	0	21	0	0.0	1	0.0
RF00735	69	14	CentroidAlifold	0	22	0	0.0	1	0.0
RF00735	69	14	RNAalifold	0	21	0	0.0	1	0.0
RF00735	69	14	RscapeNested	0	25	0	0.0	1	0.0
RF00735	69	14	RscapeTotal	0	25	0	0.0	1	0.0
RF00735	69	14	SQUARNAs3u	0	24	0	0.0	1	0.0
RF00736	77	38	Rfam	0	16	0	0.0	1	0.0
RF00736	77	38	CentroidAlifold	0	20	0	0.0	1	0.0
RF00736	77	38	RNAalifold	0	16	0	0.0	1	0.0
RF00736	77	38	RscapeNested	0	22	0	0.0	1	0.0
RF00736	77	38	RscapeTotal	0	22	0	0.0	1	0.0
RF00736	77	38	SQUARNAs3u	0	22	0	0.0	1	0.0
RF00737	85	15	Rfam	0	28	0	0.0	1	0.0
RF00737	85	15	CentroidAlifold	0	25	0	0.0	1	0.0
RF00737	85	15	RNAalifold	0	28	0	0.0	1	0.0
RF00737	85	15	RscapeNested	0	26	0	0.0	1	0.0
RF00737	85	15	RscapeTotal	0	26	0	0.0	1	0.0
RF00737	85	15	SQUARNAs3u	0	26	0	0.0	1	0.0
RF00739	92	2	Rfam	0	33	0	0.0	1	0.0
RF00739	92	2	CentroidAlifold	0	31	0	0.0	1	0.0
RF00739	92	2	RNAalifold	0	30	0	0.0	1	0.0
RF00739	92	2	RscapeNested	0	33	0	0.0	1	0.0
RF00739	92	2	RscapeTotal	0	33	0	0.0	1	0.0
RF00739	92	2	SQUARNAs3u	0	34	0	0.0	1	0.0
RF00740	80	12	Rfam	0	26	0	0.0	1	0.0
RF00740	80	12	CentroidAlifold	0	25	0	0.0	1	0.0
RF00740	80	12	RNAalifold	0	26	0	0.0	1	0.0
RF00740	80	12	RscapeNested	0	26	0	0.0	1	0.0
RF00740	80	12	RscapeTotal	0	26	0	0.0	1	0.0
RF00740	80	12	SQUARNAs3u	0	27	0	0.0	1	0.0
RF00741	66	8	Rfam	0	24	0	0.0	1	0.0
RF00741	66	8	CentroidAlifold	0	23	0	0.0	1	0.0
RF00741	66	8	RNAalifold	0	24	0	0.0	1	0.0
RF00741	66	8	RscapeNested	0	26	0	0.0	1	0.0
RF00741	66	8	RscapeTotal	0	26	0	0.0	1	0.0
RF00741	66	8	SQUARNAs3u	0	25	0	0.0	1	0.0
RF00742	123	10	Rfam	0	25	0	0.0	1	0.0
RF00742	123	10	CentroidAlifold	0	25	0	0.0	1	0.0
RF00742	123	10	RNAalifold	0	25	0	0.0	1	0.0
RF00742	123	10	RscapeNested	0	26	0	0.0	1	0.0
RF00742	123	10	RscapeTotal	0	26	0	0.0	1	0.0
RF00742	123	10	SQUARNAs3u	0	24	0	0.0	1	0.0
RF00743	69	11	Rfam	0	24	0	0.0	1	0.0
RF00743	69	11	CentroidAlifold	0	22	0	0.0	1	0.0
RF00743	69	11	RNAalifold	0	22	0	0.0	1	0.0
RF00743	69	11	RscapeNested	0	24	0	0.0	1	0.0
RF00743	69	11	RscapeTotal	0	24	0	0.0	1	0.0
RF00743	69	11	SQUARNAs3u	0	24	0	0.0	1	0.0
RF00744	72	15	Rfam	0	24	0	0.0	1	0.0
RF00744	72	15	CentroidAlifold	0	24	0	0.0	1	0.0
RF00744	72	15	RNAalifold	0	24	0	0.0	1	0.0
RF00744	72	15	RscapeNested	0	24	0	0.0	1	0.0
RF00744	72	15	RscapeTotal	0	24	0	0.0	1	0.0
RF00744	72	15	SQUARNAs3u	0	24	0	0.0	1	0.0
RF00745	84	31	Rfam	0	17	0	0.0	1	0.0
RF00745	84	31	CentroidAlifold	0	17	0	0.0	1	0.0
RF00745	84	31	RNAalifold	0	17	0	0.0	1	0.0
RF00745	84	31	RscapeNested	0	27	0	0.0	1	0.0
RF00745	84	31	RscapeTotal	0	27	0	0.0	1	0.0
RF00745	84	31	SQUARNAs3u	0	26	0	0.0	1	0.0
RF00746	105	20	Rfam	0	24	0	0.0	1	0.0
RF00746	105	20	CentroidAlifold	0	28	0	0.0	1	0.0
RF00746	105	20	RNAalifold	0	24	0	0.0	1	0.0
RF00746	105	20	RscapeNested	0	36	0	0.0	1	0.0
RF00746	105	20	RscapeTotal	0	36	0	0.0	1	0.0
RF00746	105	20	SQUARNAs3u	0	32	0	0.0	1	0.0
RF00747	101	11	Rfam	0	25	0	0.0	1	0.0
RF00747	101	11	CentroidAlifold	0	26	0	0.0	1	0.0
RF00747	101	11	RNAalifold	0	26	0	0.0	1	0.0
RF00747	101	11	RscapeNested	0	34	0	0.0	1	0.0
RF00747	101	11	RscapeTotal	0	34	0	0.0	1	0.0
RF00747	101	11	SQUARNAs3u	0	33	0	0.0	1	0.0
RF00748	93	12	Rfam	0	31	0	0.0	1	0.0
RF00748	93	12	CentroidAlifold	0	26	0	0.0	1	0.0
RF00748	93	12	RNAalifold	0	31	0	0.0	1	0.0
RF00748	93	12	RscapeNested	0	30	0	0.0	1	0.0
RF00748	93	12	RscapeTotal	0	30	0	0.0	1	0.0
RF00748	93	12	SQUARNAs3u	0	30	0	0.0	1	0.0
RF00749	80	29	Rfam	0	23	0	0.0	1	0.0
RF00749	80	29	CentroidAlifold	0	23	0	0.0	1	0.0
RF00749	80	29	RNAalifold	0	23	0	0.0	1	0.0
RF00749	80	29	RscapeNested	0	31	0	0.0	1	0.0
RF00749	80	29	RscapeTotal	0	31	0	0.0	1	0.0
RF00749	80	29	SQUARNAs3u	0	31	0	0.0	1	0.0
RF00750	78	12	Rfam	0	24	0	0.0	1	0.0
RF00750	78	12	CentroidAlifold	0	26	0	0.0	1	0.0
RF00750	78	12	RNAalifold	0	24	0	0.0	1	0.0
RF00750	78	12	RscapeNested	0	35	0	0.0	1	0.0
RF00750	78	12	RscapeTotal	0	35	0	0.0	1	0.0
RF00750	78	12	SQUARNAs3u	0	29	0	0.0	1	0.0
RF00751	124	21	Rfam	0	23	0	0.0	1	0.0
RF00751	124	21	CentroidAlifold	0	24	0	0.0	1	0.0
RF00751	124	21	RNAalifold	0	23	0	0.0	1	0.0
RF00751	124	21	RscapeNested	0	26	0	0.0	1	0.0
RF00751	124	21	RscapeTotal	0	26	0	0.0	1	0.0
RF00751	124	21	SQUARNAs3u	0	28	0	0.0	1	0.0
RF00752	73	23	Rfam	0	24	0	0.0	1	0.0
RF00752	73	23	CentroidAlifold	0	20	0	0.0	1	0.0
RF00752	73	23	RNAalifold	0	15	0	0.0	1	0.0
RF00752	73	23	RscapeNested	0	23	0	0.0	1	0.0
RF00752	73	23	RscapeTotal	0	23	0	0.0	1	0.0
RF00752	73	23	SQUARNAs3u	0	19	0	0.0	1	0.0
RF00753	74	14	Rfam	0	27	0	0.0	1	0.0
RF00753	74	14	CentroidAlifold	0	25	0	0.0	1	0.0
RF00753	74	14	RNAalifold	0	27	0	0.0	1	0.0
RF00753	74	14	RscapeNested	0	24	0	0.0	1	0.0
RF00753	74	14	RscapeTotal	0	24	0	0.0	1	0.0
RF00753	74	14	SQUARNAs3u	0	30	0	0.0	1	0.0
RF00754	101	12	Rfam	0	34	0	0.0	1	0.0
RF00754	101	12	CentroidAlifold	0	31	0	0.0	1	0.0
RF00754	101	12	RNAalifold	0	31	0	0.0	1	0.0
RF00754	101	12	RscapeNested	0	30	0	0.0	1	0.0
RF00754	101	12	RscapeTotal	0	30	0	0.0	1	0.0
RF00754	101	12	SQUARNAs3u	0	34	0	0.0	1	0.0
RF00755	80	13	Rfam	0	24	0	0.0	1	0.0
RF00755	80	13	CentroidAlifold	0	24	0	0.0	1	0.0
RF00755	80	13	RNAalifold	0	27	0	0.0	1	0.0
RF00755	80	13	RscapeNested	0	25	0	0.0	1	0.0
RF00755	80	13	RscapeTotal	0	25	0	0.0	1	0.0
RF00755	80	13	SQUARNAs3u	0	29	0	0.0	1	0.0
RF00756	63	14	Rfam	0	26	2	0.0	0.0	0.0
RF00756	63	14	CentroidAlifold	0	26	2	0.0	0.0	0.0
RF00756	63	14	RNAalifold	0	26	2	0.0	0.0	0.0
RF00756	63	14	RscapeNested	0	21	2	0.0	0.0	0.0
RF00756	63	14	RscapeTotal	0	21	2	0.0	0.0	0.0
RF00756	63	14	SQUARNAs3u	0	27	2	0.0	0.0	0.0
RF00757	99	25	Rfam	0	19	0	0.0	1	0.0
RF00757	99	25	CentroidAlifold	0	23	0	0.0	1	0.0
RF00757	99	25	RNAalifold	0	19	0	0.0	1	0.0
RF00757	99	25	RscapeNested	0	35	0	0.0	1	0.0
RF00757	99	25	RscapeTotal	0	35	0	0.0	1	0.0
RF00757	99	25	SQUARNAs3u	0	32	0	0.0	1	0.0
RF00758	95	11	Rfam	0	31	0	0.0	1	0.0
RF00758	95	11	CentroidAlifold	0	25	0	0.0	1	0.0
RF00758	95	11	RNAalifold	0	31	0	0.0	1	0.0
RF00758	95	11	RscapeNested	0	28	0	0.0	1	0.0
RF00758	95	11	RscapeTotal	0	28	0	0.0	1	0.0
RF00758	95	11	SQUARNAs3u	0	29	0	0.0	1	0.0
RF00760	99	15	Rfam	0	24	0	0.0	1	0.0
RF00760	99	15	CentroidAlifold	0	27	0	0.0	1	0.0
RF00760	99	15	RNAalifold	0	24	0	0.0	1	0.0
RF00760	99	15	RscapeNested	0	32	0	0.0	1	0.0
RF00760	99	15	RscapeTotal	0	32	0	0.0	1	0.0
RF00760	99	15	SQUARNAs3u	0	34	0	0.0	1	0.0
RF00761	109	31	Rfam	0	36	0	0.0	1	0.0
RF00761	109	31	CentroidAlifold	0	17	0	0.0	1	0.0
RF00761	109	31	RNAalifold	0	9	0	0.0	1	0.0
RF00761	109	31	RscapeNested	0	37	0	0.0	1	0.0
RF00761	109	31	RscapeTotal	0	37	0	0.0	1	0.0
RF00761	109	31	SQUARNAs3u	0	40	0	0.0	1	0.0
RF00762	88	12	Rfam	0	32	0	0.0	1	0.0
RF00762	88	12	CentroidAlifold	0	26	0	0.0	1	0.0
RF00762	88	12	RNAalifold	0	30	0	0.0	1	0.0
RF00762	88	12	RscapeNested	0	25	0	0.0	1	0.0
RF00762	88	12	RscapeTotal	0	25	0	0.0	1	0.0
RF00762	88	12	SQUARNAs3u	0	33	0	0.0	1	0.0
RF00763	94	12	Rfam	0	27	0	0.0	1	0.0
RF00763	94	12	CentroidAlifold	0	25	0	0.0	1	0.0
RF00763	94	12	RNAalifold	0	26	0	0.0	1	0.0
RF00763	94	12	RscapeNested	0	30	0	0.0	1	0.0
RF00763	94	12	RscapeTotal	0	30	0	0.0	1	0.0
RF00763	94	12	SQUARNAs3u	0	29	0	0.0	1	0.0
RF00764	92	24	Rfam	0	23	0	0.0	1	0.0
RF00764	92	24	CentroidAlifold	0	24	0	0.0	1	0.0
RF00764	92	24	RNAalifold	0	23	0	0.0	1	0.0
RF00764	92	24	RscapeNested	0	37	0	0.0	1	0.0
RF00764	92	24	RscapeTotal	0	37	0	0.0	1	0.0
RF00764	92	24	SQUARNAs3u	0	31	0	0.0	1	0.0
RF00765	94	9	Rfam	0	31	0	0.0	1	0.0
RF00765	94	9	CentroidAlifold	0	28	0	0.0	1	0.0
RF00765	94	9	RNAalifold	0	31	0	0.0	1	0.0
RF00765	94	9	RscapeNested	0	28	0	0.0	1	0.0
RF00765	94	9	RscapeTotal	0	28	0	0.0	1	0.0
RF00765	94	9	SQUARNAs3u	0	30	0	0.0	1	0.0
RF00766	96	14	Rfam	0	33	0	0.0	1	0.0
RF00766	96	14	CentroidAlifold	0	28	0	0.0	1	0.0
RF00766	96	14	RNAalifold	0	33	0	0.0	1	0.0
RF00766	96	14	RscapeNested	0	32	0	0.0	1	0.0
RF00766	96	14	RscapeTotal	0	32	0	0.0	1	0.0
RF00766	96	14	SQUARNAs3u	0	33	0	0.0	1	0.0
RF00767	91	22	Rfam	0	17	0	0.0	1	0.0
RF00767	91	22	CentroidAlifold	0	19	0	0.0	1	0.0
RF00767	91	22	RNAalifold	0	19	0	0.0	1	0.0
RF00767	91	22	RscapeNested	0	39	0	0.0	1	0.0
RF00767	91	22	RscapeTotal	0	39	0	0.0	1	0.0
RF00767	91	22	SQUARNAs3u	0	30	0	0.0	1	0.0
RF00768	134	13	Rfam	0	30	0	0.0	1	0.0
RF00768	134	13	CentroidAlifold	0	32	0	0.0	1	0.0
RF00768	134	13	RNAalifold	0	32	0	0.0	1	0.0
RF00768	134	13	RscapeNested	0	34	0	0.0	1	0.0
RF00768	134	13	RscapeTotal	0	34	0	0.0	1	0.0
RF00768	134	13	SQUARNAs3u	0	46	0	0.0	1	0.0
RF00769	92	15	Rfam	0	28	0	0.0	1	0.0
RF00769	92	15	CentroidAlifold	0	26	0	0.0	1	0.0
RF00769	92	15	RNAalifold	0	28	0	0.0	1	0.0
RF00769	92	15	RscapeNested	0	28	0	0.0	1	0.0
RF00769	92	15	RscapeTotal	0	28	0	0.0	1	0.0
RF00769	92	15	SQUARNAs3u	0	37	0	0.0	1	0.0
RF00770	115	13	Rfam	0	32	0	0.0	1	0.0
RF00770	115	13	CentroidAlifold	0	26	0	0.0	1	0.0
RF00770	115	13	RNAalifold	0	30	0	0.0	1	0.0
RF00770	115	13	RscapeNested	0	30	0	0.0	1	0.0
RF00770	115	13	RscapeTotal	0	30	0	0.0	1	0.0
RF00770	115	13	SQUARNAs3u	0	36	0	0.0	1	0.0
RF00771	79	14	Rfam	0	29	0	0.0	1	0.0
RF00771	79	14	CentroidAlifold	0	30	0	0.0	1	0.0
RF00771	79	14	RNAalifold	0	29	0	0.0	1	0.0
RF00771	79	14	RscapeNested	0	33	0	0.0	1	0.0
RF00771	79	14	RscapeTotal	0	33	0	0.0	1	0.0
RF00771	79	14	SQUARNAs3u	0	35	0	0.0	1	0.0
RF00772	75	13	Rfam	0	24	0	0.0	1	0.0
RF00772	75	13	CentroidAlifold	0	23	0	0.0	1	0.0
RF00772	75	13	RNAalifold	0	24	0	0.0	1	0.0
RF00772	75	13	RscapeNested	0	24	0	0.0	1	0.0
RF00772	75	13	RscapeTotal	0	24	0	0.0	1	0.0
RF00772	75	13	SQUARNAs3u	0	25	0	0.0	1	0.0
RF00773	85	6	Rfam	0	27	0	0.0	1	0.0
RF00773	85	6	CentroidAlifold	0	23	0	0.0	1	0.0
RF00773	85	6	RNAalifold	0	31	0	0.0	1	0.0
RF00773	85	6	RscapeNested	0	25	0	0.0	1	0.0
RF00773	85	6	RscapeTotal	0	25	0	0.0	1	0.0
RF00773	85	6	SQUARNAs3u	0	28	0	0.0	1	0.0
RF00774	62	4	Rfam	0	18	0	0.0	1	0.0
RF00774	62	4	CentroidAlifold	0	18	0	0.0	1	0.0
RF00774	62	4	RNAalifold	0	18	0	0.0	1	0.0
RF00774	62	4	RscapeNested	0	17	0	0.0	1	0.0
RF00774	62	4	RscapeTotal	0	17	0	0.0	1	0.0
RF00774	62	4	SQUARNAs3u	0	18	0	0.0	1	0.0
RF00775	95	6	Rfam	0	28	0	0.0	1	0.0
RF00775	95	6	CentroidAlifold	0	16	0	0.0	1	0.0
RF00775	95	6	RNAalifold	0	28	0	0.0	1	0.0
RF00775	95	6	RscapeNested	0	28	0	0.0	1	0.0
RF00775	95	6	RscapeTotal	0	28	0	0.0	1	0.0
RF00775	95	6	SQUARNAs3u	0	21	0	0.0	1	0.0
RF00776	67	2	Rfam	0	27	0	0.0	1	0.0
RF00776	67	2	CentroidAlifold	0	26	0	0.0	1	0.0
RF00776	67	2	RNAalifold	0	27	0	0.0	1	0.0
RF00776	67	2	RscapeNested	0	26	0	0.0	1	0.0
RF00776	67	2	RscapeTotal	0	26	0	0.0	1	0.0
RF00776	67	2	SQUARNAs3u	0	24	0	0.0	1	0.0
RF00777	84	8	Rfam	0	27	0	0.0	1	0.0
RF00777	84	8	CentroidAlifold	0	24	0	0.0	1	0.0
RF00777	84	8	RNAalifold	0	27	0	0.0	1	0.0
RF00777	84	8	RscapeNested	0	22	0	0.0	1	0.0
RF00777	84	8	RscapeTotal	0	22	0	0.0	1	0.0
RF00777	84	8	SQUARNAs3u	0	23	0	0.0	1	0.0
RF00778	115	6	Rfam	0	20	0	0.0	1	0.0
RF00778	115	6	CentroidAlifold	0	21	0	0.0	1	0.0
RF00778	115	6	RNAalifold	0	20	0	0.0	1	0.0
RF00778	115	6	RscapeNested	0	38	0	0.0	1	0.0
RF00778	115	6	RscapeTotal	0	38	0	0.0	1	0.0
RF00778	115	6	SQUARNAs3u	0	30	0	0.0	1	0.0
RF00779	131	11	Rfam	0	41	0	0.0	1	0.0
RF00779	131	11	CentroidAlifold	0	19	0	0.0	1	0.0
RF00779	131	11	RNAalifold	0	25	0	0.0	1	0.0
RF00779	131	11	RscapeNested	0	33	0	0.0	1	0.0
RF00779	131	11	RscapeTotal	0	33	0	0.0	1	0.0
RF00779	131	11	SQUARNAs3u	0	44	0	0.0	1	0.0
RF00780	114	3	Rfam	0	29	0	0.0	1	0.0
RF00780	114	3	CentroidAlifold	0	29	0	0.0	1	0.0
RF00780	114	3	RNAalifold	0	30	0	0.0	1	0.0
RF00780	114	3	RscapeNested	0	35	0	0.0	1	0.0
RF00780	114	3	RscapeTotal	0	35	0	0.0	1	0.0
RF00780	114	3	SQUARNAs3u	0	33	0	0.0	1	0.0
RF00781	83	14	Rfam	0	27	0	0.0	1	0.0
RF00781	83	14	CentroidAlifold	0	29	0	0.0	1	0.0
RF00781	83	14	RNAalifold	0	27	0	0.0	1	0.0
RF00781	83	14	RscapeNested	0	31	0	0.0	1	0.0
RF00781	83	14	RscapeTotal	0	31	0	0.0	1	0.0
RF00781	83	14	SQUARNAs3u	0	31	0	0.0	1	0.0
RF00782	192	69	Rfam	0	19	0	0.0	1	0.0
RF00782	192	69	CentroidAlifold	0	0	0	1	1	1
RF00782	192	69	RNAalifold	0	0	0	1	1	1
RF00782	192	69	RscapeNested	0	0	0	1	1	1
RF00782	192	69	RscapeTotal	0	0	0	1	1	1
RF00782	192	69	SQUARNAs3u	0	12	0	0.0	1	0.0
RF00783	67	9	Rfam	0	22	0	0.0	1	0.0
RF00783	67	9	CentroidAlifold	0	8	0	0.0	1	0.0
RF00783	67	9	RNAalifold	0	20	0	0.0	1	0.0
RF00783	67	9	RscapeNested	0	12	0	0.0	1	0.0
RF00783	67	9	RscapeTotal	0	12	0	0.0	1	0.0
RF00783	67	9	SQUARNAs3u	0	22	0	0.0	1	0.0
RF00784	69	16	Rfam	0	17	0	0.0	1	0.0
RF00784	69	16	CentroidAlifold	0	23	0	0.0	1	0.0
RF00784	69	16	RNAalifold	0	23	0	0.0	1	0.0
RF00784	69	16	RscapeNested	0	32	0	0.0	1	0.0
RF00784	69	16	RscapeTotal	0	32	0	0.0	1	0.0
RF00784	69	16	SQUARNAs3u	0	23	0	0.0	1	0.0
RF00785	86	5	Rfam	0	28	0	0.0	1	0.0
RF00785	86	5	CentroidAlifold	0	28	0	0.0	1	0.0
RF00785	86	5	RNAalifold	0	28	0	0.0	1	0.0
RF00785	86	5	RscapeNested	0	28	0	0.0	1	0.0
RF00785	86	5	RscapeTotal	0	28	0	0.0	1	0.0
RF00785	86	5	SQUARNAs3u	0	31	0	0.0	1	0.0
RF00786	114	8	Rfam	0	29	0	0.0	1	0.0
RF00786	114	8	CentroidAlifold	0	12	0	0.0	1	0.0
RF00786	114	8	RNAalifold	0	29	0	0.0	1	0.0
RF00786	114	8	RscapeNested	0	24	0	0.0	1	0.0
RF00786	114	8	RscapeTotal	0	24	0	0.0	1	0.0
RF00786	114	8	SQUARNAs3u	0	35	0	0.0	1	0.0
RF00787	98	12	Rfam	0	31	0	0.0	1	0.0
RF00787	98	12	CentroidAlifold	0	9	0	0.0	1	0.0
RF00787	98	12	RNAalifold	0	29	0	0.0	1	0.0
RF00787	98	12	RscapeNested	0	27	0	0.0	1	0.0
RF00787	98	12	RscapeTotal	0	27	0	0.0	1	0.0
RF00787	98	12	SQUARNAs3u	0	30	0	0.0	1	0.0
RF00788	73	12	Rfam	0	22	0	0.0	1	0.0
RF00788	73	12	CentroidAlifold	0	15	0	0.0	1	0.0
RF00788	73	12	RNAalifold	0	19	0	0.0	1	0.0
RF00788	73	12	RscapeNested	0	18	0	0.0	1	0.0
RF00788	73	12	RscapeTotal	0	18	0	0.0	1	0.0
RF00788	73	12	SQUARNAs3u	0	19	0	0.0	1	0.0
RF00789	126	14	Rfam	0	31	0	0.0	1	0.0
RF00789	126	14	CentroidAlifold	0	27	0	0.0	1	0.0
RF00789	126	14	RNAalifold	0	27	0	0.0	1	0.0
RF00789	126	14	RscapeNested	0	20	0	0.0	1	0.0
RF00789	126	14	RscapeTotal	0	20	0	0.0	1	0.0
RF00789	126	14	SQUARNAs3u	0	31	0	0.0	1	0.0
RF00790	114	2	Rfam	0	38	0	0.0	1	0.0
RF00790	114	2	CentroidAlifold	0	21	0	0.0	1	0.0
RF00790	114	2	RNAalifold	0	21	0	0.0	1	0.0
RF00790	114	2	RscapeNested	0	37	0	0.0	1	0.0
RF00790	114	2	RscapeTotal	0	37	0	0.0	1	0.0
RF00790	114	2	SQUARNAs3u	0	48	0	0.0	1	0.0
RF00791	75	5	Rfam	0	20	0	0.0	1	0.0
RF00791	75	5	CentroidAlifold	0	24	0	0.0	1	0.0
RF00791	75	5	RNAalifold	0	21	0	0.0	1	0.0
RF00791	75	5	RscapeNested	0	26	0	0.0	1	0.0
RF00791	75	5	RscapeTotal	0	26	0	0.0	1	0.0
RF00791	75	5	SQUARNAs3u	0	28	0	0.0	1	0.0
RF00792	97	19	Rfam	0	24	0	0.0	1	0.0
RF00792	97	19	CentroidAlifold	0	24	0	0.0	1	0.0
RF00792	97	19	RNAalifold	0	24	0	0.0	1	0.0
RF00792	97	19	RscapeNested	0	29	0	0.0	1	0.0
RF00792	97	19	RscapeTotal	0	29	0	0.0	1	0.0
RF00792	97	19	SQUARNAs3u	0	28	0	0.0	1	0.0
RF00793	85	18	Rfam	0	25	1	0.0	0.0	0.0
RF00793	85	18	CentroidAlifold	0	22	1	0.0	0.0	0.0
RF00793	85	18	RNAalifold	0	25	1	0.0	0.0	0.0
RF00793	85	18	RscapeNested	1	37	0	0.026	1.0	0.051
RF00793	85	18	RscapeTotal	1	37	0	0.026	1.0	0.051
RF00793	85	18	SQUARNAs3u	0	32	1	0.0	0.0	0.0
RF00794	103	3	Rfam	0	34	0	0.0	1	0.0
RF00794	103	3	CentroidAlifold	0	35	0	0.0	1	0.0
RF00794	103	3	RNAalifold	0	34	0	0.0	1	0.0
RF00794	103	3	RscapeNested	0	35	0	0.0	1	0.0
RF00794	103	3	RscapeTotal	0	35	0	0.0	1	0.0
RF00794	103	3	SQUARNAs3u	0	36	0	0.0	1	0.0
RF00795	89	4	Rfam	0	29	0	0.0	1	0.0
RF00795	89	4	CentroidAlifold	0	29	0	0.0	1	0.0
RF00795	89	4	RNAalifold	0	29	0	0.0	1	0.0
RF00795	89	4	RscapeNested	0	26	0	0.0	1	0.0
RF00795	89	4	RscapeTotal	0	26	0	0.0	1	0.0
RF00795	89	4	SQUARNAs3u	0	32	0	0.0	1	0.0
RF00796	84	4	Rfam	0	24	0	0.0	1	0.0
RF00796	84	4	CentroidAlifold	0	18	0	0.0	1	0.0
RF00796	84	4	RNAalifold	0	21	0	0.0	1	0.0
RF00796	84	4	RscapeNested	0	23	0	0.0	1	0.0
RF00796	84	4	RscapeTotal	0	23	0	0.0	1	0.0
RF00796	84	4	SQUARNAs3u	0	23	0	0.0	1	0.0
RF00797	76	4	Rfam	0	27	0	0.0	1	0.0
RF00797	76	4	CentroidAlifold	0	26	0	0.0	1	0.0
RF00797	76	4	RNAalifold	0	27	0	0.0	1	0.0
RF00797	76	4	RscapeNested	0	28	0	0.0	1	0.0
RF00797	76	4	RscapeTotal	0	28	0	0.0	1	0.0
RF00797	76	4	SQUARNAs3u	0	29	0	0.0	1	0.0
RF00798	77	4	Rfam	0	27	0	0.0	1	0.0
RF00798	77	4	CentroidAlifold	0	27	0	0.0	1	0.0
RF00798	77	4	RNAalifold	0	27	0	0.0	1	0.0
RF00798	77	4	RscapeNested	0	28	0	0.0	1	0.0
RF00798	77	4	RscapeTotal	0	28	0	0.0	1	0.0
RF00798	77	4	SQUARNAs3u	0	27	0	0.0	1	0.0
RF00799	109	2	Rfam	0	35	0	0.0	1	0.0
RF00799	109	2	CentroidAlifold	0	30	0	0.0	1	0.0
RF00799	109	2	RNAalifold	0	31	0	0.0	1	0.0
RF00799	109	2	RscapeNested	0	20	0	0.0	1	0.0
RF00799	109	2	RscapeTotal	0	20	0	0.0	1	0.0
RF00799	109	2	SQUARNAs3u	0	31	0	0.0	1	0.0
RF00801	83	11	Rfam	0	22	0	0.0	1	0.0
RF00801	83	11	CentroidAlifold	0	22	0	0.0	1	0.0
RF00801	83	11	RNAalifold	0	22	0	0.0	1	0.0
RF00801	83	11	RscapeNested	0	23	0	0.0	1	0.0
RF00801	83	11	RscapeTotal	0	23	0	0.0	1	0.0
RF00801	83	11	SQUARNAs3u	0	29	0	0.0	1	0.0
RF00802	83	6	Rfam	0	31	0	0.0	1	0.0
RF00802	83	6	CentroidAlifold	0	18	0	0.0	1	0.0
RF00802	83	6	RNAalifold	0	30	0	0.0	1	0.0
RF00802	83	6	RscapeNested	0	28	0	0.0	1	0.0
RF00802	83	6	RscapeTotal	0	28	0	0.0	1	0.0
RF00802	83	6	SQUARNAs3u	0	27	0	0.0	1	0.0
RF00803	85	19	Rfam	0	23	0	0.0	1	0.0
RF00803	85	19	CentroidAlifold	0	23	0	0.0	1	0.0
RF00803	85	19	RNAalifold	0	23	0	0.0	1	0.0
RF00803	85	19	RscapeNested	0	23	0	0.0	1	0.0
RF00803	85	19	RscapeTotal	0	23	0	0.0	1	0.0
RF00803	85	19	SQUARNAs3u	0	31	0	0.0	1	0.0
RF00804	117	3	Rfam	0	30	0	0.0	1	0.0
RF00804	117	3	CentroidAlifold	0	25	0	0.0	1	0.0
RF00804	117	3	RNAalifold	0	25	0	0.0	1	0.0
RF00804	117	3	RscapeNested	0	36	0	0.0	1	0.0
RF00804	117	3	RscapeTotal	0	36	0	0.0	1	0.0
RF00804	117	3	SQUARNAs3u	0	30	0	0.0	1	0.0
RF00805	75	2	Rfam	0	25	51	0.0	0.0	0.0
RF00805	75	2	CentroidAlifold	0	26	51	0.0	0.0	0.0
RF00805	75	2	RNAalifold	0	25	51	0.0	0.0	0.0
RF00805	75	2	RscapeNested	0	25	51	0.0	0.0	0.0
RF00805	75	2	RscapeTotal	0	25	51	0.0	0.0	0.0
RF00805	75	2	SQUARNAs3u	0	26	51	0.0	0.0	0.0
RF00806	87	5	Rfam	0	28	0	0.0	1	0.0
RF00806	87	5	CentroidAlifold	0	29	0	0.0	1	0.0
RF00806	87	5	RNAalifold	0	28	0	0.0	1	0.0
RF00806	87	5	RscapeNested	0	28	0	0.0	1	0.0
RF00806	87	5	RscapeTotal	0	28	0	0.0	1	0.0
RF00806	87	5	SQUARNAs3u	0	31	0	0.0	1	0.0
RF00807	96	12	Rfam	0	34	0	0.0	1	0.0
RF00807	96	12	CentroidAlifold	0	22	0	0.0	1	0.0
RF00807	96	12	RNAalifold	0	34	0	0.0	1	0.0
RF00807	96	12	RscapeNested	0	31	0	0.0	1	0.0
RF00807	96	12	RscapeTotal	0	31	0	0.0	1	0.0
RF00807	96	12	SQUARNAs3u	0	33	0	0.0	1	0.0
RF00808	81	9	Rfam	0	21	0	0.0	1	0.0
RF00808	81	9	CentroidAlifold	0	21	0	0.0	1	0.0
RF00808	81	9	RNAalifold	0	21	0	0.0	1	0.0
RF00808	81	9	RscapeNested	0	29	0	0.0	1	0.0
RF00808	81	9	RscapeTotal	0	29	0	0.0	1	0.0
RF00808	81	9	SQUARNAs3u	0	29	0	0.0	1	0.0
RF00809	76	4	Rfam	0	18	1	0.0	0.0	0.0
RF00809	76	4	CentroidAlifold	0	17	1	0.0	0.0	0.0
RF00809	76	4	RNAalifold	0	18	1	0.0	0.0	0.0
RF00809	76	4	RscapeNested	1	11	0	0.083	1.0	0.154
RF00809	76	4	RscapeTotal	1	11	0	0.083	1.0	0.154
RF00809	76	4	SQUARNAs3u	0	28	1	0.0	0.0	0.0
RF00810	82	4	Rfam	0	30	0	0.0	1	0.0
RF00810	82	4	CentroidAlifold	0	29	0	0.0	1	0.0
RF00810	82	4	RNAalifold	0	29	0	0.0	1	0.0
RF00810	82	4	RscapeNested	0	30	0	0.0	1	0.0
RF00810	82	4	RscapeTotal	0	30	0	0.0	1	0.0
RF00810	82	4	SQUARNAs3u	0	31	0	0.0	1	0.0
RF00811	78	8	Rfam	0	18	0	0.0	1	0.0
RF00811	78	8	CentroidAlifold	0	19	0	0.0	1	0.0
RF00811	78	8	RNAalifold	0	19	0	0.0	1	0.0
RF00811	78	8	RscapeNested	0	35	0	0.0	1	0.0
RF00811	78	8	RscapeTotal	0	35	0	0.0	1	0.0
RF00811	78	8	SQUARNAs3u	0	31	0	0.0	1	0.0
RF00812	86	6	Rfam	0	21	0	0.0	1	0.0
RF00812	86	6	CentroidAlifold	0	18	0	0.0	1	0.0
RF00812	86	6	RNAalifold	0	21	0	0.0	1	0.0
RF00812	86	6	RscapeNested	0	32	0	0.0	1	0.0
RF00812	86	6	RscapeTotal	0	32	0	0.0	1	0.0
RF00812	86	6	SQUARNAs3u	0	29	0	0.0	1	0.0
RF00813	90	20	Rfam	0	21	1	0.0	0.0	0.0
RF00813	90	20	CentroidAlifold	0	21	1	0.0	0.0	0.0
RF00813	90	20	RNAalifold	0	21	1	0.0	0.0	0.0
RF00813	90	20	RscapeNested	0	30	1	0.0	0.0	0.0
RF00813	90	20	RscapeTotal	0	30	1	0.0	0.0	0.0
RF00813	90	20	SQUARNAs3u	0	28	1	0.0	0.0	0.0
RF00814	93	20	Rfam	0	23	0	0.0	1	0.0
RF00814	93	20	CentroidAlifold	0	23	0	0.0	1	0.0
RF00814	93	20	RNAalifold	0	23	0	0.0	1	0.0
RF00814	93	20	RscapeNested	0	34	0	0.0	1	0.0
RF00814	93	20	RscapeTotal	0	34	0	0.0	1	0.0
RF00814	93	20	SQUARNAs3u	0	35	0	0.0	1	0.0
RF00815	111	4	Rfam	0	38	0	0.0	1	0.0
RF00815	111	4	CentroidAlifold	0	33	0	0.0	1	0.0
RF00815	111	4	RNAalifold	0	33	0	0.0	1	0.0
RF00815	111	4	RscapeNested	0	33	0	0.0	1	0.0
RF00815	111	4	RscapeTotal	0	33	0	0.0	1	0.0
RF00815	111	4	SQUARNAs3u	0	38	0	0.0	1	0.0
RF00816	87	4	Rfam	0	21	0	0.0	1	0.0
RF00816	87	4	CentroidAlifold	0	27	0	0.0	1	0.0
RF00816	87	4	RNAalifold	0	27	0	0.0	1	0.0
RF00816	87	4	RscapeNested	0	27	0	0.0	1	0.0
RF00816	87	4	RscapeTotal	0	27	0	0.0	1	0.0
RF00816	87	4	SQUARNAs3u	0	30	0	0.0	1	0.0
RF00817	90	4	Rfam	0	31	0	0.0	1	0.0
RF00817	90	4	CentroidAlifold	0	31	0	0.0	1	0.0
RF00817	90	4	RNAalifold	0	31	0	0.0	1	0.0
RF00817	90	4	RscapeNested	0	29	0	0.0	1	0.0
RF00817	90	4	RscapeTotal	0	29	0	0.0	1	0.0
RF00817	90	4	SQUARNAs3u	0	31	0	0.0	1	0.0
RF00818	70	12	Rfam	0	23	1	0.0	0.0	0.0
RF00818	70	12	CentroidAlifold	0	23	1	0.0	0.0	0.0
RF00818	70	12	RNAalifold	0	23	1	0.0	0.0	0.0
RF00818	70	12	RscapeNested	1	25	0	0.038	1.0	0.074
RF00818	70	12	RscapeTotal	1	25	0	0.038	1.0	0.074
RF00818	70	12	SQUARNAs3u	0	26	1	0.0	0.0	0.0
RF00819	75	5	Rfam	0	19	0	0.0	1	0.0
RF00819	75	5	CentroidAlifold	0	20	0	0.0	1	0.0
RF00819	75	5	RNAalifold	0	19	0	0.0	1	0.0
RF00819	75	5	RscapeNested	0	27	0	0.0	1	0.0
RF00819	75	5	RscapeTotal	0	27	0	0.0	1	0.0
RF00819	75	5	SQUARNAs3u	0	27	0	0.0	1	0.0
RF00820	95	3	Rfam	0	32	0	0.0	1	0.0
RF00820	95	3	CentroidAlifold	0	31	0	0.0	1	0.0
RF00820	95	3	RNAalifold	0	32	0	0.0	1	0.0
RF00820	95	3	RscapeNested	0	16	0	0.0	1	0.0
RF00820	95	3	RscapeTotal	0	28	0	0.0	1	0.0
RF00820	95	3	SQUARNAs3u	0	32	0	0.0	1	0.0
RF00821	98	3	Rfam	0	34	0	0.0	1	0.0
RF00821	98	3	CentroidAlifold	0	35	0	0.0	1	0.0
RF00821	98	3	RNAalifold	0	34	0	0.0	1	0.0
RF00821	98	3	RscapeNested	0	36	0	0.0	1	0.0
RF00821	98	3	RscapeTotal	0	36	0	0.0	1	0.0
RF00821	98	3	SQUARNAs3u	0	34	0	0.0	1	0.0
RF00822	112	13	Rfam	0	30	1	0.0	0.0	0.0
RF00822	112	13	CentroidAlifold	0	32	1	0.0	0.0	0.0
RF00822	112	13	RNAalifold	0	30	1	0.0	0.0	0.0
RF00822	112	13	RscapeNested	1	34	0	0.029	1.0	0.056
RF00822	112	13	RscapeTotal	1	34	0	0.029	1.0	0.056
RF00822	112	13	SQUARNAs3u	0	36	1	0.0	0.0	0.0
RF00823	74	2	Rfam	0	27	0	0.0	1	0.0
RF00823	74	2	CentroidAlifold	0	21	0	0.0	1	0.0
RF00823	74	2	RNAalifold	0	22	0	0.0	1	0.0
RF00823	74	2	RscapeNested	0	20	0	0.0	1	0.0
RF00823	74	2	RscapeTotal	0	20	0	0.0	1	0.0
RF00823	74	2	SQUARNAs3u	0	25	0	0.0	1	0.0
RF00824	106	5	Rfam	0	37	0	0.0	1	0.0
RF00824	106	5	CentroidAlifold	0	36	0	0.0	1	0.0
RF00824	106	5	RNAalifold	0	38	0	0.0	1	0.0
RF00824	106	5	RscapeNested	0	38	0	0.0	1	0.0
RF00824	106	5	RscapeTotal	0	38	0	0.0	1	0.0
RF00824	106	5	SQUARNAs3u	0	41	0	0.0	1	0.0
RF00825	108	35	Rfam	0	32	0	0.0	1	0.0
RF00825	108	35	CentroidAlifold	0	14	0	0.0	1	0.0
RF00825	108	35	RNAalifold	0	4	0	0.0	1	0.0
RF00825	108	35	RscapeNested	0	26	0	0.0	1	0.0
RF00825	108	35	RscapeTotal	0	26	0	0.0	1	0.0
RF00825	108	35	SQUARNAs3u	0	28	0	0.0	1	0.0
RF00826	76	3	Rfam	0	25	0	0.0	1	0.0
RF00826	76	3	CentroidAlifold	0	22	0	0.0	1	0.0
RF00826	76	3	RNAalifold	0	25	0	0.0	1	0.0
RF00826	76	3	RscapeNested	0	28	0	0.0	1	0.0
RF00826	76	3	RscapeTotal	0	28	0	0.0	1	0.0
RF00826	76	3	SQUARNAs3u	0	23	0	0.0	1	0.0
RF00827	108	5	Rfam	0	36	0	0.0	1	0.0
RF00827	108	5	CentroidAlifold	0	35	0	0.0	1	0.0
RF00827	108	5	RNAalifold	0	35	0	0.0	1	0.0
RF00827	108	5	RscapeNested	0	34	0	0.0	1	0.0
RF00827	108	5	RscapeTotal	0	34	0	0.0	1	0.0
RF00827	108	5	SQUARNAs3u	0	37	0	0.0	1	0.0
RF00828	100	4	Rfam	0	32	0	0.0	1	0.0
RF00828	100	4	CentroidAlifold	0	32	0	0.0	1	0.0
RF00828	100	4	RNAalifold	0	32	0	0.0	1	0.0
RF00828	100	4	RscapeNested	0	30	0	0.0	1	0.0
RF00828	100	4	RscapeTotal	0	30	0	0.0	1	0.0
RF00828	100	4	SQUARNAs3u	0	34	0	0.0	1	0.0
RF00829	86	13	Rfam	0	25	0	0.0	1	0.0
RF00829	86	13	CentroidAlifold	0	25	0	0.0	1	0.0
RF00829	86	13	RNAalifold	0	25	0	0.0	1	0.0
RF00829	86	13	RscapeNested	0	27	0	0.0	1	0.0
RF00829	86	13	RscapeTotal	0	27	0	0.0	1	0.0
RF00829	86	13	SQUARNAs3u	0	26	0	0.0	1	0.0
RF00830	102	4	Rfam	0	25	0	0.0	1	0.0
RF00830	102	4	CentroidAlifold	0	26	0	0.0	1	0.0
RF00830	102	4	RNAalifold	0	25	0	0.0	1	0.0
RF00830	102	4	RscapeNested	0	33	0	0.0	1	0.0
RF00830	102	4	RscapeTotal	0	33	0	0.0	1	0.0
RF00830	102	4	SQUARNAs3u	0	36	0	0.0	1	0.0
RF00831	112	7	Rfam	0	30	0	0.0	1	0.0
RF00831	112	7	CentroidAlifold	0	29	0	0.0	1	0.0
RF00831	112	7	RNAalifold	0	29	0	0.0	1	0.0
RF00831	112	7	RscapeNested	0	33	0	0.0	1	0.0
RF00831	112	7	RscapeTotal	0	33	0	0.0	1	0.0
RF00831	112	7	SQUARNAs3u	0	32	0	0.0	1	0.0
RF00832	88	36	Rfam	0	20	0	0.0	1	0.0
RF00832	88	36	CentroidAlifold	0	20	0	0.0	1	0.0
RF00832	88	36	RNAalifold	0	14	0	0.0	1	0.0
RF00832	88	36	RscapeNested	0	33	0	0.0	1	0.0
RF00832	88	36	RscapeTotal	0	33	0	0.0	1	0.0
RF00832	88	36	SQUARNAs3u	0	28	0	0.0	1	0.0
RF00833	122	4	Rfam	0	31	0	0.0	1	0.0
RF00833	122	4	CentroidAlifold	0	25	0	0.0	1	0.0
RF00833	122	4	RNAalifold	0	25	0	0.0	1	0.0
RF00833	122	4	RscapeNested	0	29	0	0.0	1	0.0
RF00833	122	4	RscapeTotal	0	29	0	0.0	1	0.0
RF00833	122	4	SQUARNAs3u	0	38	0	0.0	1	0.0
RF00834	97	4	Rfam	0	28	0	0.0	1	0.0
RF00834	97	4	CentroidAlifold	0	18	0	0.0	1	0.0
RF00834	97	4	RNAalifold	0	29	0	0.0	1	0.0
RF00834	97	4	RscapeNested	0	33	0	0.0	1	0.0
RF00834	97	4	RscapeTotal	0	33	0	0.0	1	0.0
RF00834	97	4	SQUARNAs3u	0	25	0	0.0	1	0.0
RF00835	86	5	Rfam	0	26	0	0.0	1	0.0
RF00835	86	5	CentroidAlifold	0	26	0	0.0	1	0.0
RF00835	86	5	RNAalifold	0	26	0	0.0	1	0.0
RF00835	86	5	RscapeNested	0	26	0	0.0	1	0.0
RF00835	86	5	RscapeTotal	0	26	0	0.0	1	0.0
RF00835	86	5	SQUARNAs3u	0	26	0	0.0	1	0.0
RF00836	81	5	Rfam	0	27	0	0.0	1	0.0
RF00836	81	5	CentroidAlifold	0	27	0	0.0	1	0.0
RF00836	81	5	RNAalifold	0	26	0	0.0	1	0.0
RF00836	81	5	RscapeNested	0	30	0	0.0	1	0.0
RF00836	81	5	RscapeTotal	0	30	0	0.0	1	0.0
RF00836	81	5	SQUARNAs3u	0	28	0	0.0	1	0.0
RF00837	62	5	Rfam	0	22	0	0.0	1	0.0
RF00837	62	5	CentroidAlifold	0	22	0	0.0	1	0.0
RF00837	62	5	RNAalifold	0	22	0	0.0	1	0.0
RF00837	62	5	RscapeNested	0	22	0	0.0	1	0.0
RF00837	62	5	RscapeTotal	0	22	0	0.0	1	0.0
RF00837	62	5	SQUARNAs3u	0	22	0	0.0	1	0.0
RF00838	100	44	Rfam	3	21	2	0.125	0.6	0.207
RF00838	100	44	CentroidAlifold	3	18	2	0.143	0.6	0.231
RF00838	100	44	RNAalifold	3	15	2	0.167	0.6	0.261
RF00838	100	44	RscapeNested	3	29	2	0.094	0.6	0.162
RF00838	100	44	RscapeTotal	3	29	2	0.094	0.6	0.162
RF00838	100	44	SQUARNAs3u	3	24	2	0.111	0.6	0.188
RF00839	85	11	Rfam	0	33	0	0.0	1	0.0
RF00839	85	11	CentroidAlifold	0	27	0	0.0	1	0.0
RF00839	85	11	RNAalifold	0	33	0	0.0	1	0.0
RF00839	85	11	RscapeNested	0	30	0	0.0	1	0.0
RF00839	85	11	RscapeTotal	0	30	0	0.0	1	0.0
RF00839	85	11	SQUARNAs3u	0	30	0	0.0	1	0.0
RF00840	71	13	Rfam	0	29	0	0.0	1	0.0
RF00840	71	13	CentroidAlifold	0	25	0	0.0	1	0.0
RF00840	71	13	RNAalifold	0	22	0	0.0	1	0.0
RF00840	71	13	RscapeNested	0	29	0	0.0	1	0.0
RF00840	71	13	RscapeTotal	0	29	0	0.0	1	0.0
RF00840	71	13	SQUARNAs3u	0	32	0	0.0	1	0.0
RF00841	106	16	Rfam	0	26	0	0.0	1	0.0
RF00841	106	16	CentroidAlifold	0	2	0	0.0	1	0.0
RF00841	106	16	RNAalifold	0	7	0	0.0	1	0.0
RF00841	106	16	RscapeNested	0	34	0	0.0	1	0.0
RF00841	106	16	RscapeTotal	0	34	0	0.0	1	0.0
RF00841	106	16	SQUARNAs3u	0	32	0	0.0	1	0.0
RF00842	133	13	Rfam	0	29	0	0.0	1	0.0
RF00842	133	13	CentroidAlifold	0	21	0	0.0	1	0.0
RF00842	133	13	RNAalifold	0	23	0	0.0	1	0.0
RF00842	133	13	RscapeNested	0	36	0	0.0	1	0.0
RF00842	133	13	RscapeTotal	0	36	0	0.0	1	0.0
RF00842	133	13	SQUARNAs3u	0	33	0	0.0	1	0.0
RF00843	87	5	Rfam	0	26	0	0.0	1	0.0
RF00843	87	5	CentroidAlifold	0	28	0	0.0	1	0.0
RF00843	87	5	RNAalifold	0	32	0	0.0	1	0.0
RF00843	87	5	RscapeNested	0	28	0	0.0	1	0.0
RF00843	87	5	RscapeTotal	0	28	0	0.0	1	0.0
RF00843	87	5	SQUARNAs3u	0	32	0	0.0	1	0.0
RF00844	102	33	Rfam	1	20	0	0.048	1.0	0.091
RF00844	102	33	CentroidAlifold	1	21	0	0.045	1.0	0.087
RF00844	102	33	RNAalifold	1	20	0	0.048	1.0	0.091
RF00844	102	33	RscapeNested	1	34	0	0.029	1.0	0.056
RF00844	102	33	RscapeTotal	1	34	0	0.029	1.0	0.056
RF00844	102	33	SQUARNAs3u	1	27	0	0.036	1.0	0.069
RF00845	101	5	Rfam	0	39	0	0.0	1	0.0
RF00845	101	5	CentroidAlifold	0	37	0	0.0	1	0.0
RF00845	101	5	RNAalifold	0	39	0	0.0	1	0.0
RF00845	101	5	RscapeNested	0	38	0	0.0	1	0.0
RF00845	101	5	RscapeTotal	0	38	0	0.0	1	0.0
RF00845	101	5	SQUARNAs3u	0	38	0	0.0	1	0.0
RF00846	115	4	Rfam	0	25	0	0.0	1	0.0
RF00846	115	4	CentroidAlifold	0	33	0	0.0	1	0.0
RF00846	115	4	RNAalifold	0	35	0	0.0	1	0.0
RF00846	115	4	RscapeNested	0	37	0	0.0	1	0.0
RF00846	115	4	RscapeTotal	0	37	0	0.0	1	0.0
RF00846	115	4	SQUARNAs3u	0	40	0	0.0	1	0.0
RF00847	58	4	Rfam	0	22	0	0.0	1	0.0
RF00847	58	4	CentroidAlifold	0	21	0	0.0	1	0.0
RF00847	58	4	RNAalifold	0	22	0	0.0	1	0.0
RF00847	58	4	RscapeNested	0	21	0	0.0	1	0.0
RF00847	58	4	RscapeTotal	0	21	0	0.0	1	0.0
RF00847	58	4	SQUARNAs3u	0	22	0	0.0	1	0.0
RF00848	85	4	Rfam	0	33	0	0.0	1	0.0
RF00848	85	4	CentroidAlifold	0	30	0	0.0	1	0.0
RF00848	85	4	RNAalifold	0	33	0	0.0	1	0.0
RF00848	85	4	RscapeNested	0	32	0	0.0	1	0.0
RF00848	85	4	RscapeTotal	0	32	0	0.0	1	0.0
RF00848	85	4	SQUARNAs3u	0	33	0	0.0	1	0.0
RF00849	72	5	Rfam	0	28	0	0.0	1	0.0
RF00849	72	5	CentroidAlifold	0	24	0	0.0	1	0.0
RF00849	72	5	RNAalifold	0	28	0	0.0	1	0.0
RF00849	72	5	RscapeNested	0	30	0	0.0	1	0.0
RF00849	72	5	RscapeTotal	0	30	0	0.0	1	0.0
RF00849	72	5	SQUARNAs3u	0	26	0	0.0	1	0.0
RF00850	78	3	Rfam	0	24	1	0.0	0.0	0.0
RF00850	78	3	CentroidAlifold	0	24	1	0.0	0.0	0.0
RF00850	78	3	RNAalifold	0	24	1	0.0	0.0	0.0
RF00850	78	3	RscapeNested	1	29	0	0.033	1.0	0.065
RF00850	78	3	RscapeTotal	1	29	0	0.033	1.0	0.065
RF00850	78	3	SQUARNAs3u	0	23	1	0.0	0.0	0.0
RF00851	98	2	Rfam	0	37	0	0.0	1	0.0
RF00851	98	2	CentroidAlifold	0	34	0	0.0	1	0.0
RF00851	98	2	RNAalifold	0	33	0	0.0	1	0.0
RF00851	98	2	RscapeNested	0	39	0	0.0	1	0.0
RF00851	98	2	RscapeTotal	0	39	0	0.0	1	0.0
RF00851	98	2	SQUARNAs3u	0	40	0	0.0	1	0.0
RF00852	81	4	Rfam	0	28	1	0.0	0.0	0.0
RF00852	81	4	CentroidAlifold	0	23	1	0.0	0.0	0.0
RF00852	81	4	RNAalifold	0	24	1	0.0	0.0	0.0
RF00852	81	4	RscapeNested	1	26	0	0.037	1.0	0.071
RF00852	81	4	RscapeTotal	1	26	0	0.037	1.0	0.071
RF00852	81	4	SQUARNAs3u	0	28	1	0.0	0.0	0.0
RF00853	89	11	Rfam	0	32	0	0.0	1	0.0
RF00853	89	11	CentroidAlifold	0	27	0	0.0	1	0.0
RF00853	89	11	RNAalifold	0	32	0	0.0	1	0.0
RF00853	89	11	RscapeNested	0	27	0	0.0	1	0.0
RF00853	89	11	RscapeTotal	0	27	0	0.0	1	0.0
RF00853	89	11	SQUARNAs3u	0	31	0	0.0	1	0.0
RF00854	71	12	Rfam	0	22	0	0.0	1	0.0
RF00854	71	12	CentroidAlifold	0	22	0	0.0	1	0.0
RF00854	71	12	RNAalifold	0	22	0	0.0	1	0.0
RF00854	71	12	RscapeNested	0	22	0	0.0	1	0.0
RF00854	71	12	RscapeTotal	0	22	0	0.0	1	0.0
RF00854	71	12	SQUARNAs3u	0	25	0	0.0	1	0.0
RF00855	117	4	Rfam	0	34	0	0.0	1	0.0
RF00855	117	4	CentroidAlifold	0	33	0	0.0	1	0.0
RF00855	117	4	RNAalifold	0	34	0	0.0	1	0.0
RF00855	117	4	RscapeNested	0	33	0	0.0	1	0.0
RF00855	117	4	RscapeTotal	0	33	0	0.0	1	0.0
RF00855	117	4	SQUARNAs3u	0	36	0	0.0	1	0.0
RF00856	82	4	Rfam	0	26	0	0.0	1	0.0
RF00856	82	4	CentroidAlifold	0	27	0	0.0	1	0.0
RF00856	82	4	RNAalifold	0	26	0	0.0	1	0.0
RF00856	82	4	RscapeNested	0	23	0	0.0	1	0.0
RF00856	82	4	RscapeTotal	0	23	0	0.0	1	0.0
RF00856	82	4	SQUARNAs3u	0	29	0	0.0	1	0.0
RF00857	79	4	Rfam	0	28	0	0.0	1	0.0
RF00857	79	4	CentroidAlifold	0	28	0	0.0	1	0.0
RF00857	79	4	RNAalifold	0	28	0	0.0	1	0.0
RF00857	79	4	RscapeNested	0	21	0	0.0	1	0.0
RF00857	79	4	RscapeTotal	0	21	0	0.0	1	0.0
RF00857	79	4	SQUARNAs3u	0	28	0	0.0	1	0.0
RF00858	91	16	Rfam	0	31	0	0.0	1	0.0
RF00858	91	16	CentroidAlifold	0	18	0	0.0	1	0.0
RF00858	91	16	RNAalifold	0	17	0	0.0	1	0.0
RF00858	91	16	RscapeNested	0	30	0	0.0	1	0.0
RF00858	91	16	RscapeTotal	0	30	0	0.0	1	0.0
RF00858	91	16	SQUARNAs3u	0	30	0	0.0	1	0.0
RF00859	75	9	Rfam	0	16	0	0.0	1	0.0
RF00859	75	9	CentroidAlifold	0	17	0	0.0	1	0.0
RF00859	75	9	RNAalifold	0	16	0	0.0	1	0.0
RF00859	75	9	RscapeNested	0	21	0	0.0	1	0.0
RF00859	75	9	RscapeTotal	0	21	0	0.0	1	0.0
RF00859	75	9	SQUARNAs3u	0	24	0	0.0	1	0.0
RF00861	83	10	Rfam	0	30	0	0.0	1	0.0
RF00861	83	10	CentroidAlifold	0	30	0	0.0	1	0.0
RF00861	83	10	RNAalifold	0	30	0	0.0	1	0.0
RF00861	83	10	RscapeNested	0	34	0	0.0	1	0.0
RF00861	83	10	RscapeTotal	0	34	0	0.0	1	0.0
RF00861	83	10	SQUARNAs3u	0	31	0	0.0	1	0.0
RF00862	110	12	Rfam	0	32	0	0.0	1	0.0
RF00862	110	12	CentroidAlifold	0	34	0	0.0	1	0.0
RF00862	110	12	RNAalifold	0	32	0	0.0	1	0.0
RF00862	110	12	RscapeNested	0	34	0	0.0	1	0.0
RF00862	110	12	RscapeTotal	0	34	0	0.0	1	0.0
RF00862	110	12	SQUARNAs3u	0	37	0	0.0	1	0.0
RF00863	104	2	Rfam	0	30	0	0.0	1	0.0
RF00863	104	2	CentroidAlifold	0	27	0	0.0	1	0.0
RF00863	104	2	RNAalifold	0	27	0	0.0	1	0.0
RF00863	104	2	RscapeNested	0	41	0	0.0	1	0.0
RF00863	104	2	RscapeTotal	0	41	0	0.0	1	0.0
RF00863	104	2	SQUARNAs3u	0	38	0	0.0	1	0.0
RF00864	81	2	Rfam	0	30	0	0.0	1	0.0
RF00864	81	2	CentroidAlifold	0	26	0	0.0	1	0.0
RF00864	81	2	RNAalifold	0	26	0	0.0	1	0.0
RF00864	81	2	RscapeNested	0	30	0	0.0	1	0.0
RF00864	81	2	RscapeTotal	0	30	0	0.0	1	0.0
RF00864	81	2	SQUARNAs3u	0	33	0	0.0	1	0.0
RF00865	160	6	Rfam	0	26	0	0.0	1	0.0
RF00865	160	6	CentroidAlifold	0	31	0	0.0	1	0.0
RF00865	160	6	RNAalifold	0	33	0	0.0	1	0.0
RF00865	160	6	RscapeNested	0	46	0	0.0	1	0.0
RF00865	160	6	RscapeTotal	0	46	0	0.0	1	0.0
RF00865	160	6	SQUARNAs3u	0	35	0	0.0	1	0.0
RF00866	78	3	Rfam	0	32	0	0.0	1	0.0
RF00866	78	3	CentroidAlifold	0	30	0	0.0	1	0.0
RF00866	78	3	RNAalifold	0	32	0	0.0	1	0.0
RF00866	78	3	RscapeNested	0	30	0	0.0	1	0.0
RF00866	78	3	RscapeTotal	0	30	0	0.0	1	0.0
RF00866	78	3	SQUARNAs3u	0	28	0	0.0	1	0.0
RF00867	89	2	Rfam	0	32	0	0.0	1	0.0
RF00867	89	2	CentroidAlifold	0	27	0	0.0	1	0.0
RF00867	89	2	RNAalifold	0	28	0	0.0	1	0.0
RF00867	89	2	RscapeNested	0	32	0	0.0	1	0.0
RF00867	89	2	RscapeTotal	0	32	0	0.0	1	0.0
RF00867	89	2	SQUARNAs3u	0	34	0	0.0	1	0.0
RF00868	79	2	Rfam	0	31	0	0.0	1	0.0
RF00868	79	2	CentroidAlifold	0	18	0	0.0	1	0.0
RF00868	79	2	RNAalifold	0	26	0	0.0	1	0.0
RF00868	79	2	RscapeNested	0	30	0	0.0	1	0.0
RF00868	79	2	RscapeTotal	0	30	0	0.0	1	0.0
RF00868	79	2	SQUARNAs3u	0	29	0	0.0	1	0.0
RF00869	84	2	Rfam	0	34	0	0.0	1	0.0
RF00869	84	2	CentroidAlifold	0	26	0	0.0	1	0.0
RF00869	84	2	RNAalifold	0	23	0	0.0	1	0.0
RF00869	84	2	RscapeNested	0	29	0	0.0	1	0.0
RF00869	84	2	RscapeTotal	0	29	0	0.0	1	0.0
RF00869	84	2	SQUARNAs3u	0	34	0	0.0	1	0.0
RF00870	81	15	Rfam	0	29	0	0.0	1	0.0
RF00870	81	15	CentroidAlifold	0	29	0	0.0	1	0.0
RF00870	81	15	RNAalifold	0	29	0	0.0	1	0.0
RF00870	81	15	RscapeNested	0	31	0	0.0	1	0.0
RF00870	81	15	RscapeTotal	0	31	0	0.0	1	0.0
RF00870	81	15	SQUARNAs3u	0	32	0	0.0	1	0.0
RF00872	104	13	Rfam	0	31	0	0.0	1	0.0
RF00872	104	13	CentroidAlifold	0	31	0	0.0	1	0.0
RF00872	104	13	RNAalifold	0	28	0	0.0	1	0.0
RF00872	104	13	RscapeNested	0	43	0	0.0	1	0.0
RF00872	104	13	RscapeTotal	0	43	0	0.0	1	0.0
RF00872	104	13	SQUARNAs3u	0	42	0	0.0	1	0.0
RF00873	93	9	Rfam	0	31	0	0.0	1	0.0
RF00873	93	9	CentroidAlifold	0	29	0	0.0	1	0.0
RF00873	93	9	RNAalifold	0	31	0	0.0	1	0.0
RF00873	93	9	RscapeNested	0	40	0	0.0	1	0.0
RF00873	93	9	RscapeTotal	0	40	0	0.0	1	0.0
RF00873	93	9	SQUARNAs3u	0	31	0	0.0	1	0.0
RF00874	84	2	Rfam	0	31	0	0.0	1	0.0
RF00874	84	2	CentroidAlifold	0	24	0	0.0	1	0.0
RF00874	84	2	RNAalifold	0	27	0	0.0	1	0.0
RF00874	84	2	RscapeNested	0	36	0	0.0	1	0.0
RF00874	84	2	RscapeTotal	0	36	0	0.0	1	0.0
RF00874	84	2	SQUARNAs3u	0	31	0	0.0	1	0.0
RF00875	95	11	Rfam	0	22	0	0.0	1	0.0
RF00875	95	11	CentroidAlifold	0	6	0	0.0	1	0.0
RF00875	95	11	RNAalifold	0	9	0	0.0	1	0.0
RF00875	95	11	RscapeNested	0	20	0	0.0	1	0.0
RF00875	95	11	RscapeTotal	0	20	0	0.0	1	0.0
RF00875	95	11	SQUARNAs3u	0	26	0	0.0	1	0.0
RF00876	113	28	Rfam	0	27	0	0.0	1	0.0
RF00876	113	28	CentroidAlifold	0	11	0	0.0	1	0.0
RF00876	113	28	RNAalifold	0	21	0	0.0	1	0.0
RF00876	113	28	RscapeNested	0	17	0	0.0	1	0.0
RF00876	113	28	RscapeTotal	0	17	0	0.0	1	0.0
RF00876	113	28	SQUARNAs3u	0	25	0	0.0	1	0.0
RF00877	88	13	Rfam	0	34	0	0.0	1	0.0
RF00877	88	13	CentroidAlifold	0	29	0	0.0	1	0.0
RF00877	88	13	RNAalifold	0	34	0	0.0	1	0.0
RF00877	88	13	RscapeNested	0	35	0	0.0	1	0.0
RF00877	88	13	RscapeTotal	0	35	0	0.0	1	0.0
RF00877	88	13	SQUARNAs3u	0	34	0	0.0	1	0.0
RF00878	73	9	Rfam	0	22	0	0.0	1	0.0
RF00878	73	9	CentroidAlifold	0	22	0	0.0	1	0.0
RF00878	73	9	RNAalifold	0	22	0	0.0	1	0.0
RF00878	73	9	RscapeNested	0	28	0	0.0	1	0.0
RF00878	73	9	RscapeTotal	0	28	0	0.0	1	0.0
RF00878	73	9	SQUARNAs3u	0	27	0	0.0	1	0.0
RF00879	85	11	Rfam	0	32	0	0.0	1	0.0
RF00879	85	11	CentroidAlifold	0	27	0	0.0	1	0.0
RF00879	85	11	RNAalifold	0	32	0	0.0	1	0.0
RF00879	85	11	RscapeNested	0	27	0	0.0	1	0.0
RF00879	85	11	RscapeTotal	0	27	0	0.0	1	0.0
RF00879	85	11	SQUARNAs3u	0	32	0	0.0	1	0.0
RF00882	191	5	Rfam	0	81	1	0.0	0.0	0.0
RF00882	191	5	CentroidAlifold	0	81	1	0.0	0.0	0.0
RF00882	191	5	RNAalifold	0	81	1	0.0	0.0	0.0
RF00882	191	5	RscapeNested	1	85	0	0.012	1.0	0.023
RF00882	191	5	RscapeTotal	1	85	0	0.012	1.0	0.023
RF00882	191	5	SQUARNAs3u	0	82	1	0.0	0.0	0.0
RF00883	181	2	Rfam	0	76	0	0.0	1	0.0
RF00883	181	2	CentroidAlifold	0	72	0	0.0	1	0.0
RF00883	181	2	RNAalifold	0	73	0	0.0	1	0.0
RF00883	181	2	RscapeNested	0	75	0	0.0	1	0.0
RF00883	181	2	RscapeTotal	0	75	0	0.0	1	0.0
RF00883	181	2	SQUARNAs3u	0	78	0	0.0	1	0.0
RF00884	85	3	Rfam	0	32	0	0.0	1	0.0
RF00884	85	3	CentroidAlifold	0	31	0	0.0	1	0.0
RF00884	85	3	RNAalifold	0	34	0	0.0	1	0.0
RF00884	85	3	RscapeNested	0	39	0	0.0	1	0.0
RF00884	85	3	RscapeTotal	0	39	0	0.0	1	0.0
RF00884	85	3	SQUARNAs3u	0	31	0	0.0	1	0.0
RF00885	275	5	Rfam	0	113	0	0.0	1	0.0
RF00885	275	5	CentroidAlifold	0	114	0	0.0	1	0.0
RF00885	275	5	RNAalifold	0	118	0	0.0	1	0.0
RF00885	275	5	RscapeNested	0	135	0	0.0	1	0.0
RF00885	275	5	RscapeTotal	0	135	0	0.0	1	0.0
RF00885	275	5	SQUARNAs3u	0	121	0	0.0	1	0.0
RF00886	196	30	Rfam	0	64	0	0.0	1	0.0
RF00886	196	30	CentroidAlifold	0	69	0	0.0	1	0.0
RF00886	196	30	RNAalifold	0	37	0	0.0	1	0.0
RF00886	196	30	RscapeNested	0	78	0	0.0	1	0.0
RF00886	196	30	RscapeTotal	0	78	0	0.0	1	0.0
RF00886	196	30	SQUARNAs3u	0	79	0	0.0	1	0.0
RF00887	97	13	Rfam	0	33	0	0.0	1	0.0
RF00887	97	13	CentroidAlifold	0	33	0	0.0	1	0.0
RF00887	97	13	RNAalifold	0	34	0	0.0	1	0.0
RF00887	97	13	RscapeNested	0	33	0	0.0	1	0.0
RF00887	97	13	RscapeTotal	0	33	0	0.0	1	0.0
RF00887	97	13	SQUARNAs3u	0	31	0	0.0	1	0.0
RF00888	100	4	Rfam	0	40	0	0.0	1	0.0
RF00888	100	4	CentroidAlifold	0	35	0	0.0	1	0.0
RF00888	100	4	RNAalifold	0	37	0	0.0	1	0.0
RF00888	100	4	RscapeNested	0	39	0	0.0	1	0.0
RF00888	100	4	RscapeTotal	0	39	0	0.0	1	0.0
RF00888	100	4	SQUARNAs3u	0	39	0	0.0	1	0.0
RF00890	66	6	Rfam	0	26	0	0.0	1	0.0
RF00890	66	6	CentroidAlifold	0	23	0	0.0	1	0.0
RF00890	66	6	RNAalifold	0	25	0	0.0	1	0.0
RF00890	66	6	RscapeNested	0	24	0	0.0	1	0.0
RF00890	66	6	RscapeTotal	0	24	0	0.0	1	0.0
RF00890	66	6	SQUARNAs3u	0	22	0	0.0	1	0.0
RF00891	84	15	Rfam	0	34	0	0.0	1	0.0
RF00891	84	15	CentroidAlifold	0	28	0	0.0	1	0.0
RF00891	84	15	RNAalifold	0	30	0	0.0	1	0.0
RF00891	84	15	RscapeNested	0	32	0	0.0	1	0.0
RF00891	84	15	RscapeTotal	0	32	0	0.0	1	0.0
RF00891	84	15	SQUARNAs3u	0	33	0	0.0	1	0.0
RF00892	75	29	Rfam	0	22	0	0.0	1	0.0
RF00892	75	29	CentroidAlifold	0	17	0	0.0	1	0.0
RF00892	75	29	RNAalifold	0	18	0	0.0	1	0.0
RF00892	75	29	RscapeNested	0	32	0	0.0	1	0.0
RF00892	75	29	RscapeTotal	0	32	0	0.0	1	0.0
RF00892	75	29	SQUARNAs3u	0	28	0	0.0	1	0.0
RF00893	221	3	Rfam	0	18	0	0.0	1	0.0
RF00893	221	3	CentroidAlifold	0	57	0	0.0	1	0.0
RF00893	221	3	RNAalifold	0	66	0	0.0	1	0.0
RF00893	221	3	RscapeNested	0	59	0	0.0	1	0.0
RF00893	221	3	RscapeTotal	0	59	0	0.0	1	0.0
RF00893	221	3	SQUARNAs3u	0	71	0	0.0	1	0.0
RF00894	74	6	Rfam	0	20	0	0.0	1	0.0
RF00894	74	6	CentroidAlifold	0	21	0	0.0	1	0.0
RF00894	74	6	RNAalifold	0	21	0	0.0	1	0.0
RF00894	74	6	RscapeNested	0	16	0	0.0	1	0.0
RF00894	74	6	RscapeTotal	0	16	0	0.0	1	0.0
RF00894	74	6	SQUARNAs3u	0	23	0	0.0	1	0.0
RF00895	91	2	Rfam	0	32	0	0.0	1	0.0
RF00895	91	2	CentroidAlifold	0	33	0	0.0	1	0.0
RF00895	91	2	RNAalifold	0	33	0	0.0	1	0.0
RF00895	91	2	RscapeNested	0	36	0	0.0	1	0.0
RF00895	91	2	RscapeTotal	0	36	0	0.0	1	0.0
RF00895	91	2	SQUARNAs3u	0	35	0	0.0	1	0.0
RF00896	92	2	Rfam	0	31	0	0.0	1	0.0
RF00896	92	2	CentroidAlifold	0	21	0	0.0	1	0.0
RF00896	92	2	RNAalifold	0	21	0	0.0	1	0.0
RF00896	92	2	RscapeNested	0	30	0	0.0	1	0.0
RF00896	92	2	RscapeTotal	0	30	0	0.0	1	0.0
RF00896	92	2	SQUARNAs3u	0	37	0	0.0	1	0.0
RF00897	73	7	Rfam	0	27	0	0.0	1	0.0
RF00897	73	7	CentroidAlifold	0	27	0	0.0	1	0.0
RF00897	73	7	RNAalifold	0	27	0	0.0	1	0.0
RF00897	73	7	RscapeNested	0	28	0	0.0	1	0.0
RF00897	73	7	RscapeTotal	0	28	0	0.0	1	0.0
RF00897	73	7	SQUARNAs3u	0	30	0	0.0	1	0.0
RF00898	72	2	Rfam	0	23	0	0.0	1	0.0
RF00898	72	2	CentroidAlifold	0	21	0	0.0	1	0.0
RF00898	72	2	RNAalifold	0	22	0	0.0	1	0.0
RF00898	72	2	RscapeNested	0	22	0	0.0	1	0.0
RF00898	72	2	RscapeTotal	0	22	0	0.0	1	0.0
RF00898	72	2	SQUARNAs3u	0	29	0	0.0	1	0.0
RF00899	76	2	Rfam	0	19	0	0.0	1	0.0
RF00899	76	2	CentroidAlifold	0	23	0	0.0	1	0.0
RF00899	76	2	RNAalifold	0	23	0	0.0	1	0.0
RF00899	76	2	RscapeNested	0	23	0	0.0	1	0.0
RF00899	76	2	RscapeTotal	0	23	0	0.0	1	0.0
RF00899	76	2	SQUARNAs3u	0	31	0	0.0	1	0.0
RF00900	59	5	Rfam	0	24	0	0.0	1	0.0
RF00900	59	5	CentroidAlifold	0	23	0	0.0	1	0.0
RF00900	59	5	RNAalifold	0	24	0	0.0	1	0.0
RF00900	59	5	RscapeNested	0	24	0	0.0	1	0.0
RF00900	59	5	RscapeTotal	0	24	0	0.0	1	0.0
RF00900	59	5	SQUARNAs3u	0	24	0	0.0	1	0.0
RF00901	87	4	Rfam	0	32	0	0.0	1	0.0
RF00901	87	4	CentroidAlifold	0	28	0	0.0	1	0.0
RF00901	87	4	RNAalifold	0	28	0	0.0	1	0.0
RF00901	87	4	RscapeNested	0	32	0	0.0	1	0.0
RF00901	87	4	RscapeTotal	0	32	0	0.0	1	0.0
RF00901	87	4	SQUARNAs3u	0	32	0	0.0	1	0.0
RF00902	86	2	Rfam	0	27	0	0.0	1	0.0
RF00902	86	2	CentroidAlifold	0	21	0	0.0	1	0.0
RF00902	86	2	RNAalifold	0	21	0	0.0	1	0.0
RF00902	86	2	RscapeNested	0	33	0	0.0	1	0.0
RF00902	86	2	RscapeTotal	0	33	0	0.0	1	0.0
RF00902	86	2	SQUARNAs3u	0	37	0	0.0	1	0.0
RF00903	93	2	Rfam	0	35	0	0.0	1	0.0
RF00903	93	2	CentroidAlifold	0	30	0	0.0	1	0.0
RF00903	93	2	RNAalifold	0	30	0	0.0	1	0.0
RF00903	93	2	RscapeNested	0	38	0	0.0	1	0.0
RF00903	93	2	RscapeTotal	0	38	0	0.0	1	0.0
RF00903	93	2	SQUARNAs3u	0	34	0	0.0	1	0.0
RF00904	75	2	Rfam	0	25	0	0.0	1	0.0
RF00904	75	2	CentroidAlifold	0	21	0	0.0	1	0.0
RF00904	75	2	RNAalifold	0	22	0	0.0	1	0.0
RF00904	75	2	RscapeNested	0	28	0	0.0	1	0.0
RF00904	75	2	RscapeTotal	0	28	0	0.0	1	0.0
RF00904	75	2	SQUARNAs3u	0	29	0	0.0	1	0.0
RF00905	100	3	Rfam	0	38	0	0.0	1	0.0
RF00905	100	3	CentroidAlifold	0	36	0	0.0	1	0.0
RF00905	100	3	RNAalifold	0	39	0	0.0	1	0.0
RF00905	100	3	RscapeNested	0	36	0	0.0	1	0.0
RF00905	100	3	RscapeTotal	0	36	0	0.0	1	0.0
RF00905	100	3	SQUARNAs3u	0	38	0	0.0	1	0.0
RF00906	138	12	Rfam	0	41	0	0.0	1	0.0
RF00906	138	12	CentroidAlifold	0	54	0	0.0	1	0.0
RF00906	138	12	RNAalifold	0	55	0	0.0	1	0.0
RF00906	138	12	RscapeNested	0	59	0	0.0	1	0.0
RF00906	138	12	RscapeTotal	0	59	0	0.0	1	0.0
RF00906	138	12	SQUARNAs3u	0	60	0	0.0	1	0.0
RF00907	72	2	Rfam	0	26	0	0.0	1	0.0
RF00907	72	2	CentroidAlifold	0	24	0	0.0	1	0.0
RF00907	72	2	RNAalifold	0	25	0	0.0	1	0.0
RF00907	72	2	RscapeNested	0	24	0	0.0	1	0.0
RF00907	72	2	RscapeTotal	0	24	0	0.0	1	0.0
RF00907	72	2	SQUARNAs3u	0	26	0	0.0	1	0.0
RF00908	137	3	Rfam	0	28	0	0.0	1	0.0
RF00908	137	3	CentroidAlifold	0	33	0	0.0	1	0.0
RF00908	137	3	RNAalifold	0	44	0	0.0	1	0.0
RF00908	137	3	RscapeNested	0	43	0	0.0	1	0.0
RF00908	137	3	RscapeTotal	0	43	0	0.0	1	0.0
RF00908	137	3	SQUARNAs3u	0	50	0	0.0	1	0.0
RF00909	80	3	Rfam	0	28	0	0.0	1	0.0
RF00909	80	3	CentroidAlifold	0	28	0	0.0	1	0.0
RF00909	80	3	RNAalifold	0	28	0	0.0	1	0.0
RF00909	80	3	RscapeNested	0	25	0	0.0	1	0.0
RF00909	80	3	RscapeTotal	0	25	0	0.0	1	0.0
RF00909	80	3	SQUARNAs3u	0	29	0	0.0	1	0.0
RF00910	77	13	Rfam	0	27	0	0.0	1	0.0
RF00910	77	13	CentroidAlifold	0	19	0	0.0	1	0.0
RF00910	77	13	RNAalifold	0	27	0	0.0	1	0.0
RF00910	77	13	RscapeNested	0	34	0	0.0	1	0.0
RF00910	77	13	RscapeTotal	0	34	0	0.0	1	0.0
RF00910	77	13	SQUARNAs3u	0	29	0	0.0	1	0.0
RF00911	103	7	Rfam	0	30	0	0.0	1	0.0
RF00911	103	7	CentroidAlifold	0	30	0	0.0	1	0.0
RF00911	103	7	RNAalifold	0	34	0	0.0	1	0.0
RF00911	103	7	RscapeNested	0	28	0	0.0	1	0.0
RF00911	103	7	RscapeTotal	0	28	0	0.0	1	0.0
RF00911	103	7	SQUARNAs3u	0	38	0	0.0	1	0.0
RF00912	86	8	Rfam	0	29	0	0.0	1	0.0
RF00912	86	8	CentroidAlifold	0	28	0	0.0	1	0.0
RF00912	86	8	RNAalifold	0	29	0	0.0	1	0.0
RF00912	86	8	RscapeNested	0	27	0	0.0	1	0.0
RF00912	86	8	RscapeTotal	0	27	0	0.0	1	0.0
RF00912	86	8	SQUARNAs3u	0	33	0	0.0	1	0.0
RF00914	77	2	Rfam	0	31	0	0.0	1	0.0
RF00914	77	2	CentroidAlifold	0	31	0	0.0	1	0.0
RF00914	77	2	RNAalifold	0	31	0	0.0	1	0.0
RF00914	77	2	RscapeNested	0	29	0	0.0	1	0.0
RF00914	77	2	RscapeTotal	0	29	0	0.0	1	0.0
RF00914	77	2	SQUARNAs3u	0	30	0	0.0	1	0.0
RF00915	82	7	Rfam	0	26	0	0.0	1	0.0
RF00915	82	7	CentroidAlifold	0	23	0	0.0	1	0.0
RF00915	82	7	RNAalifold	0	22	0	0.0	1	0.0
RF00915	82	7	RscapeNested	0	25	0	0.0	1	0.0
RF00915	82	7	RscapeTotal	0	25	0	0.0	1	0.0
RF00915	82	7	SQUARNAs3u	0	25	0	0.0	1	0.0
RF00917	93	21	Rfam	0	31	0	0.0	1	0.0
RF00917	93	21	CentroidAlifold	0	25	0	0.0	1	0.0
RF00917	93	21	RNAalifold	0	24	0	0.0	1	0.0
RF00917	93	21	RscapeNested	0	31	0	0.0	1	0.0
RF00917	93	21	RscapeTotal	0	31	0	0.0	1	0.0
RF00917	93	21	SQUARNAs3u	0	29	0	0.0	1	0.0
RF00918	85	6	Rfam	0	25	0	0.0	1	0.0
RF00918	85	6	CentroidAlifold	0	25	0	0.0	1	0.0
RF00918	85	6	RNAalifold	0	25	0	0.0	1	0.0
RF00918	85	6	RscapeNested	0	24	0	0.0	1	0.0
RF00918	85	6	RscapeTotal	0	24	0	0.0	1	0.0
RF00918	85	6	SQUARNAs3u	0	25	0	0.0	1	0.0
RF00919	78	14	Rfam	0	25	0	0.0	1	0.0
RF00919	78	14	CentroidAlifold	0	25	0	0.0	1	0.0
RF00919	78	14	RNAalifold	0	25	0	0.0	1	0.0
RF00919	78	14	RscapeNested	0	26	0	0.0	1	0.0
RF00919	78	14	RscapeTotal	0	26	0	0.0	1	0.0
RF00919	78	14	SQUARNAs3u	0	29	0	0.0	1	0.0
RF00920	188	4	Rfam	0	48	0	0.0	1	0.0
RF00920	188	4	CentroidAlifold	0	44	0	0.0	1	0.0
RF00920	188	4	RNAalifold	0	45	0	0.0	1	0.0
RF00920	188	4	RscapeNested	0	60	0	0.0	1	0.0
RF00920	188	4	RscapeTotal	0	60	0	0.0	1	0.0
RF00920	188	4	SQUARNAs3u	0	55	0	0.0	1	0.0
RF00921	75	9	Rfam	0	25	0	0.0	1	0.0
RF00921	75	9	CentroidAlifold	0	17	0	0.0	1	0.0
RF00921	75	9	RNAalifold	0	24	0	0.0	1	0.0
RF00921	75	9	RscapeNested	0	20	0	0.0	1	0.0
RF00921	75	9	RscapeTotal	0	20	0	0.0	1	0.0
RF00921	75	9	SQUARNAs3u	0	26	0	0.0	1	0.0
RF00922	83	2	Rfam	0	27	1	0.0	0.0	0.0
RF00922	83	2	CentroidAlifold	0	27	1	0.0	0.0	0.0
RF00922	83	2	RNAalifold	0	27	1	0.0	0.0	0.0
RF00922	83	2	RscapeNested	0	25	1	0.0	0.0	0.0
RF00922	83	2	RscapeTotal	0	25	1	0.0	0.0	0.0
RF00922	83	2	SQUARNAs3u	0	29	1	0.0	0.0	0.0
RF00925	142	2	Rfam	0	43	0	0.0	1	0.0
RF00925	142	2	CentroidAlifold	0	45	0	0.0	1	0.0
RF00925	142	2	RNAalifold	0	46	0	0.0	1	0.0
RF00925	142	2	RscapeNested	0	49	0	0.0	1	0.0
RF00925	142	2	RscapeTotal	0	49	0	0.0	1	0.0
RF00925	142	2	SQUARNAs3u	0	50	0	0.0	1	0.0
RF00926	110	2	Rfam	0	48	6	0.0	0.0	0.0
RF00926	110	2	CentroidAlifold	0	46	6	0.0	0.0	0.0
RF00926	110	2	RNAalifold	0	46	6	0.0	0.0	0.0
RF00926	110	2	RscapeNested	0	48	6	0.0	0.0	0.0
RF00926	110	2	RscapeTotal	0	48	6	0.0	0.0	0.0
RF00926	110	2	SQUARNAs3u	0	47	6	0.0	0.0	0.0
RF00927	83	14	Rfam	0	25	0	0.0	1	0.0
RF00927	83	14	CentroidAlifold	0	25	0	0.0	1	0.0
RF00927	83	14	RNAalifold	0	25	0	0.0	1	0.0
RF00927	83	14	RscapeNested	0	29	0	0.0	1	0.0
RF00927	83	14	RscapeTotal	0	29	0	0.0	1	0.0
RF00927	83	14	SQUARNAs3u	0	33	0	0.0	1	0.0
RF00928	102	10	Rfam	0	32	0	0.0	1	0.0
RF00928	102	10	CentroidAlifold	0	26	0	0.0	1	0.0
RF00928	102	10	RNAalifold	0	28	0	0.0	1	0.0
RF00928	102	10	RscapeNested	0	27	0	0.0	1	0.0
RF00928	102	10	RscapeTotal	0	27	0	0.0	1	0.0
RF00928	102	10	SQUARNAs3u	0	30	0	0.0	1	0.0
RF00929	80	3	Rfam	0	32	1	0.0	0.0	0.0
RF00929	80	3	CentroidAlifold	0	32	1	0.0	0.0	0.0
RF00929	80	3	RNAalifold	0	32	1	0.0	0.0	0.0
RF00929	80	3	RscapeNested	0	32	1	0.0	0.0	0.0
RF00929	80	3	RscapeTotal	0	32	1	0.0	0.0	0.0
RF00929	80	3	SQUARNAs3u	0	29	1	0.0	0.0	0.0
RF00931	74	2	Rfam	0	28	2	0.0	0.0	0.0
RF00931	74	2	CentroidAlifold	0	26	2	0.0	0.0	0.0
RF00931	74	2	RNAalifold	0	26	2	0.0	0.0	0.0
RF00931	74	2	RscapeNested	0	28	2	0.0	0.0	0.0
RF00931	74	2	RscapeTotal	0	28	2	0.0	0.0	0.0
RF00931	74	2	SQUARNAs3u	0	27	2	0.0	0.0	0.0
RF00932	66	2	Rfam	0	23	1	0.0	0.0	0.0
RF00932	66	2	CentroidAlifold	0	23	1	0.0	0.0	0.0
RF00932	66	2	RNAalifold	0	23	1	0.0	0.0	0.0
RF00932	66	2	RscapeNested	0	21	1	0.0	0.0	0.0
RF00932	66	2	RscapeTotal	0	21	1	0.0	0.0	0.0
RF00932	66	2	SQUARNAs3u	0	23	1	0.0	0.0	0.0
RF00933	75	12	Rfam	0	23	1	0.0	0.0	0.0
RF00933	75	12	CentroidAlifold	0	23	1	0.0	0.0	0.0
RF00933	75	12	RNAalifold	0	23	1	0.0	0.0	0.0
RF00933	75	12	RscapeNested	1	15	0	0.062	1.0	0.118
RF00933	75	12	RscapeTotal	1	15	0	0.062	1.0	0.118
RF00933	75	12	SQUARNAs3u	0	26	1	0.0	0.0	0.0
RF00934	66	2	Rfam	0	24	0	0.0	1	0.0
RF00934	66	2	CentroidAlifold	0	21	0	0.0	1	0.0
RF00934	66	2	RNAalifold	0	21	0	0.0	1	0.0
RF00934	66	2	RscapeNested	0	24	0	0.0	1	0.0
RF00934	66	2	RscapeTotal	0	24	0	0.0	1	0.0
RF00934	66	2	SQUARNAs3u	0	26	0	0.0	1	0.0
RF00935	81	10	Rfam	0	32	0	0.0	1	0.0
RF00935	81	10	CentroidAlifold	0	31	0	0.0	1	0.0
RF00935	81	10	RNAalifold	0	32	0	0.0	1	0.0
RF00935	81	10	RscapeNested	0	34	0	0.0	1	0.0
RF00935	81	10	RscapeTotal	0	34	0	0.0	1	0.0
RF00935	81	10	SQUARNAs3u	0	32	0	0.0	1	0.0
RF00936	96	8	Rfam	0	31	0	0.0	1	0.0
RF00936	96	8	CentroidAlifold	0	30	0	0.0	1	0.0
RF00936	96	8	RNAalifold	0	31	0	0.0	1	0.0
RF00936	96	8	RscapeNested	0	30	0	0.0	1	0.0
RF00936	96	8	RscapeTotal	0	30	0	0.0	1	0.0
RF00936	96	8	SQUARNAs3u	0	31	0	0.0	1	0.0
RF00937	78	10	Rfam	0	27	0	0.0	1	0.0
RF00937	78	10	CentroidAlifold	0	27	0	0.0	1	0.0
RF00937	78	10	RNAalifold	0	27	0	0.0	1	0.0
RF00937	78	10	RscapeNested	0	30	0	0.0	1	0.0
RF00937	78	10	RscapeTotal	0	30	0	0.0	1	0.0
RF00937	78	10	SQUARNAs3u	0	29	0	0.0	1	0.0
RF00939	79	15	Rfam	0	30	1	0.0	0.0	0.0
RF00939	79	15	CentroidAlifold	0	29	1	0.0	0.0	0.0
RF00939	79	15	RNAalifold	0	30	1	0.0	0.0	0.0
RF00939	79	15	RscapeNested	1	26	0	0.037	1.0	0.071
RF00939	79	15	RscapeTotal	1	26	0	0.037	1.0	0.071
RF00939	79	15	SQUARNAs3u	0	30	1	0.0	0.0	0.0
RF00940	62	2	Rfam	0	20	0	0.0	1	0.0
RF00940	62	2	CentroidAlifold	0	11	0	0.0	1	0.0
RF00940	62	2	RNAalifold	0	17	0	0.0	1	0.0
RF00940	62	2	RscapeNested	0	17	0	0.0	1	0.0
RF00940	62	2	RscapeTotal	0	17	0	0.0	1	0.0
RF00940	62	2	SQUARNAs3u	0	24	0	0.0	1	0.0
RF00941	81	2	Rfam	0	30	0	0.0	1	0.0
RF00941	81	2	CentroidAlifold	0	28	0	0.0	1	0.0
RF00941	81	2	RNAalifold	0	30	0	0.0	1	0.0
RF00941	81	2	RscapeNested	0	28	0	0.0	1	0.0
RF00941	81	2	RscapeTotal	0	28	0	0.0	1	0.0
RF00941	81	2	SQUARNAs3u	0	30	0	0.0	1	0.0
RF00942	88	11	Rfam	0	22	0	0.0	1	0.0
RF00942	88	11	CentroidAlifold	0	18	0	0.0	1	0.0
RF00942	88	11	RNAalifold	0	26	0	0.0	1	0.0
RF00942	88	11	RscapeNested	0	28	0	0.0	1	0.0
RF00942	88	11	RscapeTotal	0	28	0	0.0	1	0.0
RF00942	88	11	SQUARNAs3u	0	24	0	0.0	1	0.0
RF00943	673	12	Rfam	0	54	0	0.0	1	0.0
RF00943	673	12	CentroidAlifold	0	50	0	0.0	1	0.0
RF00943	673	12	RNAalifold	0	146	0	0.0	1	0.0
RF00943	673	12	RscapeNested	0	185	0	0.0	1	0.0
RF00943	673	12	RscapeTotal	0	185	0	0.0	1	0.0
RF00943	673	12	SQUARNAs3u	0	169	0	0.0	1	0.0
RF00945	76	2	Rfam	0	28	0	0.0	1	0.0
RF00945	76	2	CentroidAlifold	0	19	0	0.0	1	0.0
RF00945	76	2	RNAalifold	0	24	0	0.0	1	0.0
RF00945	76	2	RscapeNested	0	26	0	0.0	1	0.0
RF00945	76	2	RscapeTotal	0	26	0	0.0	1	0.0
RF00945	76	2	SQUARNAs3u	0	25	0	0.0	1	0.0
RF00946	104	7	Rfam	0	13	0	0.0	1	0.0
RF00946	104	7	CentroidAlifold	0	31	0	0.0	1	0.0
RF00946	104	7	RNAalifold	0	32	0	0.0	1	0.0
RF00946	104	7	RscapeNested	0	30	0	0.0	1	0.0
RF00946	104	7	RscapeTotal	0	30	0	0.0	1	0.0
RF00946	104	7	SQUARNAs3u	0	30	0	0.0	1	0.0
RF00947	78	18	Rfam	0	17	1	0.0	0.0	0.0
RF00947	78	18	CentroidAlifold	1	20	0	0.048	1.0	0.091
RF00947	78	18	RNAalifold	0	17	1	0.0	0.0	0.0
RF00947	78	18	RscapeNested	1	24	0	0.04	1.0	0.077
RF00947	78	18	RscapeTotal	1	24	0	0.04	1.0	0.077
RF00947	78	18	SQUARNAs3u	1	24	0	0.04	1.0	0.077
RF00948	77	6	Rfam	0	22	0	0.0	1	0.0
RF00948	77	6	CentroidAlifold	0	22	0	0.0	1	0.0
RF00948	77	6	RNAalifold	0	22	0	0.0	1	0.0
RF00948	77	6	RscapeNested	0	22	0	0.0	1	0.0
RF00948	77	6	RscapeTotal	0	22	0	0.0	1	0.0
RF00948	77	6	SQUARNAs3u	0	23	0	0.0	1	0.0
RF00949	90	3	Rfam	0	28	0	0.0	1	0.0
RF00949	90	3	CentroidAlifold	0	29	0	0.0	1	0.0
RF00949	90	3	RNAalifold	0	28	0	0.0	1	0.0
RF00949	90	3	RscapeNested	0	32	0	0.0	1	0.0
RF00949	90	3	RscapeTotal	0	32	0	0.0	1	0.0
RF00949	90	3	SQUARNAs3u	0	30	0	0.0	1	0.0
RF00950	89	16	Rfam	0	23	0	0.0	1	0.0
RF00950	89	16	CentroidAlifold	0	22	0	0.0	1	0.0
RF00950	89	16	RNAalifold	0	20	0	0.0	1	0.0
RF00950	89	16	RscapeNested	0	30	0	0.0	1	0.0
RF00950	89	16	RscapeTotal	0	30	0	0.0	1	0.0
RF00950	89	16	SQUARNAs3u	0	26	0	0.0	1	0.0
RF00951	52	24	Rfam	0	15	0	0.0	1	0.0
RF00951	52	24	CentroidAlifold	0	17	0	0.0	1	0.0
RF00951	52	24	RNAalifold	0	14	0	0.0	1	0.0
RF00951	52	24	RscapeNested	0	21	0	0.0	1	0.0
RF00951	52	24	RscapeTotal	0	21	0	0.0	1	0.0
RF00951	52	24	SQUARNAs3u	0	21	0	0.0	1	0.0
RF00952	96	11	Rfam	0	29	0	0.0	1	0.0
RF00952	96	11	CentroidAlifold	0	5	0	0.0	1	0.0
RF00952	96	11	RNAalifold	0	26	0	0.0	1	0.0
RF00952	96	11	RscapeNested	0	18	0	0.0	1	0.0
RF00952	96	11	RscapeTotal	0	18	0	0.0	1	0.0
RF00952	96	11	SQUARNAs3u	0	29	0	0.0	1	0.0
RF00953	74	2	Rfam	0	16	0	0.0	1	0.0
RF00953	74	2	CentroidAlifold	0	20	0	0.0	1	0.0
RF00953	74	2	RNAalifold	0	23	0	0.0	1	0.0
RF00953	74	2	RscapeNested	0	19	0	0.0	1	0.0
RF00953	74	2	RscapeTotal	0	19	0	0.0	1	0.0
RF00953	74	2	SQUARNAs3u	0	29	0	0.0	1	0.0
RF00954	118	7	Rfam	0	36	1	0.0	0.0	0.0
RF00954	118	7	CentroidAlifold	0	34	1	0.0	0.0	0.0
RF00954	118	7	RNAalifold	0	40	1	0.0	0.0	0.0
RF00954	118	7	RscapeNested	1	38	0	0.026	1.0	0.05
RF00954	118	7	RscapeTotal	1	38	0	0.026	1.0	0.05
RF00954	118	7	SQUARNAs3u	0	40	1	0.0	0.0	0.0
RF00955	58	4	Rfam	0	23	0	0.0	1	0.0
RF00955	58	4	CentroidAlifold	0	20	0	0.0	1	0.0
RF00955	58	4	RNAalifold	0	20	0	0.0	1	0.0
RF00955	58	4	RscapeNested	0	21	0	0.0	1	0.0
RF00955	58	4	RscapeTotal	0	21	0	0.0	1	0.0
RF00955	58	4	SQUARNAs3u	0	21	0	0.0	1	0.0
RF00956	87	3	Rfam	0	31	0	0.0	1	0.0
RF00956	87	3	CentroidAlifold	0	33	0	0.0	1	0.0
RF00956	87	3	RNAalifold	0	34	0	0.0	1	0.0
RF00956	87	3	RscapeNested	0	34	0	0.0	1	0.0
RF00956	87	3	RscapeTotal	0	34	0	0.0	1	0.0
RF00956	87	3	SQUARNAs3u	0	36	0	0.0	1	0.0
RF00957	102	12	Rfam	0	33	0	0.0	1	0.0
RF00957	102	12	CentroidAlifold	0	24	0	0.0	1	0.0
RF00957	102	12	RNAalifold	0	26	0	0.0	1	0.0
RF00957	102	12	RscapeNested	0	30	0	0.0	1	0.0
RF00957	102	12	RscapeTotal	0	30	0	0.0	1	0.0
RF00957	102	12	SQUARNAs3u	0	29	0	0.0	1	0.0
RF00958	126	5	Rfam	0	43	0	0.0	1	0.0
RF00958	126	5	CentroidAlifold	0	42	0	0.0	1	0.0
RF00958	126	5	RNAalifold	0	42	0	0.0	1	0.0
RF00958	126	5	RscapeNested	0	44	0	0.0	1	0.0
RF00958	126	5	RscapeTotal	0	44	0	0.0	1	0.0
RF00958	126	5	SQUARNAs3u	0	43	0	0.0	1	0.0
RF00959	109	6	Rfam	0	35	0	0.0	1	0.0
RF00959	109	6	CentroidAlifold	0	22	0	0.0	1	0.0
RF00959	109	6	RNAalifold	0	32	0	0.0	1	0.0
RF00959	109	6	RscapeNested	0	30	0	0.0	1	0.0
RF00959	109	6	RscapeTotal	0	30	0	0.0	1	0.0
RF00959	109	6	SQUARNAs3u	0	21	0	0.0	1	0.0
RF00960	93	3	Rfam	0	31	0	0.0	1	0.0
RF00960	93	3	CentroidAlifold	0	22	0	0.0	1	0.0
RF00960	93	3	RNAalifold	0	27	0	0.0	1	0.0
RF00960	93	3	RscapeNested	0	36	0	0.0	1	0.0
RF00960	93	3	RscapeTotal	0	36	0	0.0	1	0.0
RF00960	93	3	SQUARNAs3u	0	25	0	0.0	1	0.0
RF00961	89	4	Rfam	0	33	0	0.0	1	0.0
RF00961	89	4	CentroidAlifold	0	32	0	0.0	1	0.0
RF00961	89	4	RNAalifold	0	33	0	0.0	1	0.0
RF00961	89	4	RscapeNested	0	33	0	0.0	1	0.0
RF00961	89	4	RscapeTotal	0	33	0	0.0	1	0.0
RF00961	89	4	SQUARNAs3u	0	34	0	0.0	1	0.0
RF00962	89	4	Rfam	0	36	0	0.0	1	0.0
RF00962	89	4	CentroidAlifold	0	35	0	0.0	1	0.0
RF00962	89	4	RNAalifold	0	36	0	0.0	1	0.0
RF00962	89	4	RscapeNested	0	36	0	0.0	1	0.0
RF00962	89	4	RscapeTotal	0	36	0	0.0	1	0.0
RF00962	89	4	SQUARNAs3u	0	32	0	0.0	1	0.0
RF00963	83	4	Rfam	0	35	0	0.0	1	0.0
RF00963	83	4	CentroidAlifold	0	35	0	0.0	1	0.0
RF00963	83	4	RNAalifold	0	35	0	0.0	1	0.0
RF00963	83	4	RscapeNested	0	38	0	0.0	1	0.0
RF00963	83	4	RscapeTotal	0	38	0	0.0	1	0.0
RF00963	83	4	SQUARNAs3u	0	35	0	0.0	1	0.0
RF00964	81	4	Rfam	0	29	0	0.0	1	0.0
RF00964	81	4	CentroidAlifold	0	21	0	0.0	1	0.0
RF00964	81	4	RNAalifold	0	22	0	0.0	1	0.0
RF00964	81	4	RscapeNested	0	29	0	0.0	1	0.0
RF00964	81	4	RscapeTotal	0	29	0	0.0	1	0.0
RF00964	81	4	SQUARNAs3u	0	29	0	0.0	1	0.0
RF00965	72	5	Rfam	0	32	0	0.0	1	0.0
RF00965	72	5	CentroidAlifold	0	32	0	0.0	1	0.0
RF00965	72	5	RNAalifold	0	32	0	0.0	1	0.0
RF00965	72	5	RscapeNested	0	32	0	0.0	1	0.0
RF00965	72	5	RscapeTotal	0	32	0	0.0	1	0.0
RF00965	72	5	SQUARNAs3u	0	32	0	0.0	1	0.0
RF00966	73	12	Rfam	0	22	1	0.0	0.0	0.0
RF00966	73	12	CentroidAlifold	0	23	1	0.0	0.0	0.0
RF00966	73	12	RNAalifold	0	22	1	0.0	0.0	0.0
RF00966	73	12	RscapeNested	0	24	1	0.0	0.0	0.0
RF00966	73	12	RscapeTotal	0	24	1	0.0	0.0	0.0
RF00966	73	12	SQUARNAs3u	0	26	1	0.0	0.0	0.0
RF00967	86	2	Rfam	0	31	0	0.0	1	0.0
RF00967	86	2	CentroidAlifold	0	27	0	0.0	1	0.0
RF00967	86	2	RNAalifold	0	30	0	0.0	1	0.0
RF00967	86	2	RscapeNested	0	30	0	0.0	1	0.0
RF00967	86	2	RscapeTotal	0	30	0	0.0	1	0.0
RF00967	86	2	SQUARNAs3u	0	34	0	0.0	1	0.0
RF00968	85	4	Rfam	0	31	0	0.0	1	0.0
RF00968	85	4	CentroidAlifold	0	12	0	0.0	1	0.0
RF00968	85	4	RNAalifold	0	21	0	0.0	1	0.0
RF00968	85	4	RscapeNested	0	18	0	0.0	1	0.0
RF00968	85	4	RscapeTotal	0	18	0	0.0	1	0.0
RF00968	85	4	SQUARNAs3u	0	28	0	0.0	1	0.0
RF00969	88	5	Rfam	0	33	0	0.0	1	0.0
RF00969	88	5	CentroidAlifold	0	33	0	0.0	1	0.0
RF00969	88	5	RNAalifold	0	33	0	0.0	1	0.0
RF00969	88	5	RscapeNested	0	33	0	0.0	1	0.0
RF00969	88	5	RscapeTotal	0	33	0	0.0	1	0.0
RF00969	88	5	SQUARNAs3u	0	34	0	0.0	1	0.0
RF00970	94	3	Rfam	0	28	0	0.0	1	0.0
RF00970	94	3	CentroidAlifold	0	17	0	0.0	1	0.0
RF00970	94	3	RNAalifold	0	28	0	0.0	1	0.0
RF00970	94	3	RscapeNested	0	27	0	0.0	1	0.0
RF00970	94	3	RscapeTotal	0	27	0	0.0	1	0.0
RF00970	94	3	SQUARNAs3u	0	26	0	0.0	1	0.0
RF00971	84	3	Rfam	0	36	2	0.0	0.0	0.0
RF00971	84	3	CentroidAlifold	0	32	2	0.0	0.0	0.0
RF00971	84	3	RNAalifold	0	36	2	0.0	0.0	0.0
RF00971	84	3	RscapeNested	0	33	2	0.0	0.0	0.0
RF00971	84	3	RscapeTotal	0	33	2	0.0	0.0	0.0
RF00971	84	3	SQUARNAs3u	0	37	2	0.0	0.0	0.0
RF00972	97	4	Rfam	0	34	0	0.0	1	0.0
RF00972	97	4	CentroidAlifold	0	32	0	0.0	1	0.0
RF00972	97	4	RNAalifold	0	33	0	0.0	1	0.0
RF00972	97	4	RscapeNested	0	35	0	0.0	1	0.0
RF00972	97	4	RscapeTotal	0	35	0	0.0	1	0.0
RF00972	97	4	SQUARNAs3u	0	36	0	0.0	1	0.0
RF00973	101	4	Rfam	0	32	0	0.0	1	0.0
RF00973	101	4	CentroidAlifold	0	11	0	0.0	1	0.0
RF00973	101	4	RNAalifold	0	27	0	0.0	1	0.0
RF00973	101	4	RscapeNested	0	21	0	0.0	1	0.0
RF00973	101	4	RscapeTotal	0	21	0	0.0	1	0.0
RF00973	101	4	SQUARNAs3u	0	30	0	0.0	1	0.0
RF00974	91	2	Rfam	0	42	0	0.0	1	0.0
RF00974	91	2	CentroidAlifold	0	41	0	0.0	1	0.0
RF00974	91	2	RNAalifold	0	41	0	0.0	1	0.0
RF00974	91	2	RscapeNested	0	42	0	0.0	1	0.0
RF00974	91	2	RscapeTotal	0	42	0	0.0	1	0.0
RF00974	91	2	SQUARNAs3u	0	42	0	0.0	1	0.0
RF00975	131	2	Rfam	0	30	0	0.0	1	0.0
RF00975	131	2	CentroidAlifold	0	26	0	0.0	1	0.0
RF00975	131	2	RNAalifold	0	30	0	0.0	1	0.0
RF00975	131	2	RscapeNested	0	28	0	0.0	1	0.0
RF00975	131	2	RscapeTotal	0	28	0	0.0	1	0.0
RF00975	131	2	SQUARNAs3u	0	41	0	0.0	1	0.0
RF00976	75	3	Rfam	0	26	1	0.0	0.0	0.0
RF00976	75	3	CentroidAlifold	0	25	1	0.0	0.0	0.0
RF00976	75	3	RNAalifold	0	28	1	0.0	0.0	0.0
RF00976	75	3	RscapeNested	0	25	1	0.0	0.0	0.0
RF00976	75	3	RscapeTotal	0	25	1	0.0	0.0	0.0
RF00976	75	3	SQUARNAs3u	0	28	1	0.0	0.0	0.0
RF00977	80	4	Rfam	0	27	0	0.0	1	0.0
RF00977	80	4	CentroidAlifold	0	18	0	0.0	1	0.0
RF00977	80	4	RNAalifold	0	25	0	0.0	1	0.0
RF00977	80	4	RscapeNested	0	23	0	0.0	1	0.0
RF00977	80	4	RscapeTotal	0	23	0	0.0	1	0.0
RF00977	80	4	SQUARNAs3u	0	26	0	0.0	1	0.0
RF00978	103	6	Rfam	0	22	0	0.0	1	0.0
RF00978	103	6	CentroidAlifold	0	26	0	0.0	1	0.0
RF00978	103	6	RNAalifold	0	33	0	0.0	1	0.0
RF00978	103	6	RscapeNested	0	27	0	0.0	1	0.0
RF00978	103	6	RscapeTotal	0	27	0	0.0	1	0.0
RF00978	103	6	SQUARNAs3u	0	26	0	0.0	1	0.0
RF00979	62	4	Rfam	0	25	0	0.0	1	0.0
RF00979	62	4	CentroidAlifold	0	20	0	0.0	1	0.0
RF00979	62	4	RNAalifold	0	24	0	0.0	1	0.0
RF00979	62	4	RscapeNested	0	18	0	0.0	1	0.0
RF00979	62	4	RscapeTotal	0	18	0	0.0	1	0.0
RF00979	62	4	SQUARNAs3u	0	19	0	0.0	1	0.0
RF00980	97	2	Rfam	0	31	0	0.0	1	0.0
RF00980	97	2	CentroidAlifold	0	30	0	0.0	1	0.0
RF00980	97	2	RNAalifold	0	29	0	0.0	1	0.0
RF00980	97	2	RscapeNested	0	35	0	0.0	1	0.0
RF00980	97	2	RscapeTotal	0	35	0	0.0	1	0.0
RF00980	97	2	SQUARNAs3u	0	45	0	0.0	1	0.0
RF00981	83	4	Rfam	0	32	0	0.0	1	0.0
RF00981	83	4	CentroidAlifold	0	33	0	0.0	1	0.0
RF00981	83	4	RNAalifold	0	32	0	0.0	1	0.0
RF00981	83	4	RscapeNested	0	30	0	0.0	1	0.0
RF00981	83	4	RscapeTotal	0	30	0	0.0	1	0.0
RF00981	83	4	SQUARNAs3u	0	28	0	0.0	1	0.0
RF00983	96	14	Rfam	0	35	0	0.0	1	0.0
RF00983	96	14	CentroidAlifold	0	11	0	0.0	1	0.0
RF00983	96	14	RNAalifold	0	26	0	0.0	1	0.0
RF00983	96	14	RscapeNested	0	26	0	0.0	1	0.0
RF00983	96	14	RscapeTotal	0	26	0	0.0	1	0.0
RF00983	96	14	SQUARNAs3u	0	35	0	0.0	1	0.0
RF00984	90	4	Rfam	0	37	0	0.0	1	0.0
RF00984	90	4	CentroidAlifold	0	36	0	0.0	1	0.0
RF00984	90	4	RNAalifold	0	36	0	0.0	1	0.0
RF00984	90	4	RscapeNested	0	35	0	0.0	1	0.0
RF00984	90	4	RscapeTotal	0	35	0	0.0	1	0.0
RF00984	90	4	SQUARNAs3u	0	35	0	0.0	1	0.0
RF00985	89	4	Rfam	0	31	0	0.0	1	0.0
RF00985	89	4	CentroidAlifold	0	30	0	0.0	1	0.0
RF00985	89	4	RNAalifold	0	31	0	0.0	1	0.0
RF00985	89	4	RscapeNested	0	30	0	0.0	1	0.0
RF00985	89	4	RscapeTotal	0	30	0	0.0	1	0.0
RF00985	89	4	SQUARNAs3u	0	33	0	0.0	1	0.0
RF00986	75	4	Rfam	0	23	0	0.0	1	0.0
RF00986	75	4	CentroidAlifold	0	14	0	0.0	1	0.0
RF00986	75	4	RNAalifold	0	23	0	0.0	1	0.0
RF00986	75	4	RscapeNested	0	18	0	0.0	1	0.0
RF00986	75	4	RscapeTotal	0	18	0	0.0	1	0.0
RF00986	75	4	SQUARNAs3u	0	24	0	0.0	1	0.0
RF00987	97	6	Rfam	0	32	0	0.0	1	0.0
RF00987	97	6	CentroidAlifold	0	30	0	0.0	1	0.0
RF00987	97	6	RNAalifold	0	32	0	0.0	1	0.0
RF00987	97	6	RscapeNested	0	31	0	0.0	1	0.0
RF00987	97	6	RscapeTotal	0	31	0	0.0	1	0.0
RF00987	97	6	SQUARNAs3u	0	35	0	0.0	1	0.0
RF00988	86	3	Rfam	0	30	0	0.0	1	0.0
RF00988	86	3	CentroidAlifold	0	30	0	0.0	1	0.0
RF00988	86	3	RNAalifold	0	30	0	0.0	1	0.0
RF00988	86	3	RscapeNested	0	28	0	0.0	1	0.0
RF00988	86	3	RscapeTotal	0	28	0	0.0	1	0.0
RF00988	86	3	SQUARNAs3u	0	32	0	0.0	1	0.0
RF00989	118	14	Rfam	0	32	0	0.0	1	0.0
RF00989	118	14	CentroidAlifold	0	6	0	0.0	1	0.0
RF00989	118	14	RNAalifold	0	20	0	0.0	1	0.0
RF00989	118	14	RscapeNested	0	20	0	0.0	1	0.0
RF00989	118	14	RscapeTotal	0	20	0	0.0	1	0.0
RF00989	118	14	SQUARNAs3u	0	39	0	0.0	1	0.0
RF00990	96	2	Rfam	0	34	0	0.0	1	0.0
RF00990	96	2	CentroidAlifold	0	30	0	0.0	1	0.0
RF00990	96	2	RNAalifold	0	33	0	0.0	1	0.0
RF00990	96	2	RscapeNested	0	37	0	0.0	1	0.0
RF00990	96	2	RscapeTotal	0	37	0	0.0	1	0.0
RF00990	96	2	SQUARNAs3u	0	42	0	0.0	1	0.0
RF00991	96	11	Rfam	0	35	0	0.0	1	0.0
RF00991	96	11	CentroidAlifold	0	30	0	0.0	1	0.0
RF00991	96	11	RNAalifold	0	35	0	0.0	1	0.0
RF00991	96	11	RscapeNested	0	34	0	0.0	1	0.0
RF00991	96	11	RscapeTotal	0	34	0	0.0	1	0.0
RF00991	96	11	SQUARNAs3u	0	37	0	0.0	1	0.0
RF00992	100	4	Rfam	0	33	0	0.0	1	0.0
RF00992	100	4	CentroidAlifold	0	22	0	0.0	1	0.0
RF00992	100	4	RNAalifold	0	33	0	0.0	1	0.0
RF00992	100	4	RscapeNested	0	30	0	0.0	1	0.0
RF00992	100	4	RscapeTotal	0	30	0	0.0	1	0.0
RF00992	100	4	SQUARNAs3u	0	34	0	0.0	1	0.0
RF00993	80	2	Rfam	0	21	0	0.0	1	0.0
RF00993	80	2	CentroidAlifold	0	22	0	0.0	1	0.0
RF00993	80	2	RNAalifold	0	21	0	0.0	1	0.0
RF00993	80	2	RscapeNested	0	24	0	0.0	1	0.0
RF00993	80	2	RscapeTotal	0	24	0	0.0	1	0.0
RF00993	80	2	SQUARNAs3u	0	31	0	0.0	1	0.0
RF00994	74	10	Rfam	0	21	0	0.0	1	0.0
RF00994	74	10	CentroidAlifold	0	9	0	0.0	1	0.0
RF00994	74	10	RNAalifold	0	13	0	0.0	1	0.0
RF00994	74	10	RscapeNested	0	24	0	0.0	1	0.0
RF00994	74	10	RscapeTotal	0	24	0	0.0	1	0.0
RF00994	74	10	SQUARNAs3u	0	21	0	0.0	1	0.0
RF00995	100	3	Rfam	0	34	0	0.0	1	0.0
RF00995	100	3	CentroidAlifold	0	32	0	0.0	1	0.0
RF00995	100	3	RNAalifold	0	33	0	0.0	1	0.0
RF00995	100	3	RscapeNested	0	34	0	0.0	1	0.0
RF00995	100	3	RscapeTotal	0	34	0	0.0	1	0.0
RF00995	100	3	SQUARNAs3u	0	36	0	0.0	1	0.0
RF00996	75	6	Rfam	0	28	0	0.0	1	0.0
